url,label
https://3.in-addr.arpa,0
https://tenjin.com,0
https://home-assistant.io,0
https://hingeprod.net,0
https://qiniup.com,0
https://mts.ru,0
https://uchi.ru,0
https://kantimehealth.net,0
https://spamhaus.org,0
https://sfgate.com,0
https://oricon.co.jp,0
https://youronlinechoices.eu,0
https://nepremicnine.net,0
https://jpmorgan.com,0
https://expressen.se,0
https://webstaurantstore.com,0
https://libp2p.direct,0
https://chinanetcenter.com,0
https://northwesternmutual.com,0
https://bankrate.com,0
https://pearson.com,0
https://noon.com,0
https://ble.ir,0
https://valve.net,0
https://growcdnssedge.com,0
https://threatdown.com,0
https://charlestonroadregistry.com,0
https://awsdns-43.com,0
https://shopifyapps.com,0
https://buzzarab.com,0
https://mumsnet.com,0
https://aznude.com,0
https://registrar-servers.com,0
https://perplexity.ai,0
https://phpmyadmin.net,0
https://joker.com,0
https://xhsocial.com,0
https://bms.com,0
https://pcre.org,0
https://bobaedream.co.kr,0
https://iowa.gov,0
https://tuazar.com,0
https://eyeo.com,0
https://livescore.cz,0
https://awsdns-40.co.uk,0
https://myrostelecom.ru,0
https://d-net.pro,0
https://oath.com,0
https://missena.io,0
https://awsdns-09.net,0
https://dnsimple-edge.com,0
https://meetcircle-netgear.co,0
https://retailrocket.ru,0
https://ridibooks.com,0
https://note.com,0
https://tamilsexzone.com,0
https://www.gov.cn,0
https://okcdn.ru,0
https://hiddenvpn.ru,0
https://telecid.ru,0
https://liveball.sx,0
https://steamconnecttest.com,0
https://kitco.com,0
https://appsheet.com,0
https://chip.de,0
https://bstats.org,0
https://arstechnica.com,0
https://arabxn.sex,0
https://dyingbirds.com,0
https://remotepc.com,0
https://psdops.com,0
https://hanime.tv,0
https://kaltura.com,0
https://usvisa-info.com,0
https://asu.edu,0
https://qualys.com,0
https://publicnode.com,0
https://ioriveredge.net,0
https://turf-fr.com,0
https://hopto.org,0
https://microsoftapp.net,0
https://spanishdict.com,0
https://instacart.com,0
https://playstation.net,0
https://realtor.com,0
https://seriouseats.com,0
https://majordomo.ru,0
https://blogspot.ca,0
https://dyndns.tv,0
https://baifentan.com,0
https://steamstatic.com,0
https://threads.com,0
https://vox.com,0
https://capcutapi.com,0
https://kuiniuca.com,0
https://amazonvideo.com,0
https://sex-studentki.team,0
https://21cn.com,0
https://privacy.com.br,0
https://xbox.com,0
https://arduino.cc,0
https://wac-msedge.net,0
https://cornell.edu,0
https://gencat.cat,0
https://sndcdn.com,0
https://wixsite.com,0
https://ip-api.com,0
https://brand-display.com,0
https://roblox.com,0
https://dtkn.ru,0
https://telegra.ph,0
https://awsdns-23.com,0
https://umd.edu,0
https://365scores.com,0
https://mileroticos.com,0
https://nflxext.com,0
https://serverdata.net,0
https://moodle.org,0
https://vkvideo.ru,0
https://sardinasystems.com,0
https://awsdns-42.net,0
https://gate.com,0
https://imf.org,0
https://betway.co.za,0
https://dopa.go.th,0
https://iptv2022.com,0
https://bidster.net,0
https://nu.or.id,0
https://minhngoc.net.vn,0
https://nomura.co.jp,0
https://bytefcdn-oversea.com,0
https://digistorm.com,0
https://smaato.net,0
https://storysaver.net,0
https://bc.edu,0
https://docker.io,0
https://datagrail.io,0
https://lobstertube.com,0
https://sardine.ai,0
https://zerocdn.com,0
https://harpersbazaar.com,0
https://pbskids.org,0
https://sentinelone.net,0
https://asm.org,0
https://wishlink.com,0
https://xxvideos.video,0
https://rynekzdrowia.pl,0
https://ultradns.biz,0
https://sex.com,0
https://unimelb.edu.au,0
https://sparteo.com,0
https://time.com,0
https://fineartamerica.com,0
https://hopkinsmedicine.org,0
https://gnome.org,0
https://thalesgroup.com,0
https://dual-s-msedge.net,0
https://zeturf.fr,0
https://acs.org,0
https://fyber.com,0
https://bytegecko.com,0
https://daraz.pk,0
https://gitbook.com,0
https://ccgateway.net,0
https://quizlet.com,0
https://obihai.com,0
https://hoster.ru,0
https://studocu.com,0
https://janeapp.com,0
https://irs.gov,0
https://listdl.com,0
https://foreignaffairs.com,0
https://fareharbor.com,0
https://mindbodyonline.com,0
https://vietjack.com,0
https://lapalabradeldia.com,0
https://cronolog.org,0
https://ixxx.com,0
https://datezone.com,0
https://netscape.com,0
https://bustybus.com,0
https://topgirl.co,0
https://pornpics.de,0
https://yieldlove-ad-serving.net,0
https://pin.it,0
https://easy4ipcloud.com,0
https://discord.com,0
https://ispconfig.org,0
https://thedailybeast.com,0
https://comicbook.com,0
https://gscdn.com,0
https://imhentai.xxx,0
https://google.co.ao,0
https://blick.ch,0
https://pracuj.pl,0
https://europepmc.org,0
https://screenconnect.com,0
https://tjk.org,0
https://techradar.com,0
https://kenh14.vn,0
https://usatoday.com,0
https://conviva.com,0
https://wknd.ai,0
https://truper.com,0
https://galaxy-cdn.com,0
https://topdns.com,0
https://onlinepbx.ru,0
https://allahabadhighcourt.in,0
https://optimove.net,0
https://infobae.com,0
https://phpbb.com,0
https://nic.rs,0
https://athemes.com,0
https://awsdns-55.com,0
https://ruliweb.com,0
https://tuya.com,0
https://apdcdn.com,0
https://erome.com,0
https://yaeby.work,0
https://centurygame.com,0
https://weixinbridge.com,0
https://csis.org,0
https://opendsp.ru,0
https://5movierulz.navy,0
https://mtb.com,0
https://awsdns-45.co.uk,0
https://google.ie,0
https://1377x.to,0
https://163jiasu.com,0
https://ezvizru.com,0
https://franceinfo.fr,0
https://lefigaro.fr,0
https://gobid.co.za,0
https://sofascore.com,0
https://kisskh.do,0
https://convertkit.com,0
https://datto.com,0
https://sankei.com,0
https://the-sun.com,0
https://arubanetworks.com,0
https://uic.edu,0
https://loteriasyapuestas.es,0
https://digi24.ro,0
https://2o7.net,0
https://warthunder.com,0
https://connectad.io,0
https://gov.ru,0
https://nvms9000updates.su,0
https://hentaihaven.xxx,0
https://rocketmoney.dev,0
https://psychcentral.com,0
https://samsclub.com,0
https://akamaitechnologies.com,0
https://ioh.co.id,0
https://google.com.na,0
https://byteplusvod.com,0
https://hwg.org,0
https://awsdns-23.net,0
https://tuyaeu.com,0
https://awsdns-62.com,0
https://netcoresmartech.com,0
https://pornhat.one,0
https://druni.es,0
https://tendawifi.com,0
https://jav.guru,0
https://okx.com,0
https://jenkins.io,0
https://eredmenyek.com,0
https://sundaysky.com,0
https://tkmaxx.com,0
https://archive-it.group,0
https://locanto.org,0
https://usc.edu,0
https://viglink.com,0
https://sc-static.net,0
https://harvard.edu,0
https://ppomppu.co.kr,0
https://wix.com,0
https://autohome.com.cn,0
https://cnrs.fr,0
https://foxsports.com,0
https://urbandictionary.com,0
https://smartthings.com,0
https://google.is,0
https://verkada-lan.com,0
https://superuser.com,0
https://gta5-mods.com,0
https://shein.com.mx,0
https://google.com.lb,0
https://vu.edu.pk,0
https://spotifycdn.com,0
https://zdxcloud.net,0
https://jianshu.com,0
https://test.com,0
https://newsday.com,0
https://1cfresh.com,0
https://google.hn,0
https://super.cz,0
https://ivideon.com,0
https://azure-dns.info,0
https://starfall.com,0
https://athome.co.jp,0
https://deepl.com,0
https://simpcity.cr,0
https://pyrus.com,0
https://pku.edu.cn,0
https://newegg.com,0
https://counterpane.com,0
https://dler.org,0
https://lefrecce.it,0
https://shopch.jp,0
https://funinstar.com,0
https://visx.net,0
https://t-s1-msedge.net,0
https://page.link,0
https://golux.com,0
https://avto.net,0
https://qnap.com,0
https://mattel.com,0
https://hkjc.com,0
https://themegrill.com,0
https://stratoserver.net,0
https://6sc.co,0
https://udn.com,0
https://breitbart.com,0
https://newgrounds.com,0
https://cloudflaressl.com,0
https://classificadosx.net,0
https://thairath.co.th,0
https://wallapop.com,0
https://rentry.co,0
https://toyokeizai.net,0
https://tripadvisor.in,0
https://jaya9bangladesh.com,0
https://rudderstack.com,0
https://mofa.gov.sa,0
https://measureadv.com,0
https://ad-delivery.net,0
https://ovscdns.com,0
https://ziprecruiter.com,0
https://oxylabs.io,0
https://auappservice.com,0
https://caltech.edu,0
https://lbl.gov,0
https://ctolabperfstats.com,0
https://kustomerapp.com,0
https://ucoz.ru,0
https://xvideo.vlog.br,0
https://contentsquare.net,0
https://nebo.mobi,0
https://aa.com,0
https://ipcc.ch,0
https://awsdns-63.net,0
https://undertone.com,0
https://arte.tv,0
https://pm-serv.co,0
https://vnexpress.net,0
https://usabilla.com,0
https://squid-cache.org,0
https://bngf.ru,0
https://jfrog.io,0
https://dcinside.com,0
https://about.google,0
https://de-tencentclb.cloud,0
https://okta.com,0
https://xnhau.cx,0
https://ndmais.com.br,0
https://impactradius-event.com,0
https://crickexnow.com,0
https://jstor.org,0
https://smashingmagazine.com,0
https://topcinemaa.com,0
https://letelegramme.fr,0
https://azureserv.com,0
https://customer.io,0
https://mncdn.com,0
https://virtua.com.br,0
https://kontur.ru,0
https://playwekings.ru,0
https://ycombinator.com,0
https://notepad-plus-plus.org,0
https://shopeemobile.com,0
https://gorgias.chat,0
https://walmartimages.com,0
https://bidtheatre.com,0
https://acuityplatform.com,0
https://aruodas.lt,0
https://imgsmail.ru,0
https://apachetutor.org,0
https://rustdesk.com,0
https://vervegroupinc.net,0
https://comix.to,0
https://apartments.com,0
https://in.gr,0
https://google.sk,0
https://googlevideo.com,0
https://violity.com,0
https://milfporn.tv,0
https://horoscope.com,0
https://tcgplayer.com,0
https://ana.co.jp,0
https://360qhcdn.com,0
https://thesimsresource.com,0
https://suruga-ya.jp,0
https://snowflakecomputing.com,0
https://canon.com,0
https://kasserver.com,0
https://calameo.com,0
https://nist.gov,0
https://awsdns-29.com,0
https://falabella.com.pe,0
https://cpmstar.com,0
https://espn.com,0
https://charter.net,0
https://demon.co.uk,0
https://gmx.net,0
https://amazon.se,0
https://novell.com,0
https://miamiherald.com,0
https://dbankcloud.cn,0
https://academia.edu,0
https://lpga.or.jp,0
https://transsion-os.com,0
https://workdaysuv.com,0
https://mfms.ru,0
https://detran.sp.gov.br,0
https://bell-labs.com,0
https://moviesmod.farm,0
https://mynetname.net,0
https://sweb.ru,0
https://egov.uz,0
https://shonenjumpplus.com,0
https://cust-service.com,0
https://awsdns-51.net,0
https://blogspot.co.uk,0
https://recruit.co.jp,0
https://icio.us,0
https://yandexcloud.net,0
https://gcdn.co,0
https://pubnub.com,0
https://stylevana.com,0
https://vtb.ru,0
https://dichvucong.gov.vn,0
https://gpcloudservice.com,0
https://radissonhotels.com,0
https://xxxshame.com,0
https://psychologytoday.com,0
https://awsdns-45.com,0
https://destatis.de,0
https://ttvnw.net,0
https://mtrtb.com,0
https://centrastage.net,0
https://dnsmadeeasy.com,0
https://zdnscloud.biz,0
https://playmogo.com,0
https://atomile.com,0
https://dnse4.com,0
https://pandasecurity.com,0
https://westernunion.com,0
https://maxroll.gg,0
https://bibliaonline.com.br,0
https://service-public.gouv.fr,0
https://ilbe.com,0
https://ygles.com,0
https://nease.net,0
https://gnezdo.ru,0
https://crashlytics.com,0
https://er.ru,0
https://qcomgeo2.com,0
https://byteintlapi.com,0
https://thejeu.com,0
https://myon.com,0
https://loudecho.ai,0
https://forocoches.com,0
https://volcfcdndvs.com,0
https://litmarket.ru,0
https://asd.pics,0
https://igram.world,0
https://hosteurope.de,0
https://ggblueshark.com,0
https://judge.me,0
https://lexmark.com,0
https://eu-1-id5-sync.com,0
https://lequipe.fr,0
https://hdhub4u.limo,0
https://ietf.org,0
https://star4live.com,0
https://olx.in,0
https://tapad.com,0
https://playinjeet.com,0
https://meripehchaan.gov.in,0
https://tripadvisor.es,0
https://soundcloud.com,0
https://clarivate.com,0
https://heart.org,0
https://f-sos.net,0
https://infolinks.com,0
https://dpboss.boston,0
https://google.bt,0
https://service-now.com,0
https://uvic.ca,0
https://ndr.de,0
https://awsdns-16.com,0
https://appleinsider.com,0
https://hoodamath.com,0
https://duosecurity.com,0
https://hitta.se,0
https://jwpsrv.com,0
https://ibb.co,0
https://gq.com,0
https://dnsv4.com,0
https://5movierulz.forsale,0
https://free-reels.com,0
https://tplinkra.com,0
https://getepic.com,0
https://pozdravok.com,0
https://gslbnspk.ru,0
https://awsdns-11.net,0
https://ctripgslb.com,0
https://aiv-cdn.net,0
https://ichancy.com,0
https://app-analytics-services.com,0
https://teleport.media,0
https://letras.mus.br,0
https://dinotube.com,0
https://nic.kw,0
https://flashscore.com.br,0
https://feednews.com,0
https://saawsedge.com,0
https://realtor.ca,0
https://shodan.io,0
https://tomsguide.com,0
https://airee.ru,0
https://eb.mil.br,0
https://agenciatributaria.gob.es,0
https://patagonia.com,0
https://useinsider.com,0
https://stripchatgirls.com,0
https://wiley.com,0
https://wri.org,0
https://directnic.com,0
https://bmw.cloud,0
https://rusporn.vip,0
https://primis.tech,0
https://filmyzilla35.com,0
https://kwcdn.com,0
https://atlassian.com,0
https://adfox.ru,0
https://rit.edu,0
https://futbollibretv.su,0
https://ngrok.io,0
https://illinois.edu,0
https://cairn.info,0
https://ernet.in,0
https://wbs.legal,0
https://cricketwireless.com,0
https://pressreader.com,0
https://nationalreview.com,0
https://edna.ru,0
https://x.com,0
https://gdpr-info.eu,0
https://naturabuy.fr,0
https://adblockplus.org,0
https://trimble.com,0
https://ap4r.com,0
https://ns.ph,0
https://nofeu.com,0
https://jiomart.com,0
https://sony.com,0
https://starmakerstudios.com,0
https://awsdns-08.net,0
https://animeheaven.me,0
https://dtvce.com,0
https://hover.com,0
https://kayzen.io,0
https://google.be,0
https://huaweicloudwaf.com,0
https://polsatnews.pl,0
https://ivi.ru,0
https://amazon.dev,0
https://mailgun.net,0
https://dlink.com,0
https://politico.eu,0
https://bytegslb.com,0
https://google.co.mz,0
https://eeroup.com,0
https://sexallarab.com,0
https://americanbar.org,0
https://merchant-center-analytics.goog,0
https://iskur.gov.tr,0
https://awsdns-10.co.uk,0
https://ruso-turist.ru,0
https://yandex.net,0
https://wyndhamhotels.com,0
https://serasa.com.br,0
https://a2dns.com,0
https://pixlr.com,0
https://pantip.com,0
https://carnet.hr,0
https://met.no,0
https://loopia.se,0
https://stream-io-api.com,0
https://ovhnextmillmedia.com,0
https://ich-tanke.de,0
https://wellsfargo.com,0
https://nu.nl,0
https://iubenda.com,0
https://kzhi.tech,0
https://usemessages.com,0
https://simperium.com,0
https://dc-telemetry.net,0
https://sbicard.com,0
https://pinterest.co.uk,0
https://vercomicsporno.com,0
https://sudinfo.be,0
https://nic.xyz,0
https://ddnavi.com,0
https://ntv.ru,0
https://yandex.kz,0
https://ddd-smart.net,0
https://vidyard.com,0
https://mossru.com,0
https://nspk.ru,0
https://bugsnag.com,0
https://lu.se,0
https://lucky3357.com,0
https://ufl.edu,0
https://arabam.com,0
https://parliament.uk,0
https://goseries4k.com,0
https://liveinternet.ru,0
https://speedtestcustom.com,0
https://toyhou.se,0
https://kkstories.com,0
https://wondershare.com,0
https://kamigame.jp,0
https://britishairways.com,0
https://famethemes.com,0
https://nodacdn.net,0
https://pokemon.com,0
https://byteimg.com,0
https://fullcast.jp,0
https://gdatasecurity.de,0
https://windscribe.com,0
https://wirtgen-group.com,0
https://sprinklr.com,0
https://q4cdn.com,0
https://backtrace.io,0
https://algolianet.com,0
https://bingoplus.com,0
https://turbosquid.com,0
https://losandes.com.ar,0
https://mywot.com,0
https://photobucket.com,0
https://ldplayer.net,0
https://awsdns-42.co.uk,0
https://hostingradio.ru,0
https://govinfo.gov,0
https://vidoomy.com,0
https://atera.com,0
https://tripo3d.ai,0
https://tue.nl,0
https://steampowered.com,0
https://ssstik.io,0
https://sorrisi.com,0
https://kwimgs.com,0
https://punchng.com,0
https://imgur.com,0
https://kwaicdn.com,0
https://gofile.io,0
https://filmyzilla39.com,0
https://wunderground.com,0
https://google.cg,0
https://odnoklassniki.ru,0
https://prodregistryv2.org,0
https://hotmail.com,0
https://sciencedirect.com,0
https://gpstrackerforpets.com,0
https://mobiledokan.com,0
https://google.lt,0
https://indown.io,0
https://google.no,0
https://privacy-center.org,0
https://twstalker.com,0
https://hdporncomics.com,0
https://cia.gov,0
https://allegro.cz,0
https://t-bank-app.su,0
https://librus.pl,0
https://rostelecom.ru,0
https://girlschannel.net,0
https://fgov.be,0
https://qvc.jp,0
https://taya99aa.com,0
https://gegen-hartz.de,0
https://banki.ru,0
https://ondisk.co.kr,0
https://aspiredigital.cn,0
https://catchthemes.com,0
https://nationalarchives.gov.uk,0
https://rumble.com,0
https://capitaloneshopping.com,0
https://o2.pl,0
https://ssg.com,0
https://rbc.ru,0
https://truepeoplesearch.com,0
https://adition.com,0
https://resume.com,0
https://roeyecdn.com,0
https://impress.co.jp,0
https://shopee.com,0
https://eropuru.com,0
https://rezync.com,0
https://crazymaplestudios.com,0
https://uci.edu,0
https://jansatta.com,0
https://deere.com,0
https://imoim.net,0
https://enlightenment.org,0
https://classlink.com,0
https://sooplive.com,0
https://misspark.com,0
https://tuoitre.vn,0
https://towardsdatascience.com,0
https://vkplay.ru,0
https://growone.sg,0
https://pxf.io,0
https://radiopotok.ru,0
https://babesource.com,0
https://zend.com,0
https://mdr.de,0
https://a2hosting.com,0
https://siriusxm.com,0
https://benzinga.com,0
https://perfectgirls.xxx,0
https://dramaboxdb.com,0
https://chess.com,0
https://leggo.it,0
https://ajio.com,0
https://uiuc.edu,0
https://morningstar.com,0
https://clover.com,0
https://livescore.com,0
https://infor.pl,0
https://goraggio.com,0
https://staples.com,0
https://bitnami.com,0
https://toasttab.com,0
https://greylabeldelivery.com,0
https://limitlesstcg.com,0
https://smartinmate.com,0
https://browser-intake-us5-datadoghq.com,0
https://goo-net.com,0
https://cardgames.io,0
https://cbslocal.com,0
https://facebook.net,0
https://pstatp.com,0
https://bspb.ru,0
https://fabswingers.com,0
https://cbssports.com,0
https://cgg.gov.in,0
https://pwc.com,0
https://awsdns-59.net,0
https://redcdn.pl,0
https://isc.org,0
https://sinoptik.ua,0
https://technologyreview.com,0
https://metoffice.gov.uk,0
https://kettledroopingcontinuation.com,0
https://g4media.ro,0
https://waze.com,0
https://bhaskar.com,0
https://lto.gov.ph,0
https://newrepublic.com,0
https://partsouq.com,0
https://colostate.edu,0
https://game8.co,0
https://sena.edu.co,0
https://drpc.org,0
https://interno.gov.it,0
https://104.com.tw,0
https://poynter.org,0
https://dns-tm.com,0
https://cloudfront.net,0
https://awsdns-52.net,0
https://dbankcdn.com,0
https://mcafee.net,0
https://bkcdn.net,0
https://spov-msedge.net,0
https://nic.de,0
https://nta.nic.in,0
https://cdnstream1.com,0
https://ksyuncdn.com,0
https://tlivesdk.com,0
https://google.com.eg,0
https://airtrfx.com,0
https://google.ad,0
https://multiscreensite.com,0
https://securedvisit.com,0
https://ouest-france.fr,0
https://uakinogo.io,0
https://8888.porn,0
https://holadns.com,0
https://toast.com,0
https://tampabay.com,0
https://milliyet.com.tr,0
https://amx1.net,0
https://your-server.de,0
https://weatherspark.com,0
https://adobedc.net,0
https://quickconnect.to,0
https://internshala.com,0
https://awsdns-10.com,0
https://pagesix.com,0
https://24chasa.bg,0
https://oecd-ilibrary.org,0
https://feishu.cn,0
https://rkdms.com,0
https://tapclap.com,0
https://kamababax.com,0
https://newsbeast.gr,0
https://picsart.com,0
https://gamestop.com,0
https://google.co.vi,0
https://appcenter.ms,0
https://immobilienscout24.de,0
https://workspaceone.com,0
https://transmissionbt.com,0
https://betpawa.cd,0
https://imgflip.com,0
https://wsj.com,0
https://ameba.jp,0
https://mathtag.com,0
https://pcgamer.com,0
https://html5up.net,0
https://legacy.com,0
https://zdnscloud.cn,0
https://slackb.com,0
https://ezoicns.com,0
https://eghrmis.gov.my,0
https://cuny.edu,0
https://3xyaoi.com,0
https://awsdns-32.net,0
https://hs-scripts.com,0
https://videy.co,0
https://mariadb.org,0
https://vmailru.net,0
https://bradesco.com.br,0
https://uzporno.site,0
https://awsdns-01.com,0
https://braiiz.com,0
https://elephantbet.co.ao,0
https://sidrachain.com,0
https://amplifyapp.com,0
https://segment.io,0
https://e.leclerc,0
https://xn--69-6tia3cb.com,0
https://mercadolibre.cl,0
https://rae.es,0
https://venmo.com,0
https://royalbank.com,0
https://google.as,0
https://zscalertwo.net,0
https://exlibrisgroup.com,0
https://lis-skins.com,0
https://fanduel.com,0
https://fravega.com,0
https://tlivepush.com,0
https://pacloudflare.com,0
https://fastly-edge.com,0
https://mcafee.com,0
https://iucn.org,0
https://dynamicyield.com,0
https://naijaprey.tv,0
https://kion.ru,0
https://papercut.com,0
https://KwedothisallyearA.org,0
https://coursera.org,0
https://moviesda30.com,0
https://riotgames.com,0
https://mcr-msedge.net,0
https://calculator.net,0
https://mentalfloss.com,0
https://frhiys.com,0
https://liadm.com,0
https://dailymail.com,0
https://purdue.edu,0
https://srv53.net,0
https://appspot.com,0
https://over-blog.com,0
https://adswizz.com,0
https://coinmaster.com,0
https://dynadot.com,0
https://eclipse.org,0
https://emory.edu,0
https://hetzner.com,0
https://garant.ru,0
https://copyright.gov,0
https://expressvpn.com,0
https://mako.co.il,0
https://edmunds.com,0
https://awsdns-15.net,0
https://adnxs-simple.com,0
https://isnssdk.com,0
https://4kwallpapers.com,0
https://clients-cdnnow.ru,0
https://awsdns-57.com,0
https://paycomonline.net,0
https://ngs.ru,0
https://steptofsvo.com,0
https://bayer.com,0
https://sportfilm800.com,0
https://snaptik.app,0
https://ucdavis.edu,0
https://ouo.press,0
https://alamy.com,0
https://huaweicloud.com,0
https://ns1p.net,0
https://awsdns-36.co.uk,0
https://pki.goog,0
https://nykaafashion.com,0
https://krikya11.club,0
https://awsdns-46.com,0
https://theage.com.au,0
https://consultant.ru,0
https://djangoproject.com,0
https://spglobal.com,0
https://kcl.ac.uk,0
https://blackhub.team,0
https://laredoute.fr,0
https://cloudpath.live,0
https://fca.org.uk,0
https://weathernews.jp,0
https://myshopify.com,0
https://ifit.com,0
https://gnavi.co.jp,0
https://jma.go.jp,0
https://webshare.io,0
https://mythad.com,0
https://chichi-pui.com,0
https://bamboohr.com,0
https://ak-is2.net,0
https://vedcdnlb.com,0
https://ueiwsp.com,0
https://googledomains.com,0
https://google.fr,0
https://itu.int,0
https://pscp.tv,0
https://visualsoft.co.uk,0
https://msu.edu,0
https://lonelyplanet.com,0
https://haveibeenpwned.com,0
https://ipv4only.arpa,0
https://serverbid.com,0
https://gm.com,0
https://boutell.com,0
https://ml314.com,0
https://eyeota.net,0
https://windows.net,0
https://aylanetworks.com,0
https://eduvulcan.pl,0
https://jadwalnonton.com,0
https://casinoplus.com.ph,0
https://globalpay.com,0
https://ted.com,0
https://pla3.com,0
https://workman.jp,0
https://os-lb.com,0
https://seg-social.gob.es,0
https://network-auth.com,0
https://google.gy,0
https://heise.de,0
https://marriott.com,0
https://google.cf,0
https://2kcoretech.online,0
https://ono.com,0
https://umass.edu,0
https://slack-edge.com,0
https://google.ws,0
https://archive.is,0
https://navyfederal.org,0
https://doordash.com,0
https://mediafax.ro,0
https://tkc.co.jp,0
https://therealreal.com,0
https://crossthegame.com,0
https://adtarget.com.tr,0
https://wort-suchen.de,0
https://vidtrx.com,0
https://betway.co.mz,0
https://wolvden.com,0
https://google.com.do,0
https://slt.lk,0
https://ign.com,0
https://joongang.co.kr,0
https://awsdns-42.com,0
https://bluestacks.com,0
https://cymru.com,0
https://dnevno.hr,0
https://flashscore.fr,0
https://shuashuati.com,0
https://mgid.com,0
https://mps.gov.cn,0
https://bw9iawxl.com,0
https://spiceworks.com,0
https://babepedia.com,0
https://amazon.com.br,0
https://cloudwaysapps.com,0
https://uptodown.com,0
https://delhivery.com,0
https://upsdc.gov.in,0
https://e-volution.ai,0
https://hostgator.com,0
https://sophosxl.net,0
https://iinet.net.au,0
https://gdz-raketa.ru,0
https://opera-api2.com,0
https://sgvps.net,0
https://ibscorp.ru,0
https://samsungpass.com,0
https://xv-ru.com,0
https://vanityfair.com,0
https://pavietnam.vn,0
https://jooble.org,0
https://legislation.gov.uk,0
https://pubmnet.com,0
https://dawn.com,0
https://uni-erlangen.de,0
https://athletic.net,0
https://playerok.com,0
https://gog.com,0
https://hse.ru,0
https://onlinejobs.ph,0
https://perimeterx.net,0
https://imagemagick.org,0
https://funnyjunk.com,0
https://hackernoon.com,0
https://wikipedia.org,0
https://lenovo.com.cn,0
https://torn.com,0
https://domclick.ru,0
https://javgg.net,0
https://deviantart.net,0
https://telekom.hu,0
https://harman.com,0
https://getpostman.com,0
https://downringtone.com,0
https://dol.gov,0
https://bolt.eu,0
https://heytapdownload.com,0
https://dataprivacyframework.gov,0
https://qh-cdn.com,0
https://ttwstatic.com,0
https://xnhau.bet,0
https://blismedia.com,0
https://southernliving.com,0
https://caesars.com,0
https://ttoverseaus.net,0
https://hvg.hu,0
https://jhu.edu,0
https://tamu.edu,0
https://jalan.net,0
https://newlook.com,0
https://ardentnews.co.kr,0
https://bsclink.cn,0
https://queniuak.com,0
https://mql5.com,0
https://hubpages.com,0
https://h264.io,0
https://kumanga.com,0
https://3ds.com,0
https://ub.edu,0
https://webhostbox.net,0
https://dot.gov,0
https://julydns.com,0
https://epson.com,0
https://megapersonals.eu,0
https://hybrid.ai,0
https://salonboard.com,0
https://trassir.com,0
https://amxrtb.com,0
https://worldatlas.com,0
https://menards.com,0
https://xcal.tv,0
https://cylance.com,0
https://goldprice.org,0
https://sfile.co,0
https://listcrawler.eu,0
https://planfix.ru,0
https://googleapis.com,0
https://wireshark.org,0
https://spectrum.net,0
https://f95zone.to,0
https://bls.gov,0
https://unicef.org,0
https://naftemporiki.gr,0
https://xgx.mobi,0
https://verizonwireless.com,0
https://addtoany.com,0
https://adobestats.io,0
https://sportschau.de,0
https://bip.com,0
https://wordunscrambler.me,0
https://ancestry.com.au,0
https://codeplex.com,0
https://nobroker.in,0
https://kavak.com,0
https://gitbook.io,0
https://ipv6-test.com,0
https://aaplimg.com,0
https://microworkers.com,0
https://ilrestodelcarlino.it,0
https://fdating.com,0
https://nrw.de,0
https://siteimproveanalytics.io,0
https://stabletransit.com,0
https://smartcasttv.com,0
https://flashscore.pe,0
https://slideshare.net,0
https://google.dk,0
https://opera.com,0
https://larksuite.com,0
https://saksfifthavenue.com,0
https://ahajournals.org,0
https://zhqidown.cn,0
https://smartnews-ads.com,0
https://23.in-addr.arpa,0
https://otm-r.com,0
https://infomart.co.jp,0
https://trs-dns.org,0
https://maybank2u.com.my,0
https://datadoghq.com,0
https://haber7.com,0
https://zscaler.net,0
https://deezer.com,0
https://foodandwine.com,0
https://bbva.mx,0
https://brevo.com,0
https://cartacapital.com.br,0
https://novelfire.net,0
https://vip3.tr,0
https://swr.de,0
https://auth0edge.com,0
https://forebet.com,0
https://meteofor.com.ua,0
https://qwant.com,0
https://cartocdn.com,0
https://people.com.cn,0
https://ko-fi.com,0
https://libero.it,0
https://js7k.com,0
https://qzz.io,0
https://boingboing.net,0
https://pornozak.shop,0
https://olx.ua,0
https://igvita.com,0
https://therapservices.net,0
https://dominos.com,0
https://spring.io,0
https://iana.org,0
https://vayd.tr,0
https://gvt3.com,0
https://google.com.hk,0
https://vidgf.com,0
https://orf.at,0
https://glbimg.com,0
https://maze.co,0
https://betjili.live,0
https://ibm.com,0
https://whost-solutions.ru,0
https://atlassian.net,0
https://manhwaread.com,0
https://pomponik.pl,0
https://kobo.com,0
https://net.ru,0
https://sfmc-marketing.com,0
https://sport.cz,0
https://labs.google,0
https://x-x-x.tube,0
https://haproxy.org,0
https://navdmp.com,0
https://hentaifox.com,0
https://plausible.io,0
https://rule34.us,0
https://brandmetrics.com,0
https://tritondigital.com,0
https://vedsalb.com,0
https://bet9ja.com,0
https://tclking.com,0
https://elephantbet.co.mz,0
https://downloadpage.xyz,0
https://cell.com,0
https://79king1.com,0
https://chess-results.com,0
https://vercel.com,0
https://escort.club,0
https://iltalehti.fi,0
https://51job.com,0
https://airbus.com,0
https://soha.vn,0
https://mux.com,0
https://todorelatos.com,0
https://zijieapi.com,0
https://blockaway.net,0
https://google.co.th,0
https://tsyndicate.com,0
https://rainbird.com,0
https://bakusai.com,0
https://adzerk.net,0
https://ymcdn.org,0
https://ibytedtos.com,0
https://script.ac,0
https://todoist.com,0
https://wpsdns.com,0
https://tickettailor.com,0
https://agkn.com,0
https://ford.com,0
https://txlivecdn.com,0
https://mts-nn.ru,0
https://roskazna.ru,0
https://tate.org.uk,0
https://hubcloud.foo,0
https://miniclip.com,0
https://military.com,0
https://cbp.gov,0
https://digital.com,0
https://animeflv.net,0
https://chinamobile.com,0
https://media.net,0
https://tuasaude.com,0
https://defensx.com,0
https://gjacky.com,0
https://www.gov.pl,0
https://anrdoezrs.net,0
https://dynamic-dns.net,0
https://name-servers.gr,0
https://cf.lk,0
https://glamour.com,0
https://gn-dns.com,0
https://roche.com,0
https://schwaebische.de,0
https://wolfram.com,0
https://amazon.de,0
https://swishapps.ai,0
https://grammarly.io,0
https://coinmastergame.com,0
https://24ur.com,0
https://google.com.br,0
https://boardgamegeek.com,0
https://mlit.go.jp,0
https://centrum.cz,0
https://victoriassecret.com,0
https://namemc.com,0
https://fikfap.com,0
https://rax.io,0
https://successfactors.eu,0
https://blacktoon410.com,0
https://keydisk.ru,0
https://13.in-addr.arpa,0
https://rfi.fr,0
https://halodoc.com,0
https://a-ads.com,0
https://auth0.com,0
https://uky.edu,0
https://xnxx.com,0
https://narvar.com,0
https://planetwin365.it,0
https://procyclingstats.com,0
https://infura.io,0
https://sportybet.com,0
https://wsdvs.com,0
https://buffermotivatorsuffice.com,0
https://nytimes.com,0
https://name.com,0
https://turfomania.fr,0
https://boyuanhulian.com,0
https://morganstanley.com,0
https://ixigua.com,0
https://afrinic.net,0
https://honda.com,0
https://snapinsta.to,0
https://chavesnamao.com.br,0
https://bazos.cz,0
https://netvigator.com,0
https://samsungweather.com,0
https://qobuz.com,0
https://gambleaware.org,0
https://intercars.eu,0
https://archives.gov,0
https://zhihu.com,0
https://blackmagicdesign.com,0
https://feedburner.com,0
https://boat-lifestyle.com,0
https://gamespot.com,0
https://chime.aws,0
https://windguru.cz,0
https://lgtviot.com,0
https://spdns.de,0
https://google.am,0
https://box.com,0
https://gocache.net,0
https://abv.bg,0
https://ntp-fireos.com,0
https://misa.vn,0
https://umang.gov.in,0
https://vedantu.com,0
https://maryland.gov,0
https://brew.sh,0
https://homeoffice.gov.uk,0
https://frameo.net,0
https://amocrm.ru,0
https://royalsocietypublishing.org,0
https://uh.edu,0
https://doublelist.com,0
https://xiaohongshu.com,0
https://appdomain.cloud,0
https://cdnhwctnm107.com,0
https://cursor.sh,0
https://m.me,0
https://zynga.com,0
https://google.ht,0
https://juntadeandalucia.es,0
https://prreqcroab.icu,0
https://genius.com,0
https://avtub.net,0
https://getresponse.com,0
https://infogram.com,0
https://financialexpress.com,0
https://mo.gov,0
https://jang.com.pk,0
https://nme.com,0
https://sahibinden.com,0
https://workers.dev,0
https://bhg.com,0
https://saya.pk,0
https://matrix.org,0
https://lavanguardia.com,0
https://kolesa.kz,0
https://synology.me,0
https://uni-kiel.de,0
https://activision.com,0
https://bigo.sg,0
https://solopornoitaliani.xxx,0
https://klikbca.com,0
https://awsdns-28.com,0
https://virginmedia.com,0
https://ttdns2.com,0
https://msi.com,0
https://centos.org,0
https://ftstatic.com,0
https://l3net.works,0
https://steamunlocked.org,0
https://azurewebsites.net,0
https://wall-box.com,0
https://wpeproxy.com,0
https://preply.com,0
https://uni-stuttgart.de,0
https://ttdns3.com,0
https://degruyter.com,0
https://baltimoresun.com,0
https://cimri.com,0
https://bluesystem.me,0
https://aidcgroup.net,0
https://appsflyersdk.com,0
https://mailchimp.com,0
https://sky.it,0
https://internet-measurement.com,0
https://bluecava.com,0
https://darkero.com,0
https://mhverifier.ru,0
https://hobbylobby.com,0
https://clickagy.com,0
https://totalcasino.pl,0
https://mercantilbanco.com,0
https://choicehotels.com,0
https://agenteimmobiliare.info,0
https://xhaccess.com,0
https://jwpcdn.com,0
https://aiscore.com,0
https://hqporner.com,0
https://poste.it,0
https://leroymerlin.fr,0
https://libramemoria.com,0
https://fws.gov,0
https://p-cdn.us,0
https://lifo.gr,0
https://felenasoft.com,0
https://fortnitetracker.com,0
https://revcontent.com,0
https://omtrdc.net,0
https://energy.gov,0
https://susercontent.com,0
https://adevarul.ro,0
https://watchguard.com,0
https://lacuerda.net,0
https://curalate.com,0
https://aka.ms,0
https://home.pl,0
https://expiredwixdomain.com,0
https://jecontacte.com,0
https://groupon.com,0
https://issuu.com,0
https://dafiti.com.br,0
https://tecnomat.it,0
https://sportinglife.com,0
https://avkuy.com,0
https://animepahe.pw,0
https://maynoe.com,0
https://casalemedia.com,0
https://digicert.cn,0
https://bedrock.tech,0
https://myhentaicomics.com,0
https://ensighten.com,0
https://nus.edu.sg,0
https://libertaddigital.com,0
https://xnxx-ru.com,0
https://azure-api.net,0
https://jamb.gov.ng,0
https://ushmm.org,0
https://awsdns-47.net,0
https://rainberrytv.com,0
https://codedish.co,0
https://navy.mil,0
https://goodnotes.com,0
https://hihonorcloud.com,0
https://t-msedge.net,0
https://telkomsel.com,0
https://xfinity.com,0
https://edublogs.org,0
https://fao.org,0
https://wdr.de,0
https://geoedge.be,0
https://proofpoint.com,0
https://caixa.gov.br,0
https://ingresso.com,0
https://booth.pm,0
https://flashscore.pl,0
https://daum.net,0
https://trueconf.com,0
https://madeiramadeira.com.br,0
https://blueapron.com,0
https://mangadex.org,0
https://hath.network,0
https://mirror.co.uk,0
https://x.ai,0
https://xhamster45.desi,0
https://aftonbladet.se,0
https://evergage.com,0
https://google.li,0
https://lazada.com.ph,0
https://sportpesa.com,0
https://branch.io,0
https://405kk.com,0
https://dbankedge.cn,0
https://ed.gov,0
https://popularmechanics.com,0
https://messenger.com,0
https://16personalities.com,0
https://nr-data.net,0
https://onthemarket.com,0
https://syncingbridge.com,0
https://streamabc.link,0
https://supabase.co,0
https://blikk.hu,0
https://brdtnet.com,0
https://digikey.com,0
https://dm.de,0
https://orange.pl,0
https://zimbra.com,0
https://sarkariresult.com.cm,0
https://tesla.services,0
https://ugr.es,0
https://akamaixbc.net,0
https://ryanair.com,0
https://ads-twitter.com,0
https://filezilla-project.org,0
https://1filmyfly.top,0
https://awsdns-12.com,0
https://arvancdn.ir,0
https://caniuse.com,0
https://creditmutuel.fr,0
https://opera-api.com,0
https://hku.hk,0
https://box.net,0
https://weplayapp.com,0
https://nextcloud.com,0
https://stamped.io,0
https://hasznaltauto.hu,0
https://itch.io,0
https://amazon.it,0
https://webex.com,0
https://bdtelemetry.amazon,0
https://ekitan.com,0
https://newcastle.edu.au,0
https://paypalobjects.com,0
https://anteldata.com.uy,0
https://nbcnews.com,0
https://dontworry.su,0
https://mattermost.com,0
https://byteeffecttos-g.com,0
https://opensea.io,0
https://thousandeyes.com,0
https://tv3.lt,0
https://google.com.ni,0
https://meta.ai,0
https://singtelchina.cn,0
https://okjds8z.com,0
https://aliyuncsslbintl.com,0
https://neal.fun,0
https://nationalacademies.org,0
https://macrumors.com,0
https://dns.eu,0
https://jcplatform.dev,0
https://kiabi.com,0
https://tacobell.com,0
https://shorttv.live,0
https://ks-live.com,0
https://fmb.la,0
https://bnf.fr,0
https://emojicombos.com,0
https://researchgate.net,0
https://google.dj,0
https://xnxx-arabic.com,0
https://yximgs.com,0
https://salon.com,0
https://intergient.com,0
https://privacy-mgmt.com,0
https://starbucks.com,0
https://your-storagebox.de,0
https://ct.gov,0
https://cbse.gov.in,0
https://vivoglobal.com,0
https://dbankcloud.ru,0
https://canalturf.com,0
https://nxp.com,0
https://ilsole24ore.com,0
https://sophosupd.com,0
https://firetvcaptiveportal.com,0
https://ezydomain.com,0
https://royaleapi.com,0
https://kbz0pwvxmv.com,0
https://xhopen.com,0
https://forbes.com,0
https://farlightgames.com,0
https://goal7.co,0
https://ukr.net,0
https://jin115.com,0
https://delegaciondelgobierno.gob.es,0
https://awsdns-11.com,0
https://my-best.com,0
https://backblazeb2.com,0
https://amazon.pl,0
https://typingerz.com,0
https://iscorp.com,0
https://pushwoosh.com,0
https://phys.org,0
https://gdz.ru,0
https://consumerfinance.gov,0
https://nexthink.cloud,0
https://onegg.site,0
https://qianxun.com,0
https://kampyle.com,0
https://serveriai.lt,0
https://protek.ru,0
https://blackrock.com,0
https://talent.com,0
https://parismatch.com,0
https://railyatri.in,0
https://hltv.org,0
https://luxuretv.com,0
https://tpgi.com.au,0
https://outbrainimg.com,0
https://minhngoc.net,0
https://lidl.it,0
https://redtube.com.br,0
https://tenten.vn,0
https://ghostery.com,0
https://fb.me,0
https://inaccuracy.net,0
https://dagbladet.no,0
https://tradedoubler.com,0
https://edgedns-tm.info,0
https://mossfast.com,0
https://triplinkintl.com,0
https://menshealth.com,0
https://unesco.org,0
https://yoast.com,0
https://eagllwin.com,0
https://casio.com,0
https://adstk.io,0
https://adobe.io,0
https://music-name-servers.com,0
https://wfp.org,0
https://realtimetrains.co.uk,0
https://tum.de,0
https://yt2mp3.sc,0
https://batch.com,0
https://xnxx-cdn.com,0
https://mcusercontent.com,0
https://sportskeeda.com,0
https://wordpress.com,0
https://pstatic.net,0
https://helpguide.org,0
https://instagram.com,0
https://tplinkcloud.com,0
https://michigan.gov,0
https://sex-studentki.sale,0
https://artstation.com,0
https://zd-dns.com,0
https://bussimulator.id,0
https://rr.com,0
https://novavexis.com,0
https://69shuba.com,0
https://ovhcloud.com,0
https://manchestereveningnews.co.uk,0
https://swagbucks.com,0
https://disneyplus.com,0
https://intentiq.com,0
https://hbomax.com,0
https://gsmarena.com,0
https://ncl.ac.uk,0
https://nflxso.net,0
https://weatherkit.net,0
https://9gag.com,0
https://tiket.com,0
https://dittoparty.com,0
https://google.com.sg,0
https://argentina.gob.ar,0
https://serverwatch.com,0
https://utah.gov,0
https://capsrution.com,0
https://n8n.io,0
https://getredo.com,0
https://nextdns.io,0
https://123-hds.com,0
https://pagalnew.com,0
https://ipecho.net,0
https://xnalgas.com,0
https://hentaila.tv,0
https://pinklion.io,0
https://xxxpostpic.org,0
https://fc2.com,0
https://vzbi.com,0
https://googlecode.com,0
https://afilias-nst.org,0
https://mossturbo.com,0
https://nordstrom.com,0
https://ventraip.net.au,0
https://mongodb.net,0
https://betpawa.ug,0
https://drogasil.com.br,0
https://cdnhwc3.com,0
https://pulse.qa,0
https://mixpanel.com,0
https://claro.net.br,0
https://bids.ws,0
https://anlian.co,0
https://lel.asia,0
https://distintas.net,0
https://rylmtch.com,0
https://arenascan.com,0
https://steamserver.net,0
https://googleusercontent.com,0
https://pornolandia.xxx,0
https://ubereats.com,0
https://mgts.ru,0
https://linklist.bio,0
https://boomtrain.com,0
https://cfr.org,0
https://criteo.net,0
https://veikkaus.fi,0
https://tmobile-digital.com,0
https://rawstory.com,0
https://norton.com,0
https://yandex.uz,0
https://klook.com,0
https://adspend.space,0
https://sitescout.com,0
https://sueddeutsche.de,0
https://battle.net,0
https://nhtsa.gov,0
https://madisoft.it,0
https://yuga.ru,0
https://go.dev,0
https://itemmania.com,0
https://tynt.com,0
https://ansa.it,0
https://kyoto-u.ac.jp,0
https://un.org,0
https://5movierulz.camera,0
https://sex-masry.com,0
https://storiesig.info,0
https://miwifi.com,0
https://wordstream.com,0
https://rezultati.com,0
https://ndmdhs.com,0
https://evo-games.com,0
https://sascdn.com,0
https://timeout.com,0
https://hdtube.porn,0
https://moe.gov.sa,0
https://opendns.com,0
https://volkswagen.de,0
https://freewebnovel.com,0
https://investopedia.com,0
https://winbuzz.org,0
https://minecraftskins.com,0
https://usbank.com,0
https://google.co.ke,0
https://netflix.com,0
https://nhk.or.jp,0
https://bookshop.org,0
https://ruidongcloud.com,0
https://ucoz.net,0
https://imo.im,0
https://aol.de,0
https://syndigo.com,0
https://mxpnl.com,0
https://vkuser.net,0
https://airasia.com,0
https://adnxs.net,0
https://discord.gg,0
https://oneindia.com,0
https://coca-cola.com,0
https://2mdn.net,0
https://amazon-adsystem.com,0
https://prtimes.jp,0
https://about.com,0
https://wsj.net,0
https://odoo.com,0
https://mass.gov,0
https://dropboxapi.com,0
https://search-sprint.com,0
https://odibets.com,0
https://nordkurier.de,0
https://bootstrapmade.com,0
https://sellvir.com,0
https://eskimi.com,0
https://avminox.com,0
https://parklogic.com,0
https://ilo.org,0
https://whatsapp.com,0
https://wpzoom.com,0
https://javsek.net,0
https://dallasnews.com,0
https://xhpingcdn.com,0
https://wps.com,0
https://corsair.com,0
https://nasa.gov,0
https://collinsdictionary.com,0
https://google.com.tw,0
https://rackspaceclouddb.com,0
https://fstr.rocks,0
https://aljazeera.com,0
https://classdojo.com,0
https://hs.fi,0
https://mediago.io,0
https://thawte.com,0
https://dondominio.com,0
https://bitrix.info,0
https://bcg.com,0
https://net.hr,0
https://bybit.com,0
https://xvideosbr.blog,0
https://feedly.com,0
https://s-cloud.fi,0
https://researchnow.com,0
https://netfirms.com,0
https://iherb.com,0
https://awsdns-26.com,0
https://bmj.com,0
https://aistrm.net,0
https://beian.gov.cn,0
https://oem.com.mx,0
https://kurir.rs,0
https://e2ro.com,0
https://zol.com.cn,0
https://protonmail.ch,0
https://claude.ai,0
https://futbol-libre.su,0
https://smartclip.net,0
https://flixcdn.com,0
https://awsdns-36.com,0
https://rebrand.ly,0
https://bp.com,0
https://ecuabet.com,0
https://parallels.com,0
https://chinatimes.com,0
https://nova.rs,0
https://bigcartel.com,0
https://mangaread.org,0
https://myinstants.com,0
https://jimdofree.com,0
https://beeg.porn,0
https://telegraaf.nl,0
https://gamebanana.com,0
https://awsdns-02.net,0
https://brother.com,0
https://ropro.io,0
https://findagrave.com,0
https://trendmicro.com,0
https://google.com.sb,0
https://gpb.ru,0
https://mcgill.ca,0
https://panasonic.com,0
https://egais.ru,0
https://mixcloud.com,0
https://europapress.es,0
https://hola.com,0
https://sketchup.com,0
https://movetv.com,0
https://pullcf.com,0
https://cachefly.net,0
https://clinicaltrials.gov,0
https://meti.go.jp,0
https://grofer.io,0
https://webengage.com,0
https://aps.org,0
https://venturebeat.com,0
https://imageshack.us,0
https://ustream.tv,0
https://tiktokpangle-cdn-us.com,0
https://cvte.com,0
https://handelsblatt.com,0
https://klix.ba,0
https://sattamatkadpboss.mobi,0
https://fanatics.com,0
https://espn.com.mx,0
https://xdate.ch,0
https://nzherald.co.nz,0
https://sageone.co.za,0
https://clevelandclinic.org,0
https://namebright.com,0
https://zjcdn.com,0
https://clicktripz.com,0
https://nmrodam.com,0
https://aerlingus.com,0
https://dns.jp,0
https://mango.com,0
https://office.net,0
https://hentaiz.bot,0
https://wustl.edu,0
https://finalfantasyxiv.com,0
https://ladies.de,0
https://indiatimes.com,0
https://google.com.kh,0
https://wistia.net,0
https://dreammail.jp,0
https://xxx-sex.one,0
https://dnse0.com,0
https://eksisozluk.com,0
https://sinoptik.bg,0
https://qualtrics.com,0
https://destentor.nl,0
https://laravel-news.com,0
https://medlineplus.gov,0
https://mercadopago.com.br,0
https://livecamrips.to,0
https://archiveofourown.gay,0
https://qorno.com,0
https://appdynamics.com,0
https://ydparty02.net,0
https://bendingspoons.com,0
https://op.gg,0
https://samsungknox.com,0
https://altervista.org,0
https://skyscanner.it,0
https://psu.edu,0
https://betmexico.mx,0
https://bplslb.com,0
https://zefoy.com,0
https://trs-dns.com,0
https://dns.cn,0
https://nydailynews.com,0
https://test-uz.ru,0
https://iqzonertb.live,0
https://costco.ca,0
https://robin-flow.com,0
https://awsdns-38.net,0
https://awsdns-44.net,0
https://meteomedia.com,0
https://cognitivlabs.com,0
https://ria.ru,0
https://mohfw.gov.in,0
https://dnsowl.com,0
https://blacknight.com,0
https://aditude.io,0
https://intuit.com,0
https://hpcl.co.in,0
https://name-services.com,0
https://3bmeteo.com,0
https://voximplant.com,0
https://forbes.ru,0
https://undp.org,0
https://winline.ru,0
https://nhl.com,0
https://ad-score.com,0
https://statsig.com,0
https://google.md,0
https://band.us,0
https://afafb.com,0
https://app-measurement.com,0
https://mouser.com,0
https://hookspf.com,0
https://davivienda.com,0
https://premierbet.com,0
https://google.hu,0
https://iu.edu,0
https://site.com,0
https://volcgtm.com,0
https://lekton.io,0
https://awsdns-34.net,0
https://mygaru.com,0
https://tn.com.ar,0
https://daily.co.jp,0
https://google.gr,0
https://verkada.com,0
https://illuminateed.com,0
https://iliad.it,0
https://politico.com,0
https://sbs.com.au,0
https://ksord.com,0
https://palmettostatearmory.com,0
https://finanzen.net,0
https://akc.org,0
https://infojobs.net,0
https://fotmob.com,0
https://quad9.net,0
https://cntv.cn,0
https://publico.pt,0
https://spotify.com,0
https://emirates.com,0
https://bysex.click,0
https://qq.com,0
https://lexpress.fr,0
https://afr.com,0
https://creativethemes.com,0
https://epfindia.gov.in,0
https://immowelt.de,0
https://grafana.net,0
https://kingoftime.jp,0
https://rusvideos.app,0
https://alchemy.com,0
https://bootstrapcdn.com,0
https://ladsp.com,0
https://wi.gov,0
https://fap-guru.pro,0
https://oreilly.com,0
https://copilot.com,0
https://zdassets.com,0
https://cdnfonts.com,0
https://fotostrana.ru,0
https://getcomposer.org,0
https://sf.net,0
https://bounceexchange.com,0
https://hotebonytube.com,0
https://rapid7.com,0
https://gamma.app,0
https://hicloudcam.com,0
https://nel.goog,0
https://braze.eu,0
https://kinescopecdn.net,0
https://gdt.gov.vn,0
https://rand.org,0
https://xkcd.com,0
https://xxxramenshopfun.lol,0
https://mackolik.com,0
https://doubleverify.com,0
https://ultipro.com,0
https://elevenlabs.io,0
https://nielsencollections.com,0
https://assetsconfigcdn.org,0
https://joinmastodon.org,0
https://2cnt.net,0
https://comcast.net,0
https://veed.io,0
https://admatic.de,0
https://tp-link.com,0
https://uw.edu,0
https://southwest.com,0
https://sendgrid.com,0
https://akadns88.net,0
https://vide.la,0
https://healthline.com,0
https://b2c.com,0
https://stipepay.com,0
https://nickfinder.com,0
https://appboy.com,0
https://redtube.com,0
https://oanda.com,0
https://porno666.nl,0
https://adnkronos.com,0
https://blog.google,0
https://substack.com,0
https://filesdl.top,0
https://ximalaya.com,0
https://google.com.mm,0
https://micasino.com,0
https://paysafecard.com,0
https://uspto.gov,0
https://xx1t.com,0
https://net22.cc,0
https://dns.google,0
https://flashscore.co,0
https://sc-gw.com,0
https://fortinet.net,0
https://raptive.com,0
https://wetransfer.net,0
https://xbox-dns.ru,0
https://moloco.com,0
https://speed-manga.net,0
https://proximus.be,0
https://cdnbasket.net,0
https://therange.co.uk,0
https://mindbox.ru,0
https://nih.gov,0
https://apkpure.com,0
https://likeevideo.ru,0
https://royalroad.com,0
https://blogspot.com.es,0
https://picrew.me,0
https://jsdelivr.net,0
https://cashify.in,0
https://badoo.com,0
https://chunichi.co.jp,0
https://oregonstate.edu,0
https://google.com.af,0
https://belta.by,0
https://imssms.org,0
https://arlo.com,0
https://imolive2.com,0
https://ipredictive.com,0
https://epey.com,0
https://profi.ru,0
https://ricta.org.rw,0
https://meteored.mx,0
https://fakt.pl,0
https://porsche.com,0
https://india.com,0
https://spot.im,0
https://sng.link,0
https://a.co,0
https://syndicatedsearch.goog,0
https://optum.com,0
https://spreaker.com,0
https://google.cz,0
https://zdnscloud.info,0
https://bytens.net,0
https://tv9telugu.com,0
https://mysql.com,0
https://rug.nl,0
https://aditude.cloud,0
https://fotocasa.es,0
https://tamildhool.tech,0
https://web.dev,0
https://wp.com,0
https://assertcom.de,0
https://wpscdn.com,0
https://google.com.mx,0
https://springer.com,0
https://joyn.de,0
https://donga.com,0
https://congobet.net,0
https://wnacg.com,0
https://desikahani2.net,0
https://tucows.com,0
https://abc.es,0
https://google.com.ag,0
https://stirileprotv.ro,0
https://twilio.com,0
https://zearn.org,0
https://50union.com,0
https://tal.com,0
https://google.co.ve,0
https://tandfonline.com,0
https://javtiful.com,0
https://demonii.com,0
https://google.com.om,0
https://aeroflot.ru,0
https://googleadservices.com,0
https://miibeian.gov.cn,0
https://netis.cc,0
https://nabu.casa,0
https://wowhead.com,0
https://sling.com,0
https://economictimes.com,0
https://bling.com.br,0
https://manualslib.com,0
https://hcaptcha.com,0
https://uc.cn,0
https://toolmatrix.plus,0
https://adglare.net,0
https://statista.com,0
https://yorku.ca,0
https://ce.cn,0
https://gmail.com,0
https://anker-in.com,0
https://sagepub.com,0
https://rusoska.biz,0
https://anker.com,0
https://blogs.com,0
https://elcinema.com,0
https://abovedomains.com,0
https://mangago.me,0
https://gigya.com,0
https://webaim.org,0
https://idnscloud.com,0
https://openssp.ru,0
https://theblowers.com,0
https://cimanow.cc,0
https://awsdns-08.co.uk,0
https://fon.bet,0
https://spaggiari.eu,0
https://walkme.com,0
https://es.io,0
https://copper6.com,0
https://aoneroom.com,0
https://wired.co.uk,0
https://p-world.co.jp,0
https://azbyka.ru,0
https://usp.br,0
https://confirmtkt.com,0
https://awsdns-20.com,0
https://orangedata.ru,0
https://filmyzilla37.com,0
https://science.org,0
https://bfmtv.com,0
https://dw.com,0
https://gotchamall.com,0
https://office365.us,0
https://twtrdns.net,0
https://bpigagtm.com,0
https://bscscan.com,0
https://fastclick.net,0
https://clouddatahub.net,0
https://foxnews.com,0
https://otto.de,0
https://iso.ch,0
https://ig.com,0
https://sanity.io,0
https://falconnet.app,0
https://hitomi.la,0
https://apa.org,0
https://aizhantj.com,0
https://academy.com,0
https://gopro.com,0
https://getcourse.ru,0
https://autogidas.lt,0
https://awsdns-02.com,0
https://growthbook.io,0
https://xn--3-nyf3aak0c.net,0
https://alibabacorp.com,0
https://usgovcloud.microsoft,0
https://zetaglobal.io,0
https://outbrain.com,0
https://sfu.ca,0
https://az24.vn,0
https://carrierzone.com,0
https://otzovik.com,0
https://ticketmaster.com,0
https://sciencemag.org,0
https://getgrass.io,0
https://malwarebytes.com,0
https://toongod.org,0
https://dmm.com,0
https://n-able.com,0
https://mfadsrvr.com,0
https://kunlunhuf.com,0
https://aws-prd.net,0
https://cloudflare.com,0
https://1und1.de,0
https://rackspace.com,0
https://case-battle.red,0
https://arin.net,0
https://anzu-us.com,0
https://transip.eu,0
https://cloudbackup.management,0
https://orange.mg,0
https://gutenberg.org,0
https://c-span.org,0
https://getty.edu,0
https://google.co.id,0
https://cameraprive.com,0
https://abb.com,0
https://google.com.ec,0
https://lsrelayaccess.com,0
https://kunmanga.com,0
https://usf.edu,0
https://investing.com,0
https://purl.org,0
https://amazon.es,0
https://windy.com,0
https://licindia.in,0
https://cctv.com,0
https://gamesradar.com,0
https://riyasewana.com,0
https://sina.com,0
https://linode.com,0
https://kuaishou.com,0
https://mihanwebhost.com,0
https://htsc.com,0
https://cookiebot.com,0
https://bodis.com,0
https://linkmake.in,0
https://coppel.com,0
https://bartleby.com,0
https://kanamic.net,0
https://winner.bet,0
https://iionads.com,0
https://php.net,0
https://mjedge.net,0
https://telekom.net,0
https://gyazo.com,0
https://cuhk.edu.hk,0
https://elvebredd.com,0
https://xvideos2.com,0
https://utah.edu,0
https://fullxh.com,0
https://primevideo.com,0
https://npmjs.org,0
https://google.sc,0
https://donedeal.ie,0
https://wandera.com,0
https://netnod.se,0
https://custhelp.com,0
https://linkedin.com,0
https://trip.com,0
https://l.ink,0
https://mediavine.com,0
https://skyroom.online,0
https://tailscale.com,0
https://l-tike.com,0
https://chinacloudapi.cn,0
https://tportal.hr,0
https://bizimhesap.com,0
https://awsdns-13.net,0
https://hereapi.com,0
https://prefeitura.sp.gov.br,0
https://bcv.org.ve,0
https://tu-dresden.de,0
https://moviesda19.com,0
https://satta-king-fast.com,0
https://thoughtco.com,0
https://portaldasfinancas.gov.pt,0
https://tapatalk.com,0
https://yougov.com,0
https://google.la,0
https://ghostery.net,0
https://samsungads.com,0
https://fool.com,0
https://futurism.com,0
https://litres.ru,0
https://nelomanga.net,0
https://salesforceliveagent.com,0
https://strato.de,0
https://stroyserviceru.ru,0
https://em.com.br,0
https://news.cn,0
https://t-ipconnect.de,0
https://donmai.us,0
https://detik.com,0
https://ultradns.com,0
https://wa.link,0
https://1digitech.com,0
https://snplow.net,0
https://sharepoint.com,0
https://zalando.nl,0
https://xpaja.net,0
https://cnbcindonesia.com,0
https://brainyquote.com,0
https://kdocs.cn,0
https://papy.co.jp,0
https://ikman.lk,0
https://queniukw.com,0
https://queniuck.com,0
https://baidu.com,0
https://pixels.com,0
https://casa.it,0
https://ntppool.org,0
https://us.org,0
https://accor.com,0
https://antena3.ro,0
https://ouraring.com,0
https://wpscdn.cn,0
https://businessinsider.com.pl,0
https://ladbrokes.com,0
https://huffingtonpost.com,0
https://torproject.org,0
https://localytics.com,0
https://adingo.jp,0
https://boyfriend.tv,0
https://acoustic-adm.com,0
https://dochord.com,0
https://signalr.net,0
https://thenounproject.com,0
https://cyon.ch,0
https://fut.gg,0
https://garmin.com,0
https://sss.gov.ph,0
https://gendai.media,0
https://id.me,0
https://tvp.pl,0
https://admatic.com.tr,0
https://dropboxstatic.com,0
https://google.co.zm,0
https://goethe.de,0
https://brightcloud.com,0
https://championat.com,0
https://media-amazon.com,0
https://fbcdn.net,0
https://hootsuite.com,0
https://almasryalyoum.com,0
https://google.com.ua,0
https://thisisdax.com,0
https://r2.dev,0
https://awsdns-36.net,0
https://jiosaavn.com,0
https://ou.edu,0
https://cnn.com,0
https://kemkes.go.id,0
https://wonporn.com,0
https://scientificamerican.com,0
https://checkpoint.com,0
https://playtika.com,0
https://united.com,0
https://steamrip.com,0
https://opecloud.com,0
https://aeolservice.es,0
https://slashdot.org,0
https://nike.com,0
https://yupmanga.com,0
https://folieporno.fr,0
https://bleacherreport.com,0
https://elfinanciero.com.mx,0
https://ctfassets.net,0
https://demandware.net,0
https://mystrikingly.com,0
https://betclic.ci,0
https://foreca.fi,0
https://samsungpositioning.com,0
https://cosme.net,0
https://teepublic.com,0
https://hentai20.io,0
https://fantia.jp,0
https://census.gov.in,0
https://eapteka.ru,0
https://google.so,0
https://allthefallen.moe,0
https://obi.de,0
https://cityu.edu.hk,0
https://sedo.com,0
https://atom.com,0
https://vidazoo.services,0
https://novel543.com,0
https://google.com.fj,0
https://ky.gov,0
https://uwaterloo.ca,0
https://bio.site,0
https://pipedrive.com,0
https://duke.edu,0
https://adjarabet.am,0
https://elcorreo.com,0
https://paytm.com,0
https://asurahosting.com,0
https://packetsdk.io,0
https://c6gj-static.net,0
https://voskhod.ru,0
https://vdyel.com,0
https://mlookalporno.com,0
https://awsdns-62.net,0
https://one.com,0
https://awsdns-22.com,0
https://carwale.com,0
https://reclameaqui.com.br,0
https://wisc.edu,0
https://adultfriendfinder.com,0
https://bilicdn1.com,0
https://apple-dns.cn,0
https://laodong.vn,0
https://keibalab.jp,0
https://tilda.ws,0
https://espn.com.br,0
https://abc.net.au,0
https://eroprofile.com,0
https://amazon.co.za,0
https://bestialitysextaboo.net,0
https://kayak.com,0
https://rhinternal.net,0
https://systemdns.com,0
https://allegro.com,0
https://miro.com,0
https://nikkeibp.co.jp,0
https://hotjar.com,0
https://fiverr.com,0
https://mp4moviez.ad,0
https://reverso.net,0
https://sinsay.com,0
https://turkiye.gov.tr,0
https://scirp.org,0
https://garenanow.com,0
https://aryion.com,0
https://ixigo.com,0
https://signifyd.com,0
https://msu.ru,0
https://cdn-website.com,0
https://iz.ru,0
https://district.in,0
https://uppcl.org,0
https://arcgis.com,0
https://huanqiu.com,0
https://goxh.today,0
https://mirtesen.ru,0
https://deine-tierwelt.de,0
https://service-public.fr,0
https://aadrm.com,0
https://muni.cz,0
https://xsmn.mobi,0
https://aemet.es,0
https://sleepycat.com,0
https://pp.ru,0
https://fabguys.com,0
https://tass.ru,0
https://utraff.com,0
https://xe.com,0
https://telephony.goog,0
https://pitc.com.pk,0
https://ixdzs.tw,0
https://zuimeitianqi.com,0
https://indiewire.com,0
https://leparisien.fr,0
https://msk.ru,0
https://networklinks.space,0
https://algolia.net,0
https://bdydns.com,0
https://nexon.com,0
https://cults3d.com,0
https://su89-cdn.net,0
https://mobilegamestats.com,0
https://farfetch.com,0
https://webdav.org,0
https://thewrap.com,0
https://squarespacedns.com,0
https://axis.com,0
https://arabshentai.com,0
https://wurl.com,0
https://lura.live,0
https://thesun.co.uk,0
https://pluxee.app,0
https://en-thunderscans.com,0
https://speedtest.net,0
https://mozilla.net,0
https://gala.fr,0
https://zoho.eu,0
https://telangana.gov.in,0
https://iponweb.net,0
https://videonow.ru,0
https://google-analytics.com,0
https://hbo.com,0
https://celtra.com,0
https://ulta.com,0
https://ingentaconnect.com,0
https://minecraftservices.com,0
https://hochi.news,0
https://ntv.com.tr,0
https://1rpc.io,0
https://georgetown.edu,0
https://samsungcloudsolution.net,0
https://oantagonista.com.br,0
https://vivo.com.cn,0
https://best-hit.tv,0
https://unc.edu,0
https://lgtvsdp.com,0
https://asahi.com,0
https://hotmart.com,0
https://cvent.com,0
https://lazada.co.th,0
https://repocket.com,0
https://codebig2.net,0
https://anonymised.io,0
https://raiplay.it,0
https://dnsexit.com,0
https://moppy.jp,0
https://hackaday.com,0
https://5movierulz.capital,0
https://gs.com,0
https://bezeq.co.il,0
https://tenable.com,0
https://immoweb.be,0
https://ztomy.com,0
https://npr.org,0
https://zapimoveis.com.br,0
https://apnews.com,0
https://cygwin.com,0
https://google.com.mt,0
https://example.com,0
https://tripod.com,0
https://nielsen.com,0
https://libsyn.com,0
https://ohio.gov,0
https://rapidssl.com,0
https://nowtv.com.tr,0
https://nintendo.com,0
https://match.com,0
https://ubs.com,0
https://oregonlive.com,0
https://mxptint.net,0
https://sspnet.tech,0
https://dzeninfra.ru,0
https://gazzetta.gr,0
https://go.com,0
https://ttlivecdn.com,0
https://br.de,0
https://hdlowstream.com,0
https://rt.ru,0
https://awsdns-07.net,0
https://meoodata01.com,0
https://google.co.jp,0
https://eltiempo.com,0
https://p-bandai.jp,0
https://mediarithmics.com,0
https://euractiv.com,0
https://tidal.com,0
https://cloudflare.net,0
https://ut.ac.id,0
https://sofifa.com,0
https://disney.com,0
https://rediff.com,0
https://nrc.nl,0
https://wipo.int,0
https://24videos.space,0
https://goo.gl,0
https://mathworks.com,0
https://comfy.ua,0
https://ncore.pro,0
https://chron.com,0
https://18.in-addr.arpa,0
https://google.co.cr,0
https://mongabay.com,0
https://voanews.com,0
https://onlinekhabar.com,0
https://xvideos3.com,0
https://flaticon.com,0
https://vodafone.com.tr,0
https://aaa.com,0
https://justgiving.com,0
https://bqsex.com,0
https://google.com.pr,0
https://cdnbuild.net,0
https://zg-api.com,0
https://bpcl.in,0
https://motherjones.com,0
https://indeed.com,0
https://nishinippon.co.jp,0
https://buienradar.nl,0
https://twkan.com,0
https://defense.gov,0
https://tranche.finance,0
https://p6sai.com,0
https://medicare.gov,0
https://istockphoto.com,0
https://neon.tech,0
https://realme.com,0
https://akstat.io,0
https://uchile.cl,0
https://bestjavporn.com,0
https://wpguardian.io,0
https://westerndigital.com,0
https://drugs.com,0
https://rncdn7.com,0
https://freeporno.xxx,0
https://googletagmanager.com,0
https://telcel.com,0
https://salthasher.com,0
https://carvana.com,0
https://cntraveler.com,0
https://shop.app,0
https://mercurynews.com,0
https://president.jp,0
https://boatrace.jp,0
https://catsonictp.com,0
https://record.pt,0
https://scrabblewordfinder.org,0
https://abcp.ru,0
https://tukif.porn,0
https://bitrix24.ru,0
https://bytedns3.com,0
https://animanch.com,0
https://totogaming.am,0
https://verizon.net,0
https://piwik.pro,0
https://fliphtml5.com,0
https://mbga.jp,0
https://wto.org,0
https://gitea.com,0
https://netcologne.de,0
https://arubainstanton.com,0
https://c212.net,0
https://clarin.com,0
https://medtronic.com,0
https://nmas.com.mx,0
https://ohio-state.edu,0
https://ambito.com,0
https://news-img.site,0
https://value-domain.com,0
https://wireguard.com,0
https://techspot.com,0
https://exponea.com,0
https://sketchfab.com,0
https://xlxx2.com,0
https://bk6bba-resources.com,0
https://kubernetes.io,0
https://akamaihd.net,0
https://mamtpo.com,0
https://runwayml.com,0
https://theintercept.com,0
https://skokka.com,0
https://kwaipros.com,0
https://54.in-addr.arpa,0
https://prf.hn,0
https://penguinrandomhouse.com,0
https://mookie1.com,0
https://eventbrite.co.uk,0
https://allaboutcookies.org,0
https://pornpics.com,0
https://thepoizon.ru,0
https://pokemondb.net,0
https://ekatox.com,0
https://volces.com,0
https://richaudience.com,0
https://splunkdev.net,0
https://pipopay.com,0
https://admin.ch,0
https://doxygen.nl,0
https://my-personaltrainer.it,0
https://osha.gov,0
https://webmd.com,0
https://windowscentral.com,0
https://hdhub4u.fo,0
https://pangle.io,0
https://coxautoinc.com,0
https://zebra.com,0
https://coupang.com,0
https://ukdevilz.com,0
https://oxfordjournals.org,0
https://indiadafa.com,0
https://tensorflow.org,0
https://rightmove.co.uk,0
https://claudeusercontent.com,0
https://adtrafficquality.google,0
https://change.org,0
https://google.com,0
https://myip.link,0
https://axa.com,0
https://ss.lv,0
https://dreamhost.com,0
https://openai.com,0
https://pex.jp,0
https://kaspersky-labs.com,0
https://wiki.gg,0
https://tunein.com,0
https://qlivecdn.com,0
https://allegro.hu,0
https://ors.at,0
https://vivo.com,0
https://google.com.sv,0
https://mpg.de,0
https://tiktokv.eu,0
https://philips.com,0
https://litix.io,0
https://xhonline.blog,0
https://foursquare.com,0
https://ssllabs.com,0
https://house.gov,0
https://nic.uk,0
https://megatv.com,0
https://sinajs.cn,0
https://google.com.bh,0
https://nottingham.ac.uk,0
https://mmechocaptiveportal.com,0
https://sport-express.ru,0
https://sendgrid.net,0
https://rian.ru,0
https://freep.com,0
https://rezka.ag,0
https://strpst.com,0
https://awsdns-53.co.uk,0
https://musescore.com,0
https://ext-twitch.tv,0
https://filmyfly.cafe,0
https://cleanmasterguru.online,0
https://stackdns.com,0
https://njavtv.com,0
https://microsoft.com,0
https://saasexch.com,0
https://metroopinion.com,0
https://sheinindia.in,0
https://bergfex.at,0
https://awsdns-55.co.uk,0
https://computrabajo.com,0
https://reserved.com,0
https://greenhouse.io,0
https://qwen.ai,0
https://microsoftazuread-sso.com,0
https://callofduty.com,0
https://awsdns-03.net,0
https://megafon.ru,0
https://mangatown.com,0
https://thenkiri.com,0
https://thisvid.com,0
https://officestation.jp,0
https://trueconf.net,0
https://confluent.cloud,0
https://crealitycloud.com,0
https://main.jp,0
https://samsungconsent.com,0
https://movieffm.net,0
https://sakshi.com,0
https://kqbd.mobi,0
https://inmotionhosting.com,0
https://palm.tech,0
https://nukistream.com,0
https://diabetes.org,0
https://kff.org,0
https://bizjournals.com,0
https://tailwindcss.com,0
https://2ch2.net,0
https://dbankcdn.cn,0
https://gimkit.com,0
https://userreport.com,0
https://hepsiburada.com,0
https://ovscdns.net,0
https://anjuke.com,0
https://mailerlite.com,0
https://fanatik.com.tr,0
https://seznamzpravy.cz,0
https://scoop.it,0
https://cve.org,0
https://fdownloader.net,0
https://jdwel.com,0
https://yad2.co.il,0
https://wal-mart.com,0
https://cookielaw.org,0
https://sunrise.ch,0
https://sexvid.xxx,0
https://dssedge.com,0
https://wantgoo.com,0
https://dropmms.com,0
https://sportbox.ru,0
https://tbs.co.jp,0
https://livehindustan.com,0
https://yodobashi.com,0
https://ameblo.jp,0
https://google.ge,0
https://typingtest.com,0
https://pippio.com,0
https://adobess.com,0
https://marketwatch.com,0
https://kameleoon.eu,0
https://ghcr.io,0
https://awsdns-23.co.uk,0
https://zdbb.net,0
https://faceit.com,0
https://tdatamaster.com,0
https://springeropen.com,0
https://google.cl,0
https://1e100.net,0
https://capgemini.com,0
https://sendinblue.com,0
https://japanet.co.jp,0
https://haplat.net,0
https://health.com,0
https://animeshentai.biz,0
https://vine.co,0
https://wa.gov,0
https://msecnd.net,0
https://awsdns-17.com,0
https://seattletimes.com,0
https://dicrotin.com,0
https://ves.io,0
https://thunderbird.net,0
https://gcash.com,0
https://mydnspt.net,0
https://iol.co.za,0
https://pxltag.com,0
https://wo-cloud.com,0
https://zalando.it,0
https://costco.com,0
https://gwfb.net,0
https://w3schools.com,0
https://gemidos.tv,0
https://inmarsat.com,0
https://sandai.net,0
https://detroitnews.com,0
https://dantri.com.vn,0
https://gmoregistry.net,0
https://awsapprunner.com,0
https://stubhub.com,0
https://nazwa.pl,0
https://perl.org,0
https://thesaurus.com,0
https://savvis.net,0
https://servidoresdns.net,0
https://word.tips,0
https://zpath.net,0
https://chatgpt.com,0
https://abcnews.com,0
https://wanadoo.fr,0
https://gosexpod.com,0
https://publi24.ro,0
https://leavenworth-net.com,0
https://dbs.com,0
https://fansly.com,0
https://zdnet.com,0
https://huntress.io,0
https://kameleoon.io,0
https://sfr.net,0
https://asp.net,0
https://splunk.com,0
https://reg.ru,0
https://lavoixdunord.fr,0
https://goldapple.ru,0
https://gandi-ns.fr,0
https://mercadolibre.com.ar,0
https://dord.gov.in,0
https://homedepot.com,0
https://google.dm,0
https://ualberta.ca,0
https://exelator.com,0
https://videa.hu,0
https://skechers.com,0
https://devline.tv,0
https://teletype.in,0
https://discord.media,0
https://xhname.com,0
https://csmonitor.com,0
https://livescore.mobi,0
https://unmsapp.com,0
https://bokepnoz.in,0
https://proxytg.ink,0
https://terra.com.br,0
https://mk.ru,0
https://awsdns-12.co.uk,0
https://turn.com,0
https://freesexkahani.com,0
https://truist.com,0
https://cxense.com,0
https://abema.tv,0
https://xossipy.com,0
https://archive-digger.com,0
https://msftconnecttest.com,0
https://nic.video,0
https://svc.ms,0
https://arabxn.com,0
https://azure-dns.com,0
https://douyincdn.com,0
https://app-analytics-services-att.com,0
https://coindesk.com,0
https://chinatax.gov.cn,0
https://tpd-soe.com,0
https://exitlag.net,0
https://poolbinance.com,0
https://taoa.com,0
https://eyemedvisioncare.com,0
https://peacocktv.com,0
https://pardot.com,0
https://euronews.com,0
https://samsungmobile.com,0
https://espncdn.com,0
https://awsdns-20.co.uk,0
https://mozgcp.net,0
https://iea.org,0
https://10jqka.com.cn,0
https://habr.com,0
https://eenadu.net,0
https://cisf.gov.in,0
https://ketchcdn.com,0
https://ktrmr.com,0
https://gsxt.gov.cn,0
https://mcldns.com,0
https://cdn20.com,0
https://triunfobet.com,0
https://bitdefender.net,0
https://ada.support,0
https://kaiserpermanente.org,0
https://awsdns-16.co.uk,0
https://ggpolarbear.com,0
https://awsdns-11.co.uk,0
https://jquery.com,0
https://jivox.com,0
https://jutarnji.hr,0
https://gamifyspace.com,0
https://thunderturtle.io,0
https://freejobalert.com,0
https://4chan.org,0
https://inc.com,0
https://desibf.com,0
https://rixengine.com,0
https://nic.io,0
https://safebrowsing.apple,0
https://onlamp.com,0
https://xnxx.health,0
https://ureca-lab.com,0
https://bouncex.net,0
https://anydesk.com,0
https://reverbnation.com,0
https://zephr.com,0
https://contaboserver.net,0
https://ntu.edu.tw,0
https://daisonet.com,0
https://survicate.com,0
https://agoda.com,0
https://up-manga.com,0
https://nintendo.net,0
https://nrich.ai,0
https://inleed.net,0
https://mp4moviez.fan,0
https://sbxh1.com,0
https://jimdo.com,0
https://mofcom.gov.cn,0
https://allen.in,0
https://bbc.co.uk,0
https://sony.net,0
https://mangosip.ru,0
https://printercloud.com,0
https://ntv.co.jp,0
https://tk0x1.com,0
https://otempo.com.br,0
https://fmkorea.com,0
https://heytapdl.com,0
https://intersport.fr,0
https://glorioushop.com,0
https://mobilefuse.com,0
https://bibliaon.com,0
https://servenobid.com,0
https://kinsta.cloud,0
https://dailyinnovation.biz,0
https://zedge.net,0
https://trustindex.io,0
https://sumup.com,0
https://wired.com,0
https://blend.school,0
https://magonet.ru,0
https://masteredu.ai,0
https://adguard.com,0
https://sendbird.com,0
https://crex.com,0
https://vseinstrumenti.ru,0
https://playstation.com,0
https://smilewanted.com,0
https://zalando.de,0
https://vseosvita.ua,0
https://awsdns-05.com,0
https://reson8.com,0
https://scholastic.com,0
https://nip.io,0
https://vonedge.com,0
https://liverpool.com.mx,0
https://adweek.com,0
https://ozone.ru,0
https://vanguard.com,0
https://petsmart.com,0
https://automattic.com,0
https://vatanbilgisayar.com,0
https://pnc.com,0
https://edgekey.net,0
https://3m.com,0
https://maersk.com,0
https://pangea.cloud,0
https://rackcdn.com,0
https://livestream.com,0
https://ddnsfree.com,0
https://pndsn.com,0
https://pruffme.com,0
https://liftoff.io,0
https://meitudata.com,0
https://market-qx.trade,0
https://myoas.net,0
https://outboundproxy.com,0
https://ponta.jp,0
https://news18.com,0
https://fragrantica.com,0
https://sex6x.com,0
https://paypal.com,0
https://licdn.com,0
https://bandsintown.com,0
https://snssdk.com,0
https://buyma.com,0
https://line-apps.com,0
https://gihc.net,0
https://livechat.com,0
https://ravelry.com,0
https://ticktick.com,0
https://upwork.com,0
https://komect.com,0
https://showroomprive.com,0
https://anwap.today,0
https://24.hu,0
https://nguoiquansat.vn,0
https://virtualbox.org,0
https://wwd.com,0
https://crn77.com,0
https://cnbc.com,0
https://namirial.it,0
https://libreoffice.org,0
https://bmwgroup.com,0
https://xhfuck.com,0
https://pexels.com,0
https://packagist.org,0
https://akahost.net,0
https://34.in-addr.arpa,0
https://wyze.com,0
https://spaceweb.ru,0
https://imgsrc.ru,0
https://cdnhwchcg02.com,0
https://avcdn.net,0
https://pananames.com,0
https://straitstimes.com,0
https://galaxydata.ru,0
https://tesco.com,0
https://nipr.mil,0
https://idealista.pt,0
https://tsn.ua,0
https://metropoles.com,0
https://svt.se,0
https://bitly.com,0
https://shopee.io,0
https://ddizi.im,0
https://weatherbug.net,0
https://cernet.net,0
https://awsdns-52.co.uk,0
https://monster.es,0
https://palmplaystore.com,0
https://parkingcrew.net,0
https://skyhigh.cloud,0
https://codmwest.com,0
https://google.com.ph,0
https://wordreference.com,0
https://caliente.mx,0
https://aajtak.in,0
https://sexemodel.com,0
https://joom.com,0
https://andbeyond.media,0
https://annunci69.it,0
https://cloudfunctions.net,0
https://walmart.com.mx,0
https://gays-cruising.com,0
https://miniclippt.com,0
https://turbo.az,0
https://servicewebly.com,0
https://bankier.pl,0
https://vodafone.pt,0
https://awsdns-33.com,0
https://adhigh.net,0
https://real.com,0
https://hessen.de,0
https://vtex.com,0
https://google.com.sl,0
https://myherbalife.com,0
https://ksyun.com,0
https://gestiondecuenta.com,0
https://canlidoviz.com,0
https://nestle.com,0
https://imagemagick.com,0
https://indianoil.in,0
https://awsdns-25.net,0
https://heylink.me,0
https://netcraze.net,0
https://proxysite.com,0
https://microad.jp,0
https://emaktab.uz,0
https://gayporntube.com,0
https://teamviewer.com,0
https://mullvad.net,0
https://vinted.com,0
https://tumbex.com,0
https://goto.com,0
https://startappservice.com,0
https://dezeen.com,0
https://businesswire.com,0
https://betano.bet.ar,0
https://safety.google,0
https://heraldo.es,0
https://pnas.org,0
https://supportview.com,0
https://rateyourmusic.com,0
https://mobiuspace.net,0
https://freebsd.org,0
https://nikkei225jp.com,0
https://bocongan.gov.vn,0
https://asos.com,0
https://litgorod.ru,0
https://maticooads.com,0
https://happymh.com,0
https://ui-dns.com,0
https://zhangle.com,0
https://zepto.co.in,0
https://anota.ai,0
https://tenki.jp,0
https://hscollectedforms.net,0
https://g.co,0
https://uga.edu,0
https://iaea.org,0
https://dnse1.com,0
https://cdn-apple.com,0
https://i993.com,0
https://acesso.gov.br,0
https://haberler.com,0
https://oray.com,0
https://atbmarket.com,0
https://kinnser.net,0
https://aol.com,0
https://zebawy.com,0
https://speakerdeck.com,0
https://virgilio.it,0
https://jiveip.net,0
https://sxyprn.net,0
https://bytelb.net,0
https://withings.net,0
https://theweek.com,0
https://allsectech.com,0
https://uni-tuebingen.de,0
https://ad-stir.com,0
https://onenote.net,0
https://limo.media,0
https://king.com,0
https://fapello.com,0
https://oaiusercontent.com,0
https://hsbc.com,0
https://codefusion.technology,0
https://sber.ru,0
https://loc.gov,0
https://traveloka.com,0
https://rb.gy,0
https://queniubh.com,0
https://law.com,0
https://maurices.com,0
https://watchlist-internet.at,0
https://orcid.org,0
https://nic.ch,0
https://invisioncic.com,0
https://omappapi.com,0
https://monster.com,0
https://zdf.de,0
https://mat6tube.com,0
https://ib-game.jp,0
https://usa.gov,0
https://ox.ac.uk,0
https://td.com,0
https://esic.gov.in,0
https://cbs.com,0
https://sports.ru,0
https://fctg.cloud,0
https://partslink24.com,0
https://iheart.com,0
https://washingtonpost.com,0
https://no-ip.com,0
https://index.hr,0
https://sattamatkano1.me,0
https://ipma.pt,0
https://freshservice.com,0
https://netangels.ru,0
https://awsdns-18.com,0
https://arabx88.mobi,0
https://skimresources.com,0
https://microsoft.us,0
https://viifwjox.com,0
https://arca.live,0
https://prweb.com,0
https://towersflowerss.com,0
https://merkle.io,0
https://adultwork.com,0
https://visualstudio.com,0
https://google.mk,0
https://honeytoon.com,0
https://dotvndns.vn,0
https://gmx.com,0
https://bfmio.com,0
https://adtec.ru,0
https://cmtelematics.com,0
https://doodle.com,0
https://clashofclans.com,0
https://uzh.ch,0
https://dior.com,0
https://vercel-dns-3.com,0
https://lavoz.com.ar,0
https://ollama.com,0
https://newyorker.com,0
https://unige.ch,0
https://notion.site,0
https://hentaivietsub.com,0
https://asus.com,0
https://max.com,0
https://desitales2.com,0
https://xn--ngstr-lra8j.com,0
https://boyfriendtv.com,0
https://redditstatic.com,0
https://shkolo.bg,0
https://alarabiya.net,0
https://qiita.com,0
https://animesonlinecc.to,0
https://uol.com.br,0
https://freevideo.cz,0
https://adobe.net,0
https://found.io,0
https://edgenuity.com,0
https://awsdns-21.net,0
https://avsee.ru,0
https://churnzero.net,0
https://tubidy.com,0
https://githubcopilot.com,0
https://awswaf.com,0
https://telstra.net,0
https://vkuserphoto.ru,0
https://biobiochile.cl,0
https://sfndns.cn,0
https://snopes.com,0
https://tradplusad.com,0
https://imrworldwide.com,0
https://thrtle.com,0
https://tagesspiegel.de,0
https://virtualmin.com,0
https://tander.ru,0
https://faqs.org,0
https://wallpapers.com,0
https://jobbmintatv.pro,0
https://tns-counter.ru,0
https://xn----ztbcbceder.net,0
https://aktuality.sk,0
https://go-manga.com,0
https://setlist.fm,0
https://espn.com.do,0
https://transcend-cdn.com,0
https://online-reservations.com,0
https://tippmix.hu,0
https://inxxx.com,0
https://hugedomainsdns.com,0
https://rpp.pe,0
https://denverpost.com,0
https://vercel-dns.com,0
https://rei.com,0
https://sejda.com,0
https://robertsspaceindustries.com,0
https://hellotalk8.com,0
https://brightree.net,0
https://homecenter.com.co,0
https://mufg.jp,0
https://ngl.link,0
https://sage.com,0
https://wpastra.com,0
https://planalto.gov.br,0
https://newsroom.bi,0
https://clever.com,0
https://marketscreener.com,0
https://york.ac.uk,0
https://prothomalo.com,0
https://envato.market,0
https://vwapps.io,0
https://punchmedia.ru,0
https://nextmillmedia.com,0
https://bsgslb.cn,0
https://dion.ne.jp,0
https://car.gr,0
https://active.com,0
https://buumal.com,0
https://ampproject.net,0
https://lokalise.com,0
https://keenetic.pro,0
https://fuckmoral.com,0
https://semana.es,0
https://viasat.io,0
https://adspower.net,0
https://tv2.dk,0
https://chefkoch.de,0
https://google.iq,0
https://queniubg.com,0
https://openlibrary.org,0
https://gist.build,0
https://bynder.com,0
https://theconversation.com,0
https://google.lu,0
https://spboss.mobi,0
https://xhamster2.com,0
https://emarketer.com,0
https://dnsv2.com,0
https://pornzog.com,0
https://evri.com,0
https://segment.com,0
https://quartier-rouge.be,0
https://getdropbox.com,0
https://hrzn-nxt.com,0
https://espncricinfo.com,0
https://unitedcinemas.jp,0
https://wpengine.com,0
https://mykronos.com,0
https://ntvspor.net,0
https://man7.org,0
https://iom.int,0
https://google.ru,0
https://dnsservice.net,0
https://massagerepublic.com,0
https://seek.com.au,0
https://novinky.cz,0
https://drift.com,0
https://monopolygo.com,0
https://hubspotfeedback.com,0
https://unilever.com,0
https://usembassy.gov,0
https://sproutgigs.com,0
https://sondakika.com,0
https://20minutes.fr,0
https://thexh.live,0
https://bunshun.jp,0
https://lngtd.com,0
https://amazontrust.com,0
https://doaj.org,0
https://racingpost.com,0
https://jovencitas.gratis,0
https://archiveofourown.org,0
https://remove.bg,0
https://braintreegateway.com,0
https://jagex.com,0
https://oecd.org,0
https://life360.com,0
https://bakecaincontrii.com,0
https://logitech.io,0
https://last.fm,0
https://whois.com,0
https://corpinter.net,0
https://x-video.tube,0
https://ey43.com,0
https://nan-net.com,0
https://falabella.com,0
https://ipify.org,0
https://nikkansports.com,0
https://dnsitalia.net,0
https://joyclub.de,0
https://youtube-nocookie.com,0
https://newsit.gr,0
https://icloud-content.com,0
https://ebay.com,0
https://canva.site,0
https://natalie.mu,0
https://filmstarts.de,0
https://betcity.ru,0
https://cn.com,0
https://soufun.com,0
https://list-manage.com,0
https://like.video,0
https://v-tun.com,0
https://mpsuadv.ru,0
https://ultradns2.com,0
https://kaspersky.com,0
https://siteground.us,0
https://sexvid1.com,0
https://att-idns.net,0
https://eleadcrm.com,0
https://ns.se,0
https://1cbit.ru,0
https://vinted.es,0
https://notion.so,0
https://polygon.com,0
https://cfe.mx,0
https://whatismyipaddress.com,0
https://clutch.co,0
https://uidai.gov.in,0
https://dynatrace.com,0
https://yaklass.ru,0
https://udemy.com,0
https://vidvf.com,0
https://gst.gov.in,0
https://bhphotovideo.com,0
https://research-panel.jp,0
https://zalan.do,0
https://ax-msedge.net,0
https://pbxai.com,0
https://mobilityware.com,0
https://mac.com,0
https://pointclickcare.com,0
https://observer.com,0
https://hostingersite.com,0
https://infomaniak.com,0
https://1rx.io,0
https://detyep.com,0
https://orizzontescuola.it,0
https://gitea.io,0
https://itsupport247.net,0
https://aclu.org,0
https://bytelb.com,0
https://coingecko.com,0
https://bgchprod.info,0
https://fpo.xxx,0
https://gemini.google,0
https://bitrix24.tech,0
https://blackboard.com,0
https://sportradar.com,0
https://alpha-hen.com,0
https://videyly.co,0
https://masstamilan.dev,0
https://sap.com,0
https://xxpkg.com,0
https://romsfun.com,0
https://supjav.com,0
https://target.com,0
https://rst.ua,0
https://lansweeper.com,0
https://rs6.net,0
https://ondigitalocean.app,0
https://paddypower.com,0
https://connman.net,0
https://jivo.ru,0
https://firebaseio.com,0
https://dropz-k.com,0
https://pussyboy.net,0
https://futbol24.com,0
https://bellsouth.net,0
https://gtld.biz,0
https://belluna.jp,0
https://cdnhwcohm19.com,0
https://liu.se,0
https://123tt.ru,0
https://tim.it,0
https://theepochtimes.com,0
https://windstream.net,0
https://dropbox-dns.com,0
https://bytegle.tech,0
https://myna.go.jp,0
https://laravel.com,0
https://simpli.fi,0
https://google.com.ai,0
https://leeds.ac.uk,0
https://adtidy.org,0
https://mixnews.lv,0
https://empik.com,0
https://gpo.gov,0
https://getpublica.com,0
https://mradx.net,0
https://brown.edu,0
https://adgrx.com,0
https://rule34.xxx,0
https://chase.com,0
https://onward.co.jp,0
https://bik.gov.tr,0
https://cloudflare-dns.com,0
https://rfihub.com,0
https://hicloud.com,0
https://wp2p.link,0
https://fsu.edu,0
https://flipkart.com,0
https://ay.delivery,0
https://txxx.com,0
https://telus.com,0
https://dnsv.jp,0
https://queniucf.com,0
https://trovaprezzi.it,0
https://codecanyon.net,0
https://island.io,0
https://vizio.com,0
https://aws.dev,0
https://unstoppabledomains.com,0
https://wordplays.com,0
https://fastlydns.net,0
https://meta.com,0
https://figma.com,0
https://fanfox.net,0
https://fetlife.com,0
https://elespanol.com,0
https://redd.it,0
https://stradivarius.com,0
https://brave.com,0
https://mogujie.com,0
https://next.co.uk,0
https://eyefinity.com,0
https://thehill.com,0
https://icloud.com,0
https://walmart.com,0
https://adfuse-ssp.com,0
https://mangabuff.ru,0
https://insidehighered.com,0
https://mangakakalot.gg,0
https://awsdns-30.com,0
https://platorelay.com,0
https://kgns1.com,0
https://shaw.ca,0
https://ampproject.org,0
https://europeana.eu,0
https://labour.gov.za,0
https://ip.sb,0
https://flashscore.mobi,0
https://emerald.com,0
https://tokubai.co.jp,0
https://marktplaats.nl,0
https://vinted.de,0
https://linksys.com,0
https://wswebcdn.com,0
https://srv53.com,0
https://boulanger.com,0
https://theguardian.com,0
https://pebblego.com,0
https://correiobraziliense.com.br,0
https://capcutstatic.com,0
https://womenshealthmag.com,0
https://rapidgator.net,0
https://ccc.de,0
https://secondlife.com,0
https://deepika.com,0
https://detailroi.com,0
https://theaustralian.com.au,0
https://uni-frankfurt.de,0
https://gtld-servers.net,0
https://theknot.com,0
https://eldebate.com,0
https://doramy.club,0
https://wfxs.tw,0
https://miku-doujin.com,0
https://cpanel.net,0
https://compass.com,0
https://alltrails.com,0
https://ezoic.net,0
https://blogspot.com,0
https://unipd.it,0
https://sprinthost.ru,0
https://ltmsphrcl.net,0
https://diigo.com,0
https://google.hr,0
https://ficbook.net,0
https://conectate.com.do,0
https://flipsnack.com,0
https://s8ey.com,0
https://service.one,0
https://dn.se,0
https://samsungapps.com,0
https://myanimelist.net,0
https://lachainemeteo.com,0
https://tjsp.jus.br,0
https://tui.co.uk,0
https://wbur.org,0
https://sefon.pro,0
https://stockx.com,0
https://hsadspixel.net,0
https://dataannotation.tech,0
https://entrust.net,0
https://twinrdengine.com,0
https://xnhau.ing,0
https://accenture.com,0
https://mangakatana.com,0
https://mynavi.jp,0
https://opentext.com,0
https://kslawin.com,0
https://worldwildlife.org,0
https://scmp.com,0
https://banahosting.com,0
https://amd.com,0
https://zyxel.com,0
https://fanfiction.net,0
https://aade.gr,0
https://onamae.com,0
https://shop-pro.jp,0
https://aliexpress.us,0
https://allmusic.com,0
https://clientgear.com,0
https://gunbroker.com,0
https://japanpost.jp,0
https://uni-bonn.de,0
https://seg-social.pt,0
https://spec.org,0
https://nla.gov.au,0
https://ov1o.com,0
https://answers.com,0
https://deltafibernederland.nl,0
https://giga.de,0
https://firstvds.ru,0
https://wscvip.cn,0
https://ecombdapi.com,0
https://bpexch.xyz,0
https://msedge.net,0
https://awsdns-33.net,0
https://geotrust.com,0
https://russianpost.ru,0
https://yango.com,0
https://wixstatic.com,0
https://beyondwickedmapping.org,0
https://lazada.co.id,0
https://freeconvert.com,0
https://olympics.com,0
https://nokia.com,0
https://interbet.co.za,0
https://zazzle.com,0
https://ups.com,0
https://live-video.net,0
https://freewebs.com,0
https://peakgames.net,0
https://adac.de,0
https://huawei.ru,0
https://mendeley.com,0
https://apigee.net,0
https://boredpanda.com,0
https://inven.co.kr,0
https://nhentai.xxx,0
https://247sports.com,0
https://zoom.com,0
https://www.gov.gr,0
https://hubapi.com,0
https://kamareels2.com,0
https://kanald.com.tr,0
https://awsdns-16.net,0
https://bilibili.com,0
https://tiktokglobalshopv.com,0
https://nissen.co.jp,0
https://sapo.pt,0
https://isaidub.love,0
https://illusionblack.com,0
https://mercdn.net,0
https://overleaf.com,0
https://aboutamazon.com,0
https://technorati.com,0
https://inquirer.com,0
https://rqmob.com,0
https://virginia.gov,0
https://sonnenbatterie.de,0
https://sophos.com,0
https://globalcdn.co,0
https://ltguevmavv.com,0
https://bizkub.ru,0
https://applovin.com,0
https://cwa.gov.tw,0
https://manus.im,0
https://au.com,0
https://unrulymedia.com,0
https://about.me,0
https://pv-cdn.net,0
https://yale.edu,0
https://contextweb.com,0
https://biorxiv.org,0
https://hotxv.com,0
https://volc-dns.net,0
https://laracasts.com,0
https://digisport.ro,0
https://azure-devices.net,0
https://fsf.org,0
https://sl-reverse.com,0
https://superporn.com,0
https://paramountplus.com,0
https://awsdns-35.co.uk,0
https://nodejs.org,0
https://narod.ru,0
https://fcomet.com,0
https://lausd.net,0
https://novelfull.com,0
https://lsgkerala.gov.in,0
https://bet365.bet.ar,0
https://betpawa.cm,0
https://mathrubhumi.com,0
https://dayforcehcm.com,0
https://savefrom.net,0
https://ad-m.net,0
https://veeam.com,0
https://niconsul.com,0
https://readthedocs.org,0
https://jal.co.jp,0
https://motor1.com,0
https://mwscdn.ru,0
https://uefa.com,0
https://intelbras.com.br,0
https://javwow.com,0
https://dailygalaxy.com,0
https://nosv.org,0
https://com.se,0
https://insta-stories-viewer.com,0
https://pcworld.com,0
https://bitdrift.io,0
https://chileatiende.gob.cl,0
https://globo.com,0
https://voodoo-gaming.io,0
https://google.com.py,0
https://gccdn.net,0
https://qprod2.net,0
https://html-load.cc,0
https://mobileiron.com,0
https://lastampa.it,0
https://0123tt.ru,0
https://unl.edu,0
https://dome9.com,0
https://awsdns-58.com,0
https://pointtown.com,0
https://amazon.sg,0
https://experian.com,0
https://samsara.com,0
https://betterhelp.com,0
https://ecdnx.com,0
https://domainnamedns.com,0
https://uni-koeln.de,0
https://cloudflarestream.com,0
https://theonion.com,0
https://nykaa.com,0
https://a-yz.com,0
https://cbc.ca,0
https://xlxx.mobi,0
https://realizationnewestfangs.com,0
https://google.mn,0
https://viber.com,0
https://semanticscholar.org,0
https://pearson-intl.com,0
https://strip2.co,0
https://sentry.io,0
https://me-qr.com,0
https://betika.com,0
https://mydramalist.com,0
https://trafficmanager.net,0
https://jino.ru,0
https://jjgirls.com,0
https://hindawi.com,0
https://here.com,0
https://msftauthimages.net,0
https://umbrella.com,0
https://signal.org,0
https://verywellhealth.com,0
https://porno-zona.com,0
https://weather.com,0
https://appier.net,0
https://tracker.cl,0
https://thanhnien.vn,0
https://vk.ru,0
https://gamisco.com,0
https://upm.es,0
https://turkishairlines.com,0
https://aecloud.io,0
https://pure.cloud,0
https://freeones.com,0
https://betpawa.bj,0
https://nld.com.vn,0
https://sporcle.com,0
https://comodo.com,0
https://rome2rio.com,0
https://split.io,0
https://axs.com,0
https://flurry.com,0
https://google.ki,0
https://bu.edu,0
https://cloudflarestorage.com,0
https://rtvslo.si,0
https://musical.ly,0
https://soccer365.ru,0
https://smartape.ru,0
https://apkpure.net,0
https://claveunica.gob.cl,0
https://samsungcloud.com,0
https://dyndns.org,0
https://4dex.io,0
https://trasre.com,0
https://dropbox.com,0
https://gallup.com,0
https://taobao.com,0
https://xosothantai.mobi,0
https://sdpay.co.in,0
https://bamper.by,0
https://saasprotection.com,0
https://gumgum.com,0
https://ogury.io,0
https://superdnsserver.net,0
https://samsung-gamelauncher.com,0
https://freelancer.com,0
https://ctrip.com,0
https://cadenaser.com,0
https://yumpu.com,0
https://idealista.com,0
https://opera-mini.net,0
https://obilet.com,0
https://hikvision-cctv.su,0
https://tube8.fr,0
https://airtable.com,0
https://acuityscheduling.com,0
https://analog.com,0
https://buymeacoffee.com,0
https://doubao.com,0
https://ipinfo.io,0
https://trustx.org,0
https://prosport.ro,0
https://tradeinn.com,0
https://tolunastart.com,0
https://bebesong.com,0
https://geogebra.org,0
https://betpawa.co.tz,0
https://hentaicity.com,0
https://uniview.com,0
https://drweb.com,0
https://lectio.dk,0
https://sportal.bg,0
https://markmonitor.com,0
https://changeip.com,0
https://kidshealth.org,0
https://nova.cz,0
https://edgekey88.net,0
https://arabtnt.com,0
https://hawaii.gov,0
https://heroeswm.ru,0
https://blackberry.com,0
https://internetwarriors.net,0
https://faipod.com,0
https://softether-network.net,0
https://combankdigital.com,0
https://gmpwaqf.com,0
https://tsa.gov,0
https://easybrain.com,0
https://france24.com,0
https://bol.com,0
https://missav.ws,0
https://raspberrypi.com,0
https://tinder.com,0
https://amap.com,0
https://adme.media,0
https://mangabuddy.com,0
https://quintoandar.com.br,0
https://nic.network,0
https://fcf.cat,0
https://moviespage.xyz,0
https://eki-net.com,0
https://fly.dev,0
https://financialcontent.com,0
https://pravda.ru,0
https://brdtest.com,0
https://cdc.gov,0
https://kolkataff.tv,0
https://seagate.com,0
https://credit-agricole.fr,0
https://ui-dns.biz,0
https://sport1.de,0
https://myworkday.com,0
https://illumin.com,0
https://netshoes.com.br,0
https://gitee.com,0
https://google.mu,0
https://gazeta.ru,0
https://consumerreports.org,0
https://stuff.co.nz,0
https://emgsound.ru,0
https://tmtreader.com,0
https://booklive.jp,0
https://game8.jp,0
https://josporn.club,0
https://hupo.com,0
https://blockchain.info,0
https://securityfocus.com,0
https://clickup.com,0
https://apachetoday.com,0
https://frontiersin.org,0
https://war.gov,0
https://ketchjs.com,0
https://bestbuy.com,0
https://bild.de,0
https://vegamovies.market,0
https://samsungosp.com,0
https://cqloud.com,0
https://cloudlinks.cn,0
https://teamstoday.com,0
https://bdurl.net,0
https://desjardins.com,0
https://gccdn.cn,0
https://lenta.ru,0
https://zoneedit.com,0
https://klarna.net,0
https://joinindianarmy.nic.in,0
https://freetds.org,0
https://axon.ai,0
https://whatsapp.net,0
https://strava.com,0
https://hostgator.com.br,0
https://bestguiltypleasure.com,0
https://flightradar24.com,0
https://vanderbilt.edu,0
https://labanquepostale.fr,0
https://fussball.de,0
https://dinahosting.com,0
https://proquest.com,0
https://www.gov.uk,0
https://grass.io,0
https://rule34.xyz,0
https://browserleaks.org,0
https://_wildcard_.ph,0
https://midilibre.fr,0
https://kingbokep.tv,0
https://goneo.de,0
https://kaptcha.com,0
https://yzwtz.com,0
https://ehow.com,0
https://cityheaven.net,0
https://unisoc.com,0
https://51.la,0
https://standard.co.uk,0
https://iata.org,0
https://browserstack.com,0
https://vodafone.com,0
https://findlaw.com,0
https://truecaller.com,0
https://pgammedia.com,0
https://espacioapk.com,0
https://godaddysites.com,0
https://yadro.ru,0
https://getyourguide.com,0
https://airbnb.com,0
https://yellowpages.com,0
https://mailinabox.email,0
https://dr.dk,0
https://is.gd,0
https://53.com,0
https://urban-vpn.com,0
https://takarakuji-official.jp,0
https://cardinalcommerce.com,0
https://oolveri.com,0
https://kurashiru.com,0
https://cancer.gov,0
https://zoho.com,0
https://auerproxy.de,0
https://palcloset.jp,0
https://epicgames.com,0
https://twimg.com,0
https://rozetka.com.ua,0
https://maricopa.gov,0
https://mediafire.com,0
https://architecturaldigest.com,0
https://123av.com,0
https://vivo.com.br,0
https://archlinux.org,0
https://superproxy.io,0
https://intercom.com,0
https://manhuagui.com,0
https://streamable.com,0
https://seondnsresolve.com,0
https://etoro.com,0
https://inkuai.com,0
https://orderbox-dns.com,0
https://guardian.co.uk,0
https://iaai.com,0
https://correoargentino.com.ar,0
https://kundelik.kz,0
https://fifa.com,0
https://unibo.it,0
https://dbankcdn.ru,0
https://jpost.com,0
https://nya2.com,0
https://rtactivate.com,0
https://altavista.com,0
https://adguard-dns.com,0
https://moz.com,0
https://knt9.xyz,0
https://parents.com,0
https://canva.com,0
https://danword.com,0
https://eiga.com,0
https://msdmanuals.com,0
https://b-msedge.net,0
https://newsbreak.com,0
https://sudoku.com,0
https://brightcove.com,0
https://capterra.com,0
https://sssinstagram.com,0
https://plex.bz,0
https://tm-azurefd.net,0
https://footmercato.net,0
https://maxpreps.com,0
https://worldtimeserver.com,0
https://travelandtourworld.com,0
https://awsdns-07.co.uk,0
https://kwai.net,0
https://microsoftonline.us,0
https://t13.io,0
https://google.td,0
https://freecodecamp.org,0
https://nj.com,0
https://g.page,0
https://thenextweb.com,0
https://elcorteingles.es,0
https://shopier.com,0
https://nheos.com,0
https://google.az,0
https://mmcdn.com,0
https://line.me,0
https://cars.com,0
https://melonstube.com,0
https://canadiantire.ca,0
https://qunar.com,0
https://uconn.edu,0
https://prodoctorov.ru,0
https://dot-st.com,0
https://wral.com,0
https://doofinder.com,0
https://rakuten-bank.co.jp,0
https://healthfusionclaims.com,0
https://salesforce-scrt.com,0
https://skmada.com,0
https://fastlylb.net,0
https://diymysite.com,0
https://dignitymemorial.com,0
https://permutive.com,0
https://rzone.de,0
https://oaistatic.com,0
https://ltwebstatic.com,0
https://audioeye.com,0
https://deutschlandfunk.de,0
https://fastecn.com,0
https://hostpoint.ch,0
https://pdf24.org,0
https://brawlstarsgame.com,0
https://proxmox.com,0
https://vecdnlb.com,0
https://byteoversea.net,0
https://namecheap.com,0
https://ui-dns.de,0
https://gva.es,0
https://fairyanime.net,0
https://videoamp.com,0
https://physicsandmathstutor.com,0
https://impact.com,0
https://awsdns-63.com,0
https://cretaforce.gr,0
https://pinterest.net,0
https://9animetv.to,0
https://678bd44.com,0
https://in.gov,0
https://sba.gov,0
https://sbb.ch,0
https://canada.ca,0
https://anl.gov,0
https://kariyer.net,0
https://napiszex.com,0
https://stitcher.com,0
https://plos.org,0
https://rednotecdn.com,0
https://novelpia.com,0
https://abebooks.com,0
https://wsu.edu,0
https://kino-teatr.ru,0
https://listrakbi.com,0
https://rocketreach.co,0
https://mycima.cc,0
https://jusbrasil.com.br,0
https://avdbs.com,0
https://spamcop.net,0
https://bt.co,0
https://nekopoi.care,0
https://xxbrits.com,0
https://beboo.ru,0
https://managed-vps.net,0
https://worldpopulationreview.com,0
https://99acres.com,0
https://powerapps.com,0
https://bsky.app,0
https://runescape.com,0
https://extremereach.io,0
https://zohocdn.com,0
https://8888.bg,0
https://iotbing.com,0
https://utoronto.ca,0
https://andhrajyothy.com,0
https://dmoz.org,0
https://otakudesu.blog,0
https://ethereum.org,0
https://rp.pl,0
https://bytedns1.com,0
https://gulfnews.com,0
https://lse.ac.uk,0
https://plex.direct,0
https://codeforces.com,0
https://weborama-tech.ru,0
https://latamairlines.com,0
https://hotels.com,0
https://v-videoapp.com,0
https://tcdnlive.com,0
https://judns.com,0
https://zscalerthree.net,0
https://pchome.com.tw,0
https://boardgamearena.com,0
https://plsleavemealone.com,0
https://shutterstock.com,0
https://cra.cz,0
https://elpais.com,0
https://rtb.mx,0
https://kpmg.com,0
https://uadns.com,0
https://storygize.net,0
https://france.tv,0
https://barchart.com,0
https://thalia.de,0
https://inps.it,0
https://herokudns.com,0
https://shopee.ph,0
https://buzzfeed.com,0
https://txnhh.com,0
https://nsw.gov.au,0
https://britishcouncil.org,0
https://copart.com,0
https://trustedshops.com,0
https://medallia.com,0
https://speedtestmark.com,0
https://gaana.com,0
https://beget.tech,0
https://bunnings.com.au,0
https://vt.edu,0
https://instapaper.com,0
https://osano.com,0
https://qqq-ttss.su,0
https://microsoftpersonalcontent.com,0
https://uoregon.edu,0
https://mercadopago.com.ar,0
https://chapturist.com,0
https://carview.co.jp,0
https://lokmat.com,0
https://tubegalore.com,0
https://pixocial.com,0
https://uk.com,0
https://unirioja.es,0
https://etsy.com,0
https://beeg.com,0
https://youtube.com,0
https://google.co.ug,0
https://techopedia.com,0
https://northeastern.edu,0
https://eloqua.com,0
https://adp.com,0
https://rshb.ru,0
https://nlnetlabs.nl,0
https://github.io,0
https://lichess.org,0
https://wsdvs.info,0
https://slack.com,0
https://medu.ir,0
https://sberdevices.ru,0
https://tobsnssdk.com,0
https://company-target.com,0
https://bloomberg.com,0
https://redditspace.com,0
https://logi.com,0
https://opera.technology,0
https://privateinternetaccess.com,0
https://namu.wiki,0
https://betano.com,0
https://lua.org,0
https://brightcovecdn.com,0
https://ns.ua,0
https://machotube.tv,0
https://beastiality.tv,0
https://gammaplatform.com,0
https://usmagazine.com,0
https://aliyuncs.com,0
https://amazon.com.tr,0
https://youtu.be,0
https://hani.co.kr,0
https://mparticle.com,0
https://n-tv.de,0
https://appmedia.jp,0
https://jappy.com,0
https://aap.org,0
https://manutouch.com.cn,0
https://atol.ru,0
https://babu88.gold,0
https://google.rw,0
https://indianexpress.com,0
https://chinadaily.com.cn,0
https://ceneo.pl,0
https://loggly.com,0
https://awsdns-56.net,0
https://mgeko.cc,0
https://kp.ru,0
https://connatix.com,0
https://ahindian.com,0
https://awsdns-01.net,0
https://education.ne.jp,0
https://hoyoverse.com,0
https://imageshack.com,0
https://freedesktop.org,0
https://pingdom.com,0
https://statnews.com,0
https://govdelivery.com,0
https://awsdns-48.com,0
https://nextlgsdp.com,0
https://akaquill.net,0
https://google.ch,0
https://shcilestamp.com,0
https://createjs.com,0
https://scopely.io,0
https://theporndude.com,0
https://vestiairecollective.com,0
https://awsdns-48.co.uk,0
https://yahoo.co.jp,0
https://vmware.com,0
https://faa.gov,0
https://insales.ru,0
https://dynamics.com,0
https://operacdn.com,0
https://cloudinary.com,0
https://gorodok.bz,0
https://keenetic.ru,0
https://nssvc.net,0
https://pciconcursos.com.br,0
https://website-files.com,0
https://qvdt3feo.com,0
https://pp.ua,0
https://o3.ru,0
https://ilmessaggero.it,0
https://cdngslb.com,0
https://mca.gov.in,0
https://wampserver.com,0
https://smartadserver.com,0
https://playfamily.ru,0
https://knowbe4.com,0
https://pearltrees.com,0
https://tiktokv.us,0
https://uni-heidelberg.de,0
https://laposte.fr,0
https://nic.zone,0
https://geocomply.com,0
https://iqiyi.com,0
https://wmo.int,0
https://ilfattoquotidiano.it,0
https://lilly.com,0
https://google.pl,0
https://apple-cloudkit.com,0
https://bixbyllm.com,0
https://rp-online.de,0
https://liebertpub.com,0
https://amp-endpoint2.com,0
https://funpay.com,0
https://betpawa.mw,0
https://wbbasket.ru,0
https://goindigo.in,0
https://awsdns-28.net,0
https://bongacams.com,0
https://docomo.ne.jp,0
https://rip.ie,0
https://azet.sk,0
https://dns-servers.vn,0
https://livedoor.jp,0
https://omniroot.com,0
https://espn.com.co,0
https://dns.it,0
https://bain.com,0
https://banglachotikahinii.com,0
https://eprocure.gov.bd,0
https://thebalancemoney.com,0
https://pagina12.com.ar,0
https://com.com,0
https://awsdns-14.net,0
https://444.hu,0
https://claro.com.ar,0
https://inmobi-choice.io,0
https://dish.com,0
https://upravel.com,0
https://doubleclick.net,0
https://dailystar.co.uk,0
https://awsdns-24.com,0
https://expressapisv2.net,0
https://cookpad.com,0
https://bricks-co.com,0
https://freecash.com,0
https://eonline.com,0
https://rambler.ru,0
https://geodns.me,0
https://bsgslb.com,0
https://livechatenterprise.com,0
https://jpmorganchase.com,0
https://ably.io,0
https://work.ua,0
https://stripecdn.com,0
https://thinkingdata.cn,0
https://n11.com,0
https://xtracloud.cn,0
https://mobolize.com,0
https://ottadvisors.com,0
https://pornogratisdiario.com,0
https://fortune.com,0
https://hubspot.net,0
https://ctadns.cn,0
https://tiktokio.com,0
https://set.gov.py,0
https://scopus.com,0
https://amspbs.com,0
https://sayouth.mobi,0
https://gtm-a2b2.com,0
https://vimeocdn.com,0
https://tinkoff.ru,0
https://hyundai.com,0
https://jbhifi.com.au,0
https://karresults.nic.in,0
https://poshantracker.in,0
https://mysterium.network,0
https://cbsivideo.com,0
https://reliefweb.int,0
https://ynet.co.il,0
https://att.net,0
https://exacttarget.com,0
https://afraid.org,0
https://prismaaccess.com,0
https://elastic-cloud.com,0
https://google.com.et,0
https://edu-servers.net,0
https://avito.st,0
https://whitehouse.gov,0
https://1drv.ms,0
https://crpt.ru,0
https://indazn.com,0
https://ddddns.net,0
https://eset.com,0
https://tf1.fr,0
https://duckduckgo.com,0
https://pointtoserver.com,0
https://bqstreamer.com,0
https://protechts.net,0
https://ionos.com,0
https://businesstech.co.za,0
https://citapreviadnie.es,0
https://twitcasting.tv,0
https://mediamarkt.de,0
https://dwin1.com,0
https://bluecore.com,0
https://gsa.gov,0
https://unctad.org,0
https://hotpic.cc,0
https://onmicrosoft.com,0
https://byteoversea.com,0
https://nuro.jp,0
https://powerplatform.com,0
https://santander.com.br,0
https://onedio.com,0
https://emxdgt.com,0
https://ex.co,0
https://livedoor.com,0
https://nic.do,0
https://goodreads.com,0
https://thomsonreuters.com,0
https://gucci.com,0
https://lloydsbank.co.uk,0
https://bitbucket.org,0
https://trustarc.com,0
https://advmusic.com,0
https://stumbleupon.com,0
https://administracionelectronica.gob.es,0
https://elitebabes.com,0
https://awsdns-06.net,0
https://mydramawave.com,0
https://livejournal.com,0
https://cricbuzz.com,0
https://adobesc.com,0
https://sciencenews.org,0
https://atg.se,0
https://nba.com,0
https://yamaha.com,0
https://angi.com,0
https://printables.com,0
https://cpan.org,0
https://cribl.cloud,0
https://sytes.net,0
https://etrain.info,0
https://ikea.com,0
https://schema.org,0
https://immersivelabs.com,0
https://nghttp2.org,0
https://fb.com,0
https://awsdns-46.net,0
https://twitchcdn.net,0
https://cool18.com,0
https://rrpicturearchives.net,0
https://ura.news,0
https://runnr.in,0
https://datadoghq-browser-agent.com,0
https://dns.id,0
https://agora.io,0
https://congress.gov,0
https://iccku.com,0
https://uakino.best,0
https://ok.porn,0
https://mojang.com,0
https://yastatic.net,0
https://enable-javascript.com,0
https://diy.com,0
https://francetvinfo.fr,0
https://sfchronicle.com,0
https://people.com,0
https://covers.com,0
https://nic.ai,0
https://dhlottery.co.kr,0
https://nsf.gov,0
https://fujoho.jp,0
https://inner-active.mobi,0
https://tiermaker.com,0
https://premierleague.com,0
https://esocial.gov.br,0
https://ssrchat.com,0
https://egramswaraj.gov.in,0
https://rbc.ua,0
https://sbb.rs,0
https://t24.com.tr,0
https://vaultdcr.com,0
https://dns-parking.com,0
https://ourworldindata.org,0
https://b2clogin.com,0
https://dailymotion.com,0
https://runescape.wiki,0
https://sonos.com,0
https://gupy.io,0
https://pdflib.com,0
https://uafix.net,0
https://rima-tde.net,0
https://oktacdn.com,0
https://rsasecurity.com,0
https://javrate.com,0
https://stripchat.com,0
https://google.com.co,0
https://treehugger.com,0
https://gosuslugi.ru,0
https://aternos.org,0
https://curl.se,0
https://jav.sb,0
https://tryst.link,0
https://twc.com,0
https://ubnt.com,0
https://line-scdn.net,0
https://bttrack.com,0
https://uva.nl,0
https://dnse2.com,0
https://claspws.tv,0
https://lotterypost.com,0
https://jobstreet.com,0
https://paris.fr,0
https://xundns.com,0
https://nubank.com.br,0
https://myshopline.com,0
https://vedomosti.ru,0
https://mtu.ru,0
https://missyusa.com,0
https://makerworld.com,0
https://midjourney.com,0
https://perfdrive.com,0
https://suki-kira.com,0
https://reference.com,0
https://globalsigncdn.com,0
https://hwcdn.ru,0
https://dedeman.ro,0
https://lgtvcommon.com,0
https://gldn.net,0
https://aflamk1.net,0
https://buildkite.com,0
https://fastly.net,0
https://zdnscloud.com,0
https://manhwaweb.com,0
https://aif.ru,0
https://freshchat.com,0
https://senate.gov,0
https://ora.com,0
https://divar.ir,0
https://nuget.org,0
https://gazprombank.ru,0
https://nsfwph.org,0
https://medicinenet.com,0
https://rosszlanyok.hu,0
https://islonline.net,0
https://tplinknbu.com,0
https://ci-servers.net,0
https://leroymerlin.pt,0
https://allawntech.com,0
https://anchor.fm,0
https://kgns3.com,0
https://mynet.com,0
https://kakuyomu.jp,0
https://weibo.cn,0
https://millipiyangoonline.com,0
https://statsigapi.net,0
https://lazada.sg,0
https://tiktokw.us,0
https://vkusvill.ru,0
https://capcutapi.us,0
https://mp4moviez.bot,0
https://kurier.at,0
https://scielo.br,0
https://irecommend.ru,0
https://outsideonline.com,0
https://medicalxpress.com,0
https://brivo.com,0
https://albumaty.com,0
https://fabulous.com,0
https://unsw.edu.au,0
https://timesnowhindi.com,0
https://mycdn.me,0
https://huffingtonpost.co.uk,0
https://ivanti.com,0
https://nankankeiba.com,0
https://solitairegrandharvest.com,0
https://bytefcdn-ttpeu.com,0
https://cnstrc.com,0
https://huffingtonpost.jp,0
https://minecraft-inside.ru,0
https://cpanel.com,0
https://seekingalpha.com,0
https://priceline.com,0
https://keenetic.io,0
https://impact-ad.jp,0
https://popsci.com,0
https://gitlab.io,0
https://jable.tv,0
https://autoplius.lt,0
https://atl-paas.net,0
https://unwomen.org,0
https://cloudrc.ru,0
https://online-metrix.net,0
https://poly.com,0
https://klerk.ru,0
https://arbeitsagentur.de,0
https://pathofexile.com,0
https://interfax.ru,0
https://awsdns-15.co.uk,0
https://moodle.com,0
https://securebrowser.com,0
https://kissjav.com,0
https://itau.com.br,0
https://yako03.com,0
https://thomsonreuters.co.uk,0
https://filmyfly.camp,0
https://bajajfinserv.in,0
https://diva-portal.org,0
https://chrome.com,0
https://dzexams.com,0
https://churchofjesuschrist.org,0
https://nature.org,0
https://medal.tv,0
https://corppn.ru,0
https://netcraze.io,0
https://lazybumblebee.com,0
https://familyclub.jp,0
https://adserv.ai,0
https://monday.com,0
https://tripadvisor.com,0
https://ning.com,0
https://diariodocomercio.com.br,0
https://rocket-cdn.com,0
https://health.mil,0
https://awsdns-31.com,0
https://heytapmobile.com,0
https://hubspot.com,0
https://trustedstack.com,0
https://bpexch.live,0
https://qoo10.jp,0
https://olympic.org,0
https://newsweek.com,0
https://awsdns-48.net,0
https://dfn.de,0
https://wb.gov.in,0
https://spicychat.ai,0
https://bidgx.com,0
https://iplanet.com,0
https://mrgcdn.ru,0
https://monsnode.com,0
https://ancestry.com,0
https://mcmaster.ca,0
https://qwest.net,0
https://189.cn,0
https://shifen.com,0
https://epluscdn.com,0
https://realsimple.com,0
https://bidr.io,0
https://bt.com.ve,0
https://tlivecdn.com,0
https://leaktube.net,0
https://dorama.land,0
https://cdnvideo.ru,0
https://apple.co,0
https://dienmayxanh.com,0
https://tf1info.fr,0
https://netperf.org,0
https://downloadwella.com,0
https://icann.org,0
https://ssstwitter.com,0
https://check24.de,0
https://walmart.ca,0
https://casasbahia.com.br,0
https://4wps.net,0
https://dji.com,0
https://newatlas.com,0
https://virustotal.com,0
https://lnk.to,0
https://httpwg.org,0
https://envato.com,0
https://substackcdn.com,0
https://files.fm,0
https://goodnotes-devops.com,0
https://inquirer.net,0
https://unam.mx,0
https://takeaway.com,0
https://bitrixphone.com,0
https://mega.nz,0
https://awsdns-00.net,0
https://topky.sk,0
https://suumo.jp,0
https://pro-market.net,0
https://verisign.com,0
https://tpbid.com,0
https://bedbathandbeyond.com,0
https://glpals.com,0
https://namasha.com,0
https://idealo.de,0
https://thriftbooks.com,0
https://bible.com,0
https://feedtofap.com,0
https://onlinesbi.sbi,0
https://smh.com.au,0
https://comparethemarket.com,0
https://dns.nl,0
https://csfloat.com,0
https://locanto.com.mx,0
https://telefonica.de,0
https://instructure.com,0
https://f-secure.com,0
https://mijnwoordenboek.nl,0
https://kit.edu,0
https://azure.cn,0
https://everlastting.com,0
https://wechat.com,0
https://forthnet.gr,0
https://ifood.com.br,0
https://shopee.com.br,0
https://schwab.com,0
https://vinted.it,0
https://dnsdomen.com,0
https://reolink.com,0
https://wsukwai.com,0
https://proton.me,0
https://nordpass.com,0
https://wikiquote.org,0
https://lettuceclub.net,0
https://darknaija.com,0
https://anime-sama.to,0
https://heritage.org,0
https://927589452.space,0
https://fivecdm.com,0
https://tdnsstic1.cn,0
https://d-53.jp,0
https://ifconfig.me,0
https://mercadopago.com,0
https://hstgr.cloud,0
https://mongodb.com,0
https://httpbin.org,0
https://nasdaq.com,0
https://prezi.com,0
https://xn--1-wxfc3gwbi.net,0
https://r-line.ru,0
https://dmv.org,0
https://5movierulz.theater,0
https://npo-iskra.ru,0
https://evidon.com,0
https://xskt.com.vn,0
https://globalso.com,0
https://epicentrk.ua,0
https://walgreens.com,0
https://corel.com,0
https://worldfcdn2.com,0
https://gazzetta.it,0
https://tcd.ie,0
https://scan-manga.com,0
https://gamerant.com,0
https://sprig.com,0
https://keirin.jp,0
https://imagefap.com,0
https://44.in-addr.arpa,0
https://siemens.com,0
https://jnj.com,0
https://cnil.fr,0
https://hostedemail.com,0
https://constellix.com,0
https://sliide.cloud,0
https://ugsk.ru,0
https://nap.edu,0
https://1c-cabinet.ru,0
https://lycos.com,0
https://cardmarket.com,0
https://openxcdn.net,0
https://teachable.com,0
https://alibabadns.com,0
https://memcached.org,0
https://catawiki.com,0
https://goodreturns.in,0
https://dnse5.com,0
https://avira.com,0
https://cisa.gov,0
https://ekstrabladet.dk,0
https://amazon.co.jp,0
https://npci.org.in,0
https://zdn.vn,0
https://groww.in,0
https://clevertap-prod.com,0
https://xnhau.fan,0
https://yenicaggazetesi.com,0
https://expresso.pt,0
https://sec.gov,0
https://nationalpost.com,0
https://finviz.com,0
https://heap-api.com,0
https://amazon.com.au,0
https://baishan-cloud.net,0
https://akamaistream.net,0
https://aliexpress.ru,0
https://mediation.goog,0
https://dmcdn.net,0
https://opensuse.org,0
https://ethdisco.net,0
https://redporn.porn,0
https://rona.ca,0
https://readli.net,0
https://theatlantic.com,0
https://bittorrent.com,0
https://google.bj,0
https://snaptik.net,0
https://who.int,0
https://akamai.net,0
https://volc-dns.com,0
https://thenation.com,0
https://famikura-store.jp,0
https://welt.de,0
https://property24.com,0
https://nate.com,0
https://3hentai.net,0
https://adkernel.com,0
https://modsecurity.org,0
https://informer.rs,0
https://justwatch.com,0
https://adriver.ru,0
https://inmobicdn.net,0
https://npmjs.com,0
https://medium.com,0
https://currys.co.uk,0
https://redcross.org,0
https://amagi.tv,0
https://razerzone.com,0
https://paychex.com,0
https://avid.com,0
https://reliancedigital.in,0
https://eboblack.com,0
https://e-jumbo.gr,0
https://edgecdn.world,0
https://cosmopolitan.com,0
https://mobile-tracker-free.com,0
https://acronis.com,0
https://nairaland.com,0
https://eqtv.io,0
https://ecnavi.jp,0
https://alibaba.com,0
https://0xrpc.io,0
https://dreame.tech,0
https://cuerpomente.com,0
https://cloudappsecurity.com,0
https://huffpost.com,0
https://midasplayer.cloud,0
https://botinok.porn,0
https://shopsy.in,0
https://interestingengineering.com,0
https://2gis.com,0
https://device9.com,0
https://paymetrust.net,0
https://douyin.com,0
https://komiku.asia,0
https://sogou.com,0
https://co.com,0
https://alphapolis.co.jp,0
https://reuters.com,0
https://trbcdn.net,0
https://cursor.com,0
https://tcylgslb.com,0
https://cookiepro.com,0
https://carrd.co,0
https://awsdns-60.com,0
https://docs.rs,0
https://symantec.com,0
https://vsassets.io,0
https://d-deltanet.com,0
https://clarity.ms,0
https://blackrussia.online,0
https://meituan.net,0
https://epicgamescdn.com,0
https://kgslb.com,0
https://symfony.com,0
https://ozon.by,0
https://hu-berlin.de,0
https://1688.com,0
https://indiapost.gov.in,0
https://pewresearch.org,0
https://mailspike.net,0
https://parentsquare.com,0
https://digg.com,0
https://uni-hamburg.de,0
https://tnresults.nic.in,0
https://hichina.com,0
https://cloudsink.net,0
https://easy4ip.com,0
https://lamoda.ru,0
https://photoshelter.com,0
https://fast.com,0
https://voz.vn,0
https://crossref.org,0
https://xoso.com.vn,0
https://warcraftlogs.com,0
https://mtgglobals.com,0
https://prudential.com,0
https://bleepingcomputer.com,0
https://tencentclb.com,0
https://controlup.com,0
https://shutterfly.com,0
https://konghq.com,0
https://escortbabylon.net,0
https://mq.edu.au,0
https://livescience.com,0
https://redbubble.com,0
https://app-us1.com,0
https://atcpulsa.store,0
https://aniview.com,0
https://tlivesource.com,0
https://vungle.com,0
https://pfizer.com,0
https://typekit.net,0
https://refinery29.com,0
https://timeshighereducation.com,0
https://ifixit.com,0
https://hosted-by-discourse.com,0
https://seaart.ai,0
https://geometrylitepc.io,0
https://mediaset.it,0
https://gatech.edu,0
https://cricbet99.red,0
https://marketingcloudapis.com,0
https://google.gp,0
https://tripcdn.com,0
https://autodesk.com,0
https://cookieadmin.net,0
https://ioam.de,0
https://xxx18hot.com,0
https://gboxlab.com,0
https://gvt1.com,0
https://myisolved.com,0
https://sfmc-content.com,0
https://nosto.com,0
https://unian.ua,0
https://alphatv.gr,0
https://widgetable.net,0
https://meganameservers.eu,0
https://n2ch.net,0
https://wsimg.com,0
https://krone.at,0
https://gfx.ms,0
https://unsplash.com,0
https://modland.net,0
https://w55c.net,0
https://engadget.com,0
https://fizzopic.org,0
https://trustpilot.com,0
https://google.us,0
https://nzz.ch,0
https://speedostream1.com,0
https://taxtelecom.ru,0
https://awmdm.com,0
https://serebii.net,0
https://crowd-umlaut.com,0
https://wikiwand.com,0
https://hostnet.nl,0
https://razersynapse.com,0
https://ev2-msedge.net,0
https://elastic.co,0
https://arionplay.com,0
https://clave.gob.es,0
https://asda.com,0
https://pikabu.ru,0
https://medex.com.bd,0
https://awsdns-45.net,0
https://huaweicloud-dns.cn,0
https://ssl-images-amazon.com,0
https://cdn-net.com,0
https://cdnhwcuim119.com,0
https://xfree.com,0
https://binance.info,0
https://nizhpharm.ru,0
https://shinigami.asia,0
https://pornobrasil.com,0
https://arabx.cam,0
https://browsiprod.com,0
https://vodafone-ip.de,0
https://mojohost.com,0
https://uukanshu.cc,0
https://uipath.com,0
https://qiniudns.com,0
https://revenuecat.com,0
https://msftauth.net,0
https://mosspf.net,0
https://techrepublic.com,0
https://pornone.com,0
https://pornoborshch.com,0
https://fotor.com,0
https://hna.de,0
https://sikayetvar.com,0
https://apl-alexa.com,0
https://sarkariresult.com,0
https://indiana.edu,0
https://jagranjosh.com,0
https://zaloapp.com,0
https://ilmeteo.it,0
https://apuestatotal.com,0
https://ps.kz,0
https://capitalone.com,0
https://1filmyfly.fyi,0
https://liteapks.com,0
https://braze-images.com,0
https://react.dev,0
https://inaturalist.org,0
https://betking.com,0
https://kde.org,0
https://bentley.com,0
https://neverssl.com,0
https://sovcombank.ru,0
https://vesselfinder.com,0
https://awsdns-18.co.uk,0
https://ipxserve.com,0
https://google.ae,0
https://tiktokrow-cdn.com,0
https://in.net,0
https://snapchat.com,0
https://filmweb.pl,0
https://unfccc.int,0
https://lc.chat,0
https://zapier.com,0
https://bigbasket.com,0
https://mktoresp.com,0
https://zscaler.com,0
https://dns-finder.com,0
https://dnspod.com,0
https://razer.com,0
https://marca.com,0
https://bluewin.ch,0
https://sphinx-doc.org,0
https://nic.ir,0
https://beget.com,0
https://mos.ru,0
https://chromium.org,0
https://dhs.gov,0
https://tokopedia.com,0
https://walkerplus.com,0
https://hpeprint.com,0
https://ptsecurity.com,0
https://relaysteering.com,0
https://gfk.com,0
https://kupi.cz,0
https://outlook.com,0
https://google.com.bd,0
https://dell.com,0
https://wurflcloud.com,0
https://gotinder.com,0
https://kbb.com,0
https://programme-tv.net,0
https://surveymonkey.com,0
https://vinted.co.uk,0
https://onelink.me,0
https://kargo.com,0
https://plista.com,0
https://shopifycloud.com,0
https://centris.ca,0
https://uncn.jp,0
https://kaggle.com,0
https://root-servers.net,0
https://fastcompany.com,0
https://questionablequesting.com,0
https://linuxfoundation.org,0
https://xvideosputaria.com,0
https://jsonline.com,0
https://adobe.com,0
https://jiji.com,0
https://filmmakinesi.to,0
https://ojrq.net,0
https://zxcs.nl,0
https://elster.de,0
https://evgnet.com,0
https://skbkontur.ru,0
https://fastly.com,0
https://michelin.com,0
https://missav123.com,0
https://asahi-net.or.jp,0
https://pastebin.com,0
https://guardingvision.com,0
https://mapquest.com,0
https://ylilauta.org,0
https://yesporn.vip,0
https://avs.io,0
https://mi.com,0
https://ridigital.org.br,0
https://mobirise.com,0
https://ucweb.com,0
https://gjhyss.com,0
https://core.ac.uk,0
https://mediatek.com,0
https://ebay.fr,0
https://mlive.com,0
https://opera.software,0
https://de-tencentclb.com,0
https://google.co.kr,0
https://meetup.com,0
https://mi-img.com,0
https://mayoclinic.org,0
https://we-stats.com,0
https://dashlane.com,0
