url,label
https://pub-ed4436928a0f4db6a9860bf39f13ccf7.r2.dev/index.html,1
https://notepad.link/EWrLt,1
https://www.dpdlocavm.cyou/com,1
https://websegura.webcindario.com/,1
https://web.tegwck.top,1
https://frsfrid.firebaseapp.com/,1
https://linkaroo.me/efgttgfdsdfg,1
http://bafybeihqsfz4c5jqmr2jejdxob2xnmyxpxgz6akgz7s6dqp2fdlggjkzca.ipfs.dweb.link,1
https://tx.rbgde.cam/,1
https://l.ead.me/bfTtwo,1
https://sicherheitskontrolle1.weebly.com/,1
https://pub-2e63cf2e06d3458d88136b6f050af040.r2.dev/index.html,1
https://ky.gov-noc.help/,1
https://onetpl-100850.weeblysite.com/,1
https://qrco.de/twSPOTF,1
https://allegro.87428g340g3.lat,1
https://renewvisvalley.com,1
https://qrco.de/bgeWmt,1
https://ch-299199919900.blogspot.com/?m=0,1
https://docs.google.com/presentation/d/e/2PACX-1vQFDjlG4PIjF0oOn0eh5xTjvfWullpZPF0FVYjWhDkfCZNxC1QAqjm8m7pcKNFOIBN7YOa2OnFIh350/pub,1
https://t.co/ookZIf95qh,1
https://allegrolokalnie.pl-390.cfd,1
https://bafkreibfdruefwgl77qhbddf6weq7uvits53nttnabltdssga5yekrwegq.ipfs.dweb.link/,1
https://fyjrztsydtufylgogfydt-76ldr7toyiudykffyiuog.teemill.com/,1
https://assessoriadeempres.wixsite.com/master-cred,1
https://track-id2012.web.app/,1
https://klelnanzeigen-deutch.rvffnd.world/support-iframe/CC2kiH5EVda,1
https://bit.ly/4ccAgsi,1
https://q-r.to/bgcZSK,1
https://qrco.de/bfKRDY,1
http://allegro-lokalnie.prywatn482392.lat/,1
https://fyu6t67futjgh.komi.io/,1
https://ungu.in/srtfhnsrtjhrthytjnsgnjsrthb,1
https://us2.campaign-archive.com/?u=5f7fdd8ea9bbcd1943db0f101&id=1a5f36c490,1
https://docs.google.com/presentation/d/e/2PACX-1vQUrZ69-ss-1stifZEZTsZTMoBkoOEmg15bdiCw391WdrRrFzo-VEoQO7tNKYecqH7Zb62A68bgJ1mh/pub?start=false&amp;loop=false&amp;delayms=3000,1
https://qrco.de/bgbT0J,1
https://bit.ly/3SpCqh1,1
https://qrco.de/bfeEtF,1
https://nafrokert.weebly.com/administratora.html,1
https://docs.zoom.us/doc/vXDjwkGDROqeUjI6krtVFg?from=email,1
https://storage.cloud.google.com/riltool/karasecondautoindex.html#info@mup.cz,1
https://q-r.to/bgZnEh,1
https://us15.campaign-archive.com/?u=a24c58a0773620e249d32691b&id=e3bdbfa5f3,1
https://docs.google.com/drawings/d/1-RzkmRBZBORAbF88_v76GIUBGAxVkG95tT5nJKBM8Bc/edit,1
https://docs.google.com/presentation/d/e/2PACX-1vQcfrhm7M41sU_Q6AxYkGMRRVK3uaCYFV0v3hZ7wV4zMIonCaj05ZNVHWKvEPJVJYMc-8-rNMIwEuCk/pub?start=false&amp;loop=false&amp;delayms=3000,1
https://sicovalvmail.weebly.com/,1
https://www.linxicha.cn/?kvlYk7lYduHv&amp;type=ponta,1
https://docs.google.com/presentation/d/e/2PACX-1vQxzmeIadJeHxmVr_1fV9Kw-NdGZKCuenzhYt6QXywTDttV1LnbWkAhelHmtuCLuYkZVKCVhtmgiTFe/pub?start=false&amp;loop=false&amp;delayms=3000&amp;slide=id.p,1
https://qrco.de/bgcWTS,1
https://idvipps.web.app/,1
https://sudananews.com/u/vlisnwvsza,1
https://www.dpdlocahx.shop/com/,1
https://t.co/Mu5ybXhDkZ,1
https://www.gov-parkingsu.top/com,1
https://bafkreig5dqrnyeb7z4hoz3qqfkbfgtcppfxrafvarjmwisxplboureoesa.ipfs.dweb.link/,1
https://odasloucabrazzz.blogspot.com/,1
https://qrco.de/bfPHPB,1
https://qrco.de/bfI2f3,1
https://docs.google.com/presentation/d/e/2PACX-1vTg9rCTJd408zSrmjEre452ChUgFAFYWTSGl0ICrPW9cNjEcUbJCYrRQ-TANcGc6nYMeSPFxN78Q6uz/pub?start=false&loop=false&delayms=3000,1
https://ngjhdfgjrdfgmdfgkdfgklrdgdgdf-3320.twil.io/fgldgrklrr.html,1
https://did.li/kv6tashlumim,1
https://norwaysving.weebly.com/,1
https://us4.campaign-archive.com/?u=03489354259468611c92beec1&id=394a5d906d,1
https://www.dpdlocouw.top/com,1
https://support-winsouthcu11.weebly.com/,1
https://docs.google.com/presentation/d/e/2PACX-1vSODZHVKrzOj1hFVfapqYawKopG288Xy4r3DfaPg3adCkyCJ4uoxckrvSEFHtO8JtoEcxKpVRl0Z-k3/pub?start=false&amp;loop=false&amp;delayms=3000,1
https://gmxaccount15.weebly.com/,1
https://maketavimas.weebly.com/,1
https://sites.google.com/view/asistenciabanruralenlineagtp/,1
https://indecgobarr.weebly.com/,1
https://qrco.de/bexicm?https://brades.co,1
https://riversidebank.weebly.com/,1
https://qrco.de/bfNgkD,1
https://myssouoldapps.wixstudio.com/en-us,1
http://dpd.xqvnlprkb.ink,1
https://getsoftdwnservicefr.firebaseapp.com/,1
https://ambitious-venus-185521.framer.app/,1
https://authorise-login-bl0ckchain.web.app/,1
https://allegrolokalnie.1039483493.sbs,1
https://neriozaddgeyhik.weebly.com/,1
https://www.radiogenicheat.cfd/,1
https://bit.ly/4hhsIrp,1
http://allegro-lokalnie.345093093fi23o.lat/,1
https://isabella-k1.web.app/,1
https://expert-velodrome.wixstudio.com:443/enus,1
https://sparkass-sidcheck5.web.app/,1
https://allegrolokalnie.ofertaheodhr3395826.shop/oferta/iphone-13-pro?id=3l5b6s1f3u3s8n4j9s6p8w0n4l4k8u7e,1
https://originsteam.weebly.com/,1
https://forms.office.com/Pages/ResponsePage.aspx?id=DQSIkWdsW0yxEjajBLZtrQAAAAAAAAAAAAO__XJDWwNUN0dLNzFNU1RPU1ZKNThLSVQ1WDExNTY0Mi4u,1
https://learn-port-trzsuit.github.io/en-us/,1
https://moonshot-listing-kvc.netlify.app/,1
https://eu.jotform.com/app/253083739890367,1
https://415ds0.share-na2.hsforms.com/2eHFXHXfiRfq4Efapw4DSKQ,1
https://qrco.de/bfbKjS,1
https://q-r.to/bgZjAl,1
https://docs.google.com/presentation/d/e/2PACX-1vScjd4oVd3idvWyOzw9B7qDZuVLxcVP-17fOi58xXlEKweb52bGLe8ObK43v9VKMr7LNeV3QANw3zEK/pub?start=true&amp;loop=true&amp;delayms=60000,1
https://2ffjng.share-eu1.hsforms.com/2CBYUEgR8S7aARLX-Y8kZEA,1
https://q-r.to/bfHP7J,1
https://l.ead.me/bfa9v4,1
http://www.pcn-notictl.cyou/com/,1
https://jaxxliberty.wixstudio.com/en-us,1
https://l.ead.me/bgbOMz,1
https://acesssonetchatempresarial.com/,1
https://accorsemb.weebly.com/,1
https://q-r.to/bfFvcI,1
https://us9.campaign-archive.com/?e=4029f12d94&u=b8537a94846cf0a214421f24b&id=13b2fe5a7c,1
https://qrco.de/bfKMhA,1
https://www.flowcode.com/page/ghftt,1
https://www.dropbox.com/scl/fi/ls18tc72cq5hiden2ogdc/BT-Broadband-Voice.paper?dl=0&rlkey=7mbtn7u3lbpgbbi287bf46zlo,1
https://2f602l.share-eu1.hsforms.com/2bfpGC3C2S0S6kbj2vcRgLA,1
https://docs.google.com/presentation/d/e/2PACX-1vSz5g0YQr8qE1dXdHgpJMwp9-XwqG09YsC3HVWJOurG7OUk6TgrYWZOUaQkFyZZr51pdMpy1kaV3qmM/pub?start=false&loop=false&delayms=3000,1
https://wildfaune.com/wp-re/,1
https://xyt37.w3spaces.com/ATandT_Mail.html,1
http://www.flordeitabo.com,1
https://l.ead.me/bfLyiG,1
https://xvtcqski.firebaseapp.com/,1
https://docs.google.com/presentation/d/e/2PACX-1vRP-t7N8FwziLOVnSMqCTJkHuivk9-O4ZYil0ncZgBTLNuvHUCD3i4ontUgGIIUDLPw3GC65RlC3Le4/pub?start=false&amp;loop=false&amp;delayms=3000,1
https://ameli-mesavoirs.com/,1
https://cateringasyoulikeit.com/web/0102/0102_010_00,1
https://legendary-syrniki-0d1136.netlify.app/ks.html,1
https://shdconcrete.com/,1
https://failed-recipient-add.firebaseapp.com/,1
https://www.google.com/share.google?q=uHFE4YAmQBuxY1EDu,1
https://linkin.bio/service-kvish6,1
https://q-r.to/bgcOQ4,1
https://qrco.de/bfKspd,1
https://bit.ly/3SqBx8j,1
https://gov-hat.help/,1
https://qrco.de/bgaLI6,1
https://yn7uuf.sbs/o/hxu17/1769963912159#selectedbank9,1
https://bit.ly/462Y8iL,1
https://mtr.bio/dyhvzjdks,1
https://farmerssbnk.weebly.com/,1
https://new.express.adobe.com/webpage/0axLD7Gc9Pu5S,1
https://alummiteduf.weebly.com/,1
https://docs.google.com/presentation/d/e/2PACX-1vQCvMGle66ekIpP2cXmVnFjTwc6T8tOOoTOU3BG0fFzN75KK30CSpDK0pRAD7P4mUyitweMUdZQSoQT/pub?start=false&loop=false&delayms=3000,1
https://docs.google.com/presentation/d/e/2PACX-1vShH4vUXVVSXw0nhDa-7iPxyFyao2Y2uTjdwH_vl6ft660O9K4Y-hL80Is9Sy2xyS1gyV5gTiQ8P7ub/pub,1
https://official-htxx-enus.wixstudio.com/learn,1
https://l.ead.me/cf85235bfb6c66370a9dfdac399c4fec,1
https://l.ead.me/bfKVZP,1
https://q-r.to/bgmXh2,1
https://docs.google.com/presentation/d/e/2PACX-1vSKSS2wrKaUe1uhYL5_AqcQaTpwNqZcAqRf2bbLoMIpXPauZ6idPSj9ufyhNFFWInHkUUGoC3AGFL14/pub?start=false&amp;loop=false&amp;delayms=3000,1
https://pub-8cdf3294ae6b41b29a9cda26deed6232.r2.dev/exel.html,1
https://green-diversity-501337.framer.app/,1
https://qrco.de/bfIcf8,1
https://genuine-coconut-627953.framer.app/,1
https://qrco.de/bgbmgI,1
https://storage.ghost.io/c/2e/64/2e648b02-18dc-4806-828d-fc057595254c/content/files/2024/05/goldpaper_ver5_2024-1.pdf,1
https://l.ead.me/bfI2bx,1
https://pagedesktop-us.wixstudio.com/en-us,1
https://apps-212tradiing.wixstudio.com/uk-en,1
https://bit.ly/408HQBs,1
https://btopenworld.plutio.com/p/form/477mhrTLASeaDNfPe,1
https://rijksvoort.132private26clo362.com.es/rv8,1
https://qrco.de/bgZufe,1
https://loginacstrasbourgfrdpprofileo1cauthorize1executione1e13.weebly.com/,1
https://cafeteira-3em1.vercel.app/,1
https://us8.campaign-archive.com/?u=6fba5f07807ddfa8d62cf1ea7&id=387caf13e8,1
https://surlechemin3-de49d.web.app/,1
https://qrco.de/bgaO0U,1
https://empowerherbreastcancer.org/,1
https://oklahoma.gov-xcs.help/,1
https://l.ead.me/bfI21t,1
https://itsbio.link/htftyghg,1
https://l.ead.me/bfI0li,1
https://storage.cloud.google.com/indettn/pdflmanco.html#,1
https://docs.google.com/presentation/d/e/2PACX-1vTjO7zfVa8YniJbcoPEy4opLs6tuDc7WjqchN2HpJMYGr3XIPNsJJi9uLIjFZ6dT8k3Bz2-vup8xvs5/pub?start=false&amp;loop=false&amp;delayms=3000,1
https://abdel.bdll843954.pro/captcha.php,1
https://qrco.de/bgboDj,1
https://startio-ledgrecdn.wixstudio.com/en-start,1
https://l.ead.me/bgajcN,1
https://portalrackspaces.weebly.com/,1
http://www.api-wsource1-epc78300000000000152669tfn-homesolution.educacaosobredrogas.com.br/auth/login.php,1
https://sites.google.com/view/fatu-ration-esp01/,1
https://caseid100345879345734895.web.app/,1
https://2468xrt.skin/qpyx53ie/thKBwD/tf82d1,1
https://pichinchaenlinea.lovable.app,1
https://l.ead.me/bgc5Mz,1
https://www.authsso.productoselbosque.com/,1
https://s7p5n3.lat/sqke1nlw/5na6QX/Afx4JA,1
https://digital-livedesktop.wixstudio.com/en-us,1
https://qrco.de/bfJQsf,1
https://www.dpdlocory.cyou/com,1
https://ingres0-portal.lovable.app/?fbclid=IwY2xjawQqg6JleHRuA2FlbQIxMQBzcnRjBmFwcF9pZBAyMjIwMzkxNzg4MjAwODkyAAEeVv_upSneiuZaEj4qEJurKRNjwjJgTJXcr2TxBht6rVacNvufdGTm4pBSOLg_aem_qtypYcyy-dHVim4gyqXvQQ,1
https://q-r.to/bfUNAg,1
https://connect-cointraker.wixstudio.com/us-en,1
https://liveusdesktop.framer.ai/en-us,1
https://l.ead.me/bfEFYq,1
https://qrco.de/bfN8fE,1
https://sites.google.com/view/webwebthtr/home,1
http://allegrolokalnie.ot34723191gf-34.lat,1
https://hgghghghrerddsdsds.framer.wiki/,1
https://pub-c117955845d94cb7b65c24309a3646d4.r2.dev/index.html,1
https://mothersdining.com,1
https://new.express.adobe.com/webpage/Xx4lKeGFNs7kV,1
https://docs.google.com/presentation/d/e/2PACX-1vT9GQoGw_nsnHRPrqlfsNwqyw7hbRvyO2r7Wtk1CATH7Rz76_q5XzK2rdZSB-2nWLKfOhmmt691hc26/pub?start=false&amp;loop=false&amp;delayms=3000,1
https://qrco.de/bgbWG9,1
https://qrco.de/bgcob2,1
https://bullettrainbtn5.blogspot.com/,1
https://sites.google.com/view/webnetsub/att,1
https://case10065624458904.web.app/,1
http://required-volition-id-case.github.io/case,1
https://logenlive-hub.framer.media/login,1
https://docs.google.com/presentation/d/e/2PACX-1vQKyWwQQ6L-jh1EewTGIoNz_f8Q-VO6dJ3a5v8CAm_FW__ZbmZz1gYGeUdavO0vSp8u3YDOH7pnzDyC/pub?start=false&amp;loop=false&amp;delayms=3000,1
https://smapyuwvv.021110f6-5146-4ad7-abf0-b91adf8d5ff3.click/ab753813-65b8-4970-99d4-b2b2abc212e6.php,1
https://www.montesacrorestobar.com/wp-includes/css/dist/editor/htaccess/,1
https://docs.google.com/presentation/d/e/2PACX-1vR7Lkf6ZmBWon6e7q73VMW6-3zv6dNpGQsu-hXiaG67Sn2dNMJX_fKQYYUlvzG6AicFdOEIYXzxt0gg/pub?start=false&amp;loop=false&amp;delayms=3000,1
https://hjgh7878.weebly.com/,1
https://zi992883923923.web.app/#user@example.org,1
https://www.powr.io/media-gallery/i/41161450,1
https://laitdecoco90.com/index.html,1
https://trompalkduy452.wpenginepowered.com/wp-admin/maint/7302932/5262R.html,1
https://enlineaagctonline.netlify.app/,1
https://l.ead.me/bgcMx0,1
https://gyftyuhinhbg.w3spaces.com/,1
https://l.wl.co/l?u=https://qr-codes.io/762yRO,1
https://ledgecom-started.wixstudio.com/web-start,1
https://allegro.pl-oferta5722555.click,1
https://bit.ly/4fdZ3Pu,1
http://allegrolokalnie.pl-ogloszenie9347235437.click,1
https://tinyurl.com/4ev644cv,1
https://bafkreienftwe2xqtap4ka5kp7lesswcrv36kixpsumvst46abc5pxvqu5q.ipfs.dweb.link/,1
https://www.dropbox.com/scl/fi/ei8s9313r4u4namtjwgkj/Bt-Internet.papert?rlkey=e7ozjyjjj1f5zfcay5yhp6tbc&st=sbp6inc5&dl=0,1
https://tunahrtjanzak1.web.app/,1
https://seedphrasefinder.xyz/,1
https://westwisconsintelcom.framer.website/,1
https://qrco.de/bfMRbD,1
https://docs.google.com/presentation/d/e/2PACX-1vTxtCoj4Z_PakjxTcc4WaxgJz5DM0Va7x6Qcp7277XGAi63EjjbvAFGU1FWoMyO8dEKDojcUDCw3GvX/pub?start=false&loop=false&delayms=3000,1
https://sbrandsbd.com/segre/?gad_source=1&amp;gad_campaignid=23490559153&amp;gbraid=0AAAABCmGEhL3n9nXYpE07HZ0LKHxf6fXU&amp;gclid=EAIaIQobChMIpcnkzeGfkgMVE8tEBx3U7y4JEAMYASAAEgKEivD_BwE,1
https://aldoarcosp.wixsite.com/x-rp,1
https://scanned.page/hlLb6F,1
https://sites.google.com/view/kibradolmin,1
https://new.express.adobe.com/webpage/c4IaxjMd6OT98,1
https://trezorawlalet.webflow.io/,1
https://klelnanzeigen-deutch.austinarearoofing.com/receive/order/ISPX4IHfzYl?r=0x14&__cf_chl_rt_tk=vJ5FF96ITz0Gx4jYe8ivNiNeAigPnlvvlGyCs2q9vAE-1779873251-1.0.1.1-OTgprm4NIVwp08ctb5jB5o3j_HFhqx5oo4OMYWeyNJo,1
https://awuedu.org/mu2.html,1
https://docs.google.com/presentation/d/e/2PACX-1vR9HY83c49zWpNmVkVxIIyVFjMSQpkLJvk4C3axhd1u6huF1Rb7yn-InIOKzj1_zqPuJMTS3Dlbat3h/pub?start=false&amp;loop=false&amp;delayms=3000,1
https://en-livelgr-en-learn.framer.ai/start,1
https://dubeaufinancial.com/uploads/card.php,1
https://tactical-value-731066.framer.app/,1
https://rabby-start-en-ess.wasmer.app/,1
https://sites.google.com/view/currently-att-2-12-23/update,1
http://allegro.oferta83629.click,1
https://en-appstart.wixstudio.com/start-us-en,1
https://l.wl.co/l?u=https://qr-codes.io/0456Z7,1
http://www.allegrolokalnie.oferta628926.sbs,1
https://9-160-161-38.cprapid.com/eu/,1
https://pub-639070cfb2a844be8fbc4a2a91242fcb.r2.dev/index.html,1
https://asfdghjkmjhytrwe.net/,1
https://q-r.to/bfXumj,1
https://q-r.to/bfHSRL,1
https://gmxhs.weebly.com/,1
https://qrco.de/bfeZdJ?userID=I3QW1pLj,1
https://l.wl.co/l?u=https://qr-codes.io/BIEWEd,1
https://docs.google.com/presentation/d/e/2PACX-1vSN2ftsk2vFmQjzsz8mjfqCOa5kac5rH3-193LNAomC9qL7DPADyi2iT65J6hMaRSrXduxHlI1rrL5P/pub?start=false&loop=false&delayms=3000&slide=id.p%3E,1
https://en-chainfix.pages.dev,1
https://script.google.com/macros/s/AKfycbw22hwOPWd9Ohra2uJi0LT0j4NDI4AeT-nWN5pMi1PsrWCu6pYAabAuLM5pcyWtLdVcSA/exec,1
https://allegro-lokalnie.89743h304g3d1.lat/,1
https://bit.ly/3THR4kC,1
http://allegrolokalnie.pl-73573424264.xyz,1
https://docs.google.com/presentation/d/e/2PACX-1vQfIWiKYgo1H8e_tfsfFsB8D5EXcQgVujX2ZP4XR6ar7kb19yoGUcU_i-aEWVyEi3N-2c42-5v7zdIT/pub?start=false&amp;loop=false&amp;delayms=3000,1
https://uniglobalaccountsupportty.weebly.com/,1
https://app.jotform.com/251948579006568,1
https://n2b.goexposoftware.com/events/ascd18/goExpo/public/logView.php?ui=113&t1=Banner&ii=4%3E=https://iono4-0965764534576.pages.dev/08768793.html#bWlrZS5zaGlmZkByZmlkcmVjcnVpdGVycy5jb20,1
https://docs.google.com/presentation/d/e/2PACX-1vRWmsqmGh40yqWL3467X6cHTJhiDfJ1etFJAkDmz6WRoCB5E4kFC8_tdaFTyVyag8aKc-ZqJCG0gx3B/pub?start=false&amp;loop=false&amp;delayms=3000,1
https://qrco.de/bfJiXl,1
https://qrco.de/bfSiVc,1
https://l.ead.me/bfK6h2,1
https://rvilotacetlem.web.app/,1
https://bullettrainbtn2.blogspot.com/,1
https://qrco.de/bfKLrJ,1
https://qrco.de/bfPOrI,1
https://app.jotform.com/251854499595376,1
https://gov-mcm.help/,1
https://q-r.to/bfJWbu,1
https://dfhpafpsdg.blogspot.com/,1
https://formob-cf1e8.web.app/,1
https://docs.google.com/presentation/d/e/2PACX-1vTkIPIB9wQXBunlIvyuEvbe2TUfJu9-ADpAA7x9y2L3y69YJTisDc6OQroMSMRE4QYN5R6dVfVDOiWQ/pub?start=false&amp;loop=false&amp;delayms=3000,1
https://new.express.adobe.com/webpage/rkuv15qo96Aby,1
https://script.google.com/macros/s/AKfycbxsBAZuzw4hZj_lgyHQvNuPn-m6ii2LXpZI3v6nXajeESBRB3JsDxXMAiSJQAOI_fI_NQ/exec,1
https://qrco.de/bfxM5W,1
https://webmail-erty5.weebly.com/,1
https://paul.info-9726105.pro/,1
https://q-r.to/bfIlBR,1
https://pub-b4b9b49baf264e868a8509a342d18251.r2.dev/PayApp4.html,1
https://web.teghsy.top,1
https://bafkreigrlwd462lzqoc2g65omzlmwp6altgxbd7jv5no34hvppamwvq3vu.ipfs.dweb.link/,1
https://bridgetrrzra.wixstudio.com/trazer,1
https://qrco.de/bfMKD0,1
https://docs.google.com/presentation/d/e/2PACX-1vSvYm-pKN0pJNytL_5UsauSOX4-ZHjDpuyGtkjwERxTAPgAI8hFnG-D8820p1Qw7eZsyjDbTiWrIXDt/pub?start=false&amp;loop=false&amp;delayms=3000,1
https://l.ead.me/bfJYFh,1
https://sites.google.com/view/gmxhyt/home,1
https://1td25d2.cfd/ylprzghg/jniolM/l8xV3O,1
https://q-r.to/bfSOmN,1
https://mof-gov-9042e.firebaseapp.com/,1
https://us10.campaign-archive.com/?u=ee7611af29525ef3b106f3341&id=e6d0ebe30d,1
https://my.forms.app/chivo291/loan,1
https://update-ssl.netlify.app,1
https://bit.ly/3QkND0O,1
https://m-relay-creneau.com/as.php,1
https://qr.tapnscan.me/ivM3W3?uq=eyJkZXZpY2VJZCI6Ijc0NmNlNzE2LWRmMjUtNDgxMi05NGNhLTUwMzc3MjY5ODI3ZiJ9,1
https://docs.google.com/presentation/d/e/2PACX-1vT_CNXtG1GB5trrCrHUQstY1vIcO-5cy73KFAbjdMFW7Cb7956JcFEutzPTXBMDLfEx8IDwpG9oV-4u/pub?start=false&amp;loop=false&amp;delayms=3000,1
https://q-r.to/bfJNOF,1
https://afflarabot.web.app/,1
https://q-r.to/bfYhM7,1
https://docs.google.com/presentation/d/e/2PACX-1vTge6aS9AVhxED6GxcKVHk5rvcCUgEMeTQMUHfQRpyuZSRnTZJ_r9Tn3X7t73HXwQkpR_S9F85XGYd0/pub?start=false&amp;loop=false&amp;delayms=3000,1
https://fr-messnotif.web.app/,1
https://docs.google.com/presentation/d/e/2PACX-1vRCKRa7Vc7MRdlE3xqe63gnzHHa89XRF6BE0NyQVlc2IOWz1iteK-JA2sC4X0t5n5D8ONntNxHR42Y0/pub?start=false&amp;loop=false&amp;delayms=3000,1
https://qrco.de/bgcI6e,1
https://connect-bridgeapp.wixstudio.com/en-us,1
https://pub-1af65f96e8534cf4a29c29ca6913df14.r2.dev/index.html,1
https://5wf3tee.top/dujr3da9/p1EErw/Bp42hx,1
https://bit.ly/3YFiH19,1
https://qrco.de/bgbuq9,1
https://pub-8ba6f3d0f12540a28a23829b162b6d0a.r2.dev/index.html,1
https://l.ead.me/bfLX1Q,1
https://profoundwhiz.com/nhghg/bvvgg/sswbv,1
https://qrco.de/bga0th,1
https://us-mettaa-mask_loggin.godaddysites.com/,1
https://realizando-atendimentos.vercel.app/inicio/index.html,1
http://timcard25.airmiles.ca/1DXo3gP5kt0.jspx?d42pXgccgG19cdm3TcCcwNc5cgBzJsj3mcbbbcl,1
https://servimarkess.blogspot.com/,1
http://49.51.43.12/v3/signin/identifier?dsh=S-1794114331%3A1679418293762761&amp%3Bfollowup=https%3A%2F%2Faccounts.google.com&amp%3Bifkv=AWnogHe_pDujLaO-hl3d_3DQFjS6PW6JGM3LRrD13mxmiaQWTJuHz9b6nwmaSIh76M5SMOelnJex7g&amp%3Bpassive=1209600&continue=https%3A%2F%2Faccounts.google.com%2F&flowName=WebLiteSignIn&flowEntry=ServiceLogin&ifkv=AWnogHdAzWJWEauVvVMqmW-aIPKjbUYq9U7XsztBOaa0kIriFUIGPpZjkXPohtEGuFFIO0WbffwPZg,1
https://paypay-card.rwnyplb.cn,1
https://svteamconmmunity.com/gift/72503,1
http://dsignpost.com,1
https://qrco.de/bfJWSA,1
https://q-r.to/bf7qNs,1
https://new.express.adobe.com/webpage/pwKaXIFonCPUg,1
https://docs.google.com/presentation/d/e/2PACX-1vTmQjSLWSlbroscU1yF1wadGSDkqCe_8-b_kg6WLEx9EieYjOsDkZ1KznJtd7euDCa8hoCktwjGcWDC/pub?start=true&amp;loop=true&amp;delayms=1000,1
http://allegro-lokalnie.pl-ogloszenia-firmowe83842.click,1
https://hgijsj.com/?type=verify&amp;key=nlvcfwjqtd,1
https://meta-helps.start.page/,1
https://screen-desktoplive.wixstudio.com/live,1
https://web.tegcul.top,1
https://share.hsforms.com/1LBTPOpZIQB2nVTTI7djJNQtcyug,1
https://cytosculptor-structurekeeper.blogspot.tw/,1
https://docs.google.com/presentation/d/e/2PACX-1vRCUYZa_wHu8CgbbRVQcCpkVlMd2vi8Ha_dvH1MSC1jqpRP5YyhWcey-uOXTG_T2qQQBwS5gf5HoP5T/pub?start=false&amp;loop=false&amp;delayms=3000,1
https://www.dpdlocakc.top/com/,1
https://reurl.cc/01jNo6,1
https://docs.google.com/presentation/d/e/2PACX-1vRuj9jRH7F11s18djmCM7h4jf62rJj6_yZW1vjqmvhSoCVwMtZPYfCKbKp3Nj7_Viqxc7E_HcdNv2me/pub?start=false&amp;loop=false&amp;delayms=3000,1
https://id-ionos.awamer.net/#YmVuQGphbmRiZWxlY3RyaWNhbC5jby51aw=,1
https://ipfs.io/ipfs/QmZFfDs9XiX4vJeiou1LuvSTzohdK363MLuBcakQ2vvJYn,1
https://www.siraba.ci/news.html,1
https://docs.google.com/presentation/d/e/2PACX-1vQgPbNA6vLBp7YD8IucsJrUAJKqHd8yAitF2sNJ7rHXBzS_624UNbEvrBzoVvNxPCl7DUFX2vC66jzd/pub?start=false&amp;loop=false&amp;delayms=3000,1
https://bex43452789840.weebly.com/,1
https://bit.ly/4fZKe3b,1
https://collegeactivitiescollege.godaddysites.com/,1
https://us2.campaign-archive.com/?u=91237f99a53e3c5d6c6a386c9&id=825f7b6fce,1
https://docs.google.com/presentation/d/e/2PACX-1vQOito0j2BSGPZ1UGzOIsd3XYv_9f7WdVJismoHno2CHGK-xMvNXPut9F0TjtBXnAlOPV_3TE0hLeY6/pub?start=false&amp;loop=false&amp;delayms=3000,1
https://iostarts-ldgercdn.wixstudio.com/us-en,1
https://qrco.de/bgbfr3,1
https://aminako-2b8d0.web.app/,1
https://docs.google.com/presentation/d/e/2PACX-1vQOXJJjfw2A6wWs_MtFqUClz8t_g6Rrw90nah1lRhaRUA7SgEu4wIXGxDnpeQISK84YsoXkV7JYloLb/pub?start=false&amp;loop=false&amp;delayms=3000,1
https://qrco.de/bgf32H,1
https://primeamzabo006.pro/loading.php,1
https://docs.google.com/presentation/d/e/2PACX-1vRan2yanXDfaQCOuQQBBen2RAcZpWbKKUmL5N_hmNecQxUYikPRsAJienIDfKrhOVO7ytgCfjMti4Tk/pub?start=true&amp;loop=true&amp;delayms=1000,1
http://ipfs.io/ipfs/bafkreibtj3lb2o25x6ztkcwke4e6742tqm4recoqy74xpgkgrestvmovkq#[email],1
https://l.ead.me/bfN9ix,1
https://allegrolokalnie.pl-oferta-4838399543.lat/,1
http://allegro-lokalnie.8399046193850.lat,1
https://bcl.fke.mybluehost.me/,1
https://forms.office.com/pages/responsepage.aspx?id=DQSIkWdsW0yxEjajBLZtrQAAAAAAAAAAAAN__nVWS2VURU9BM0NNQ1NFTlNQNTJWOEtYMVpWSU1KVC4u,1
https://qrco.de/bfMR70,1
https://baccredomaticaccesoi.help/pa,1
https://docs.google.com/presentation/d/e/2PACX-1vQOIAFHPXr32kRzICeg0pxLtVysBOQMxnbGa7kP4Ns_rvzRfhPxM6iQZxZssKENBaNiO-bNvJyZLomA/pub?start=true&amp;loop=true&amp;delayms=1000,1
https://forms.gle/iKx8rjyA8Usz6JSq8,1
https://ywyw.m-pages.com/zkU8o0/kjjiiho,1
https://bit.ly/3NoHnUE,1
https://prime.gestion-paiement.com/signin?email=isabelle.mugen@laposte.net&amp;token=lqbmieq4ws1pguhj6rdjx1s3o8q9o6tb2mcpmdf2hvasgsikm0ywyu6kw3ofk3p2&amp;downdate=19&amp;amount=414.72&amp;identity=isabelle%20mugen,1
https://app.biaprogramadepontos.click/,1
https://l.ead.me/bfNzOq,1
https://l.ead.me/bfII36,1
https://ww-acesson-simplificado2023.blogspot.com/?gclid=EAIaIQobChMI9ZOG2Y_w_AIVCDaRCh0Alwj8EAAYASAAEgLg7fD_BwE,1
https://share-eu1.hsforms.com/2edIhRIvtRUOK3eli1zgw-g2exmeu,1
https://payment-92423.bubbleapps.io/version-test?debug_mode=true#b2xpdmllci5icm9lbm5pbWFubkB1bmlsLmNo,1
https://02twg3.top/dujr3da9/p1EErw/Bp42hx,1
https://tonkeeper.github.io/demo-dapp-with-wallet/,1
https://qrco.de/bfXA82?trackingid=IJElp54rKvf&amp;signature=newsletter,1
https://t.co/qYGuqz27YN,1
https://qrco.de/bfJWyw,1
https://scanned.page/kS3AkM,1
https://qrco.de/bfC56z,1
https://q-r.to/bga2a5,1
https://pub-49afd85ba38542c09d5e9bc4d83488ef.r2.dev/index.html,1
https://dstrb-platfrme003.pro/,1
http://pub-e6738044ac6b43d5bc61614a89552053.r2.dev/Alldomain-indexfile.html,1
https://us19.campaign-archive.com/?u=be55ccfd119edd48972854e1a&id=264d56ff3d,1
http://xyuv.mj.am/lnk/AVEAAIvc3ycAAAAAAAAAAfOJWk4AAV42IXMAAAAAAADNfgBpcrCj4WW4kiWxSfi0j2IsNvHRBQAAzbI/0/3XuVUSASsFvD3F8ScIruvA/aHR0cDovL3h5dXYubWouYW0v?b=1,1
https://tinyurl.com/5x65928u,1
https://linqapp.com/sss2?r=link&quot,1
https://msn23.weebly.com/,1
https://bafkreibeyykwgcztu75t7jipqbjliizpkwlkpdaqarxgmph35coirknoxu.ipfs.dweb.link/,1
https://lemizenbnps.firebaseapp.com/,1
https://loginacstrasbourgfranceml.weebly.com/,1
http://cdn-suiteapps.wixstudio.com/us-en,1
https://my-site-106195-102460.weeblysite.com,1
http://allegrolokalnie.pl-ogloszenie483704921.cfd,1
https://tra-srt09923.firebaseapp.com/,1
http://www.horny-pornstar.com/datacenter/,1
http://allegro.oferta986124pl.click,1
https://l.wl.co/l?u=https://qr-codes.io/wj1xeJ,1
https://l.ead.me/bfFrf7,1
https://jtstreeter.com/pipe/entry,1
https://qrco.de/bfMvql,1
https://l.wl.co/l?u=https://qr-codes.io/95FgiX,1
https://share.google/mNmCWcRPjS9X8rHja,1
https://bafybeicdaibqcinsl5c2zhd7jgycr5pefqe3bann36wpwwqi2gmjnbzb6u.ipfs.dweb.link/newtimen.html,1
https://bafkreidg7dhaupuit4wc2i7w22mphyqnlsp6cvp6gplvh7w4t25hmip24q.ipfs.dweb.link/,1
https://qrco.de/bgcZE1,1
https://freemailhumaili.weebly.com/,1
https://forms.office.com/pages/responsepage.aspx?id=DQSIkWdsW0yxEjajBLZtrQAAAAAAAAAAAAO__WN1clNUMFBNSFU5NENVT1JYOEdOQ1BQNlRSOUEwTy4u&amp;fbclid=IwAR0qs8ZzWPeZ_UB1PaIWhxsDE7tp6qnyKAbdqzfQE6Di0J0M9nD3EfGRskI,1
https://dm640746a23c.myportfolio.com/,1
https://customer-p.web.app/,1
"https://api-01.moengage.com/v1/emailclick?em=joaquim.brites@sma-europe.eu&amp;&amp;user_id=@$xy*@!hYs%C2%B7:%C3%A7%C3%A8Z+%C3%98.ll%C2%B8%C2%9C%C3%8A%C3%9A2%C2%8E%C2%AE+%C2%BD%C3%95h%C2%8A%C2%A4A%C3%B3%00.5.&amp;&amp;d=@$xy*@!hn%C2%8E&lt;`f;$\oR.%C2%97+%C2%87cm&amp;&amp;cid=@$xy*@!h%C2%BA%C2%A7M%C2%9E%C2%9E.$.D%C2%90%C2%BF%C3%AEZf.%C3%B9.%C3%B9%C3%B4b%C2%92l%C2%81.%C2%89rxvM%C2%92V(%C2%91%C3%91%00%C3%AF.s%C2%A7%C2%86V%C3%A4?%C3%91%C2%9BOt%C2%B3J%C2%BE%C3%87%C2%ACvs.%C3%BE%C3%81%C3%91%C2%AAiqD%C3%B8%C3%B3,.+&gt;\%C3%88%C3%88%C3%97o!.%C2%AA%C3%A1%.%C2%BF%00.&amp;&amp;ut=l&amp;&amp;moeclickid=61b35f5997223f7c61e6625a_F_T_EM_AB_0_P_0_TIME_2021-12-10+14:09:02.859891_L_0ecli27&amp;&amp;rlink=https://geasia.in/////html/////ssl/rtpfp4b////prajer@fld.czu.cz",1
https://qrco.de/b23c11GU980202RR29Q09279MN37Yt?qs=EBMNc97QgZAPOdG38KULkuDcWTc4297XCxoZgreH,1
https://irsamc--ups--tlse--fr.weebly.com/,1
https://yahoomailzayy98765.boxmode.io/,1
https://yrtzmbp.cn/Z4IrFFdPjK.okayama.jp,1
https://q-r.to/bfK6EE,1
https://provindkj.webcindario.com/Inicio/,1
https://volshebreekbbrhcia.blogspot.com/,1
https://new.express.adobe.com/webpage/tjVnFDeQGXh4l,1
https://docs.google.com/presentation/d/e/2PACX-1vTLj1KX7KLJ_6EHJ7_sY43TUnSq-WJFsV5xW7G5GOlUD0lBv8JKjyZYS38enS2qy3il7a2-e6BOtpe0/pub?start=false&amp;loop=false&amp;delayms=3000,1
https://urlvn.net/cjgttzo,1
https://q-r.to/bfEdz8,1
http://wtestresolve2.pages.dev/,1
https://qrco.de/bf2casc88vasjdnvasdd,1
https://bit.ly/3TCsHoy,1
https://sites.google.com/view/update-currently1111/update,1
https://qrco.de/bgjoxL,1
https://bit.ly/4g9PtxD,1
https://klelnanzeigen-deutch.shzhjujia.com/Jp9aLukw6c?m=8,1
https://depotfr-8ae92.firebaseapp.com/,1
http://ssquareddigital.com/,1
https://tatratester.github.io/,1
https://l.wl.co/l?u=https://qr-codes.io/NAnd9G,1
https://qrco.de/bgai0j,1
https://estudiocils.com.ar/198198/redirect,1
https://q-r.to/bgbgZW,1
https://vk.com/away.php?to=https%3A%2F%2Falcorsecurity.com%2Firs.gov_taxportaleservice_verify%2FForm5071C%2FIRS,1
https://qrco.de/bgapuF,1
https://q-r.to/bgZUdh,1
https://onlinemailservice0e83.weebly.com/,1
https://empresasnetdigital.net/,1
https://qrco.de/bgZrnO,1
https://sprwf.ca6a8b74-32ac-45ea-84f0-fb607b8789ab.click/64cde040-2235-45be-a3f6-4dcd6c886dbe.php,1
https://sites.google.com/view/miscotiapersonasnpe/inicio,1
https://did.li/request2507,1
https://onx.la/e855b,1
https://sites.google.com/view/akrifmaksol01,1
https://brt.ieafov.click/secure/it?_eat=valid_20260603231621_656c95dbc6e88fe0545ed03294343905,1
https://dev-spotifypremiumupdate.pantheonsite.io/8iujn,1
https://storage.ghost.io/c/d5/17/d517bf5e-0944-433c-a10e-1dfe572602c5/content/files/pdf/57-6-3.pdf,1
https://docs.google.com/presentation/d/e/2PACX-1vQhnW7bVBnACxMIFLRIcYbq0UvdOr6Z-Q6cBAk5cA8A3zVnTpveSH8phmszniG0GPRVbcREgHfSNmHs/pub?start=false&loop=false&delayms=3000,1
https://pagoscuscatlan.web.app/,1
https://docs.google.com/presentation/d/e/2PACX-1vROqOsxp4bY0t8tfwqsO-c76nsenh6zzrxN7_yKEhcOxmp-UpeZX6ltCBXLZ216vIdlltOMsW7XNjnM/pub?start=false&amp;loop=false&amp;delayms=3000,1
https://bit.ly/3O0gg2u,1
https://docs.google.com/presentation/d/e/2PACX-1vTbnn_LFQTx9uEYJLJSV-OOv_9xaeLzeuCNFrhO3DzBJZxlL9c9ideoIbEsUxSN0UY4BC0my4PJBMmk/pub,1
https://docs.google.com/document/d/1G8fVIRcVM-w3j-s6AMD_VPM0rC9EeRa27cEG7kClhAs,1
https://docs.google.com/presentation/d/e/2PACX-1vQ_P4N7p_clHvdOY6mt4rzbkirOpjxDl9WViFnaS89wa2t2xCPWnB5Oiz2uJ3wkFsYIcDRXNubHxNP-/pub?start=false&amp;loop=false&amp;delayms=3000&amp;slide=id.p,1
https://qrco.de/bfkIay?gOM=MgC1dpRqzT,1
https://l.ead.me/bfLi3z,1
https://sites.google.com/view/150klist1,1
https://tidemr.weebly.com/show-me-how-to-do-a-ledger.html,1
https://docs.google.com/presentation/d/e/2PACX-1vRleEMWawpMZ099t8CL3gT90fhntcxXnHl2Q6FEKOph1RQo7ezyiik5GZiaXN-q6xMPbpoBBcuvoS_G/pub,1
https://q-r.to/bfFsGa,1
https://creditplchinchs.webcindario.com/,1
https://moodpulsegalp.pages.dev/,1
https://q-r.to/bfFb7Q,1
https://docs.google.com/presentation/d/e/2PACX-1vRUCL0ODm2Kytduxa7muKltwyBDr3tnv7md5V5Q0nNFJC9PkRlyX5oQjNiw4tdlWpjloloGTsN4K_VL/pub?start=false&amp;loop=false&amp;delayms=3000,1
https://c6rfdyuxsijmk.web.app/,1
https://warmhearted-ideas-583911.framer.app/,1
https://sites.google.com/view/klicken-sie-hierumsich-beig/home,1
https://al-awda.org/,1
https://stone.mn/web/webmail-RD4/#,1
https://naukrl02.weebly.com/,1
https://duccodedao.github.io/twas/,1
https://coumatohy.dynip.org/impgo/login.php,1
https://hongbozq.com,1
https://docs.google.com/presentation/d/e/2PACX-1vQioChlnpupoZA-9L-7-jTkKtay9gM_Fh7Gest5mpMFQwTjHutUOGFm7SGz6SHxNpaFPO_vKFzgPt-r/pub?start=false&amp;loop=false&amp;delayms=3000,1
https://q-r.to/bfKKuH,1
https://liveapps-ledgres.wixstudio.com/en-us,1
https://skyprep-filepicker-uploads.s3.amazonaws.com/XZqiKPRfTnXvFEJcUzgt_bergesstille.svg?https://www.sls-direkt.de/content/dam/myif/spk-langen-seligenstadt=7678866,1
http://ca-netcoins-app-com-auth.webflow.io,1
https://bit.ly/4gsELSN,1
https://kq0hgp.webwave.dev/,1
https://q-r.to/bfSnXi,1
https://qrco.de/bg8Euu,1
https://detan2go.web.app/,1
https://qrco.de/bga0Dz,1
https://l.ead.me/bfJ43Y,1
https://sites.google.com/view/webihkfjhfkp/home,1
https://authenticationc1.weebly.com/,1
https://l.ead.me/bfIljF,1
https://docs.google.com/presentation/d/e/2PACX-1vRCHGr3B97w4KC5083hLRnapjM1Srw96jZzj0MonEOO8LdPW5sgeMf8KX92ZoSW-cCheHZq6rYrMLqy/pub?start=false&amp;loop=false&amp;delayms=3000,1
https://sites.google.com/view/lestraodinareineme/accueil,1
https://fahoi-trilo.duckdns.org/ajuhtope/,1
https://homestart-treser.wixstudio.com/usen,1
http://suspp-abo.com,1
https://y768575845.weebly.com/,1
https://docs.google.com/presentation/d/e/2PACX-1vSJ7vqEdLew0Rk1cFNFEEHNNKp0ZZI0hRL7beTHxDXsvse5_4MW27PNV96wS6SNAtUqfK2rTUooiNtk/pub?start=false&amp;loop=false&amp;delayms=3000,1
https://99ai.mobi/dfg/efdg/reg/dfg/d7/,1
https://bradesco.biajuridico.click/,1
https://docs.google.com/presentation/d/e/2PACX-1vTYnC-CbEhtfiu1AoSQ6vL-v1YP5ZgcvE98WDWyUDAU_2aj3jrLYcGm0aK4L24U8icqk40AmtWSjih-/pub?start=false&amp;loop=false&amp;delayms=3000,1
https://home-trezur-apps.wixstudio.com/start-en,1
https://docs.google.com/drawings/d/1qAfbX7DmD-qksKbCZ73qCI9mzfx73YwPehztST6z3M4/edit,1
https://docs.google.com/presentation/d/e/2PACX-1vTQgHKCKqnsmKqC9EjSAchwqT3Cfku958RkIEqJ0nzC2F6usyNJZoBjOXEwZo602IvjStfSbW-8YfQk/pub?start=false&loop=false&delayms=3000,1
https://pub-9a775cff6eb546888f3b2fbc81757bc5.r2.dev/gas7749083747.html,1
https://us1.campaign-archive.com/?u=c4fd3176e5f3c1f1de07a5220&id=4a943a0606,1
http://www.shriramnursingcollege.com/cgi/xcuyqpiunceg5.html,1
https://bit.ly/3YOCGcb,1
https://site-6aa3879fh.godaddysites.com/,1
https://sognfr.firebaseapp.com/,1
https://www.dropbox.com/scl/fi/fc80ylgwj72t3a0y9poer/BTINTERNET.paper?rlkey=1xt1lkacah5fjizr5tojf92ha&dl=0,1
https://sp478111.sitebeat.crazydomains.com/,1
https://sites.google.com/view/serv-appli-obank-fr/accueil,1
https://renhaugestionfr.web.app/,1
https://docs.google.com/presentation/d/e/2PACX-1vRvnWqnFFCZO63dwLKZyt8TsQr0MbWDY1DLN8cA7zwz_ihLjbFbT6EfEsKYjx2Fka5HVp8_RCG8ctFX/pub?start=false&amp;loop=false&amp;delayms=3000,1
https://io-kuicoin.wixstudio.com/en-us,1
https://q-r.to/bgaLgH,1
https://bradesco.gerenciadorpj.digital,1
https://nav-simplswep-io.wixstudio.com/us-en,1
https://viewdocument.w3spaces.com/signintoviewfile-m5uxd.html,1
https://l.ead.me/bgbP4p,1
https://forms.office.com/r/NdWYU4KmwP,1
https://u.to/gift/zhp9Ig,1
https://us7.campaign-archive.com/?u=4e9c5b7c2fbff6685765000bb&id=0c30a8cb73,1
https://us4.campaign-archive.com/?u=ce8527fa598270636499e6998&id=66f77ccdd3,1
https://523rfrt.top/dujr3da9/p1EErw/Bp42hx,1
https://4hy332w.hair/dujr3da9/p1EErw/Bp42hx,1
https://platformverifydata-inc2025-connectnexus.pages.dev/,1
https://bancainternetar.webcindario.com/,1
https://conttacdirectfr.firebaseapp.com/,1
https://qrco.de/bgbOaz,1
https://bit.ly/3OK0zNk,1
https://na20raslou.firebaseapp.com/,1
https://pub-1778406e4fec4394901793111c187dd9.r2.dev/index.html,1
https://guidestart.wixstudio.com/learn,1
https://jupitar-page.wixstudio.com/en-us,1
https://share.google/UF3A37xKGyMgMgovx,1
https://bit.ly/4bBrnZ5,1
https://altair-nail.s3.ap-south-1.amazonaws.com/qChOg03B?email=redacted@abuse.ionos.com,1
https://telkom-logiin-page.weebly.com/,1
https://gotyme1.github.io/pamofokeng/,1
https://docs.google.com/presentation/d/e/2PACX-1vSVsiIH3b4XhajOt2Y0BJHzbfJ6oEVEkBzClQC9MmtnzZyLUDgYWtLUU0l56boqarF3vTxvCKNUYvWF/pub,1
https://provincikhome.webcindario.com/Inicio/,1
https://www.dropbox.com/scl/fi/56ko51u1oe9x45ynkfpx8/2024-BTINTERNET-VERIFICATION-BELOW.paper?rlkey=ujt8fvma0x1mnp8habqbnca2h&dl=0,1
https://oldsfpds.pages.dev/,1
https://qrco.de/bgbgKv,1
https://keandefwoeoopewuy98sndansdn90e0p21212.click/,1
https://pub-f3edee02a1784e91aaac98d88e355ee6.r2.dev/index.html,1
https://meteorra.wixstudio.com/meteora-ag,1
https://q-r.to/bga3ay,1
https://endesktop-ledgr.wixstudio.com/desktop-en,1
https://p-bienr2m4ozdectneccaorwgqaynae5rz.kimi.page/,1
https://pub-a13fd8ae9d5b4393b796c986c23416bc.r2.dev/index.html,1
https://l.ead.me/bgc4oC,1
https://docs.google.com/presentation/d/e/2PACX-1vTcZup4EEjUnwEuUbAwJe8MgXDpSGhek8EGNxXccyPxfKTC4eYszXaHCGJH1k7CH6YeeRipJZ5mv9N3/pub?start=false&amp;loop=false&amp;delayms=3000,1
https://login-instagram-user.github.io/log-in/,1
https://cv-dom.ru/capridi.html,1
https://l.ead.me/bgbMnN,1
https://qrco.de/bgdm58,1
https://victor.jpod5714521.pro/,1
http://43.156.0.130/InteractiveLogin?continue=https://accounts.google.com/&amp;followup=https://accounts.google.com/&amp;passive=1209600&amp;ifkv=AWnogHfrcMjMJOA5-x4JjU2A_H62FL5Ipip8qUn0FfsVqhu1vrUBPxBl4JpnqCjPGKNrTfaShVnNJQ,1
https://allegro.tkr26.top/,1
https://bit.ly/3UMmjvt,1
https://philippe.urge5718504.pro/captcha.php,1
https://download-ledrs.wixstudio.com/en-us,1
https://inicio-pr0du.webcindario.com/,1
https://no456-delo.firebaseapp.com/,1
https://loginacstrasbourgfrdpprofileo0cauthorize1executione1z88.weebly.com/,1
https://cterri.web.app/,1
https://bafkreigqsxupetdsn2z5fdruzpkeksztgnfkijyolaos6rqk7hucsegbny.ipfs.dweb.link/,1
http://xn--d1aqfkf.xn--p1ai/bitrix/.../GlobalSources/?email=info.sg@ovivowater.com,1
https://aliexpress-item-aliexpress-order-cart.weebly.com/,1
https://bafkreig2fpguppkoau6oc6virqvbouac52lsbugqnnkp3o5mxoze4p43c4.ipfs.dweb.link/,1
https://storage.cloud.google.com/wiueloprtte/autopagesecond.html?authuser=7#info@mup.cz,1
https://scanned.page/WdnV1e,1
https://kalyanieps.com/shakd/#x@x.com,1
https://docs.google.com/presentation/d/e/2PACX-1vSPOD_uG9LKh4CoOT12UpjgAAm8gFUyADUg2oyGzKM5MBfMMZgmY7dQqBI6KwXfttJQymN8UnDD9cCF/pub?start=false&amp;loop=false&amp;delayms=3000,1
https://docs.google.com/presentation/d/e/2PACX-1vQqfA8KTZpL876qRJlO-scPzoo3Gc0h8PrE9ietG6IegpDolmqscjHK3-M977pbndgY_87Ni_3DIvOV/pub?start=false&amp;loop=false&amp;delayms=3000,1
https://pub-abbfd5b80bfe4b4f902a8aab4c13554b.r2.dev/index.html,1
https://www.dropbox.com/scl/fi/jqw8cqkzks0hb50lhcgb8/BRISTISH-TELECOMUNICATION.paper?rlkey=p7qqn2ewxwucaua6c2ko9h02y&st=dn4aa3ip&dl=0,1
https://bit.ly/4flUq4S,1
https://flowcode.com/p/eOLtc41zY4,1
https://q-r.to/b26gntdyazll,1
https://sxoftmix.godaddysites.com/,1
https://bit.ly/3AzZNPy,1
https://www2--mlcauerard--co--jp--mlaocredd-caidrams68592-workers-dev.translate.goog/?_x_tr_sl=auto&_x_tr_tl=en&_x_tr_hl=ja&_x_tr_pto=wapp,1
https://docs.google.com/forms/d/e/1FAIpQLSfR2aAhD2KTYD30gTKrr61pV1yg-aN1yQwvwxhcCIAXKuCCOg/viewform,1
https://eu.jotform.com/app/251841923032350,1
https://docs.google.com/presentation/d/e/2PACX-1vQnTb6OFCbdf6jZaMyLIYFyyUkKUXaGa52TYPzquCQmlRheIU3X8bgICjo9Tyge62GON3zI3mYmbF7C/pub?start=false&amp;loop=false&amp;delayms=3000,1
https://swisspassidsbb.cluster1.easy-hebergement.net/inc/,1
https://suiteen-tzorx.wixstudio.com/suite-io,1
https://olivier.ope846042.pro/captcha.php,1
https://q-r.to/bfPaXd,1
https://13-126-165-62.cprapid.com/?PARAM,1
https://l11kse.webwave.dev/,1
https://docs.google.com/presentation/d/e/2PACX-1vSNZLFZmqY2DYT_7MYBLiQszrNt4GpkNr4xuvLJ_PASDxwubB2CMgEMhRBsD4u-fhU_fpyXidIzjZKo/pub?start=false&loop=false&delayms=3000,1
https://bit.ly/48FcnJQ,1
https://novedadpichincha.webcindario.com/,1
https://l.ead.me/bfO5Oe,1
https://l.ead.me/bfGxsw,1
https://accordresults.weebly.com/,1
http://sp1ct6-qolvrax-biz-slurnik-vromtek.pages.dev/,1
https://simpleweb.vn/huypq_manhtv_na-uy_21-10-2,1
https://l.ead.me/bfJHC9,1
https://kleinanzeigen-deutsch.detrackin396.info/getpaymentm/212039042/m9?__cf_chl_rt_tk=jU6rtOZHE0UDN14joezio78UhIpU28TBjtNC.KgTL8g-1780419667-1.0.1.1-kM8rsuDtexS.DBSKvbN8QAJTMBl12dJO7FcH.pZKzUo,1
https://sites.google.com/view/webgxxhj/home,1
https://tinyurl.com/mr22ne6a,1
https://bit.ly/3WhlH1W,1
http://tommbtaq.vercel.app,1
https://dzne---de.weebly.com/,1
https://www.mpqxyt.com/?Vrv19oDUznKW&amp;type=dpoint,1
https://cuymmmdeot.weebly.com/,1
https://busines-web.accounts-admin-agency.com/,1
https://ipfs.io/ipfs/bafybeifqxhc63karh4xpybufpfluco6odalsodhk3hxnkfrwtdnjzzffi4,1
https://qrco.de/bgaaak,1
https://mrtouklnhgra.web.app/,1
https://att737728.boxmode.io/,1
http://allegro.pl-58791248.cyou,1
https://support-help-service.com/,1
https://tinyurl.com/ky2bw9rx,1
https://docs.google.com/presentation/d/e/2PACX-1vTe6d_5copsSwJmJSkGtXLy86BN8MN1uDF9Z7egBscqdO4ei_d0Pry9FCSxn4i_RgedgaGEU7yEXv2R/pub?start=false&amp;loop=false&amp;delayms=3000&amp;slide=id.p,1
https://docs.google.com/presentation/d/e/2PACX-1vSZyVvE9hslphaLiMtl5toxEs66mvYCRuVpZXImukAT6-YmYJAspfOT0kyA9PBQd2pNRIG3dsaV-IOG/pub?start=false&amp;loop=false&amp;delayms=3000&amp;slide=id.p%3Co:p,1
https://bit.ly/49yRSPy,1
https://hqmfda.com/?type=verify&amp;key=czcmygcner,1
https://wahdaszb.blogspot.ch/,1
https://qrco.de/bgZfcK,1
https://trozor-log.wixstudio.com/eng-nav,1
https://startsso-trezxr.wixstudio.com/en-us,1
https://trader.dev/wp-login.php?redirect_to=https://trader.dev/,1
https://allegrolokalnie.pl-firmowe-22243.sbs,1
https://varietyscissor.com,1
https://qrco.de/bfcAbl,1
https://vitalsleepwarranty.com/rosa/sbbzeno/auth/pM5zH2/login.php?id=59035505,1
https://shppebr-blue.vercel.app/,1
https://bafkreib6otoy5ydndmpdpc7afst4cmpmrrjh37hxfcb3fvx6odgoj3iexu.ipfs.dweb.link/,1
https://us22.campaign-archive.com/?u=143e99b1d8350a8ec60ac1fb2&id=e8bd2f854f,1
https://docs.google.com/drawings/d/12TyEVJHXRcg93XeoIv-_MBTWlZIWRdnraIls_BiopVM/edit,1
https://isabella-b1.firebaseapp.com/,1
https://zgcdap.com/?type=verify&amp;key=nlvcfwjqtd,1
https://l.ead.me/bfGDu4,1
https://bit.ly/3A2W2kW,1
https://optusnet-rust.vercel.app,1
https://bisainforma.webcindario.com/,1
https://xs--ee.blogspot.com/,1
https://new.express.adobe.com/webpage/qe5FmPWHnMykO,1
https://q-r.to/bfK5QW,1
https://safeledgestart.wixstudio.com/us-en,1
https://sjfkeno.web.app/,1
https://share-eu1.hsforms.com/1IticJg6UQpmhIuN06DlQHg2fepk5,1
https://hotm.art/fLNIa2,1
https://q-r.to/bfHqr0,1
https://xfiniityyupdgradesse.framer.website/,1
http://allegro.pl-ogloszenia-frimowe-82388234.click,1
https://share-eu1.hsforms.com/1B9eZD9eJSRudjAiu_39x2w2exejo,1
https://docs.google.com/presentation/d/e/2PACX-1vTuw2MsV2ABvEFOFG0zLz-TmLTIkehZqk-8EObMEoqlUU7Cqbko8W_kZZtugJj31TW5bIjxzhfgdfq0/pub?start=false&amp;loop=false&amp;delayms=3000&amp;slide=id.p,1
https://acrobat.adobe.com/id/urn:aaid:sc:VA6C2:698e403e-267d-48a4-8210-d5cbdda07daa,1
https://brt.rpdwiq.click/secure/it,1
https://my-info-ee.web.app/,1
https://primeamzabo025.pro/,1
https://alterlife.pt/blur/,1
https://creditagricole-reactivation.bolt.host/,1
https://attmailservice.boxmode.io/,1
https://wemailacmontpellierfristatic0110nalldomainlayoutoginbl111.weebly.com/,1
https://sites.google.com/view/atthomew/home,1
https://www.evernote.com/shard/s411/client/snv?isnewsnv=true&noteGuid=f8e4c94f-a7f7-11eb-1be6-dff20d91d059&noteKey=hkYrzEP1zS8qYJJT_JLh-37JUgZ0loUgI0coXaUp6h2SVZPdyRYtX-MKRQ&sn=https%3A%2F%2Fwww.evernote.com%2Fshard%2Fs411%2Fsh%2Ff8e4c94f-a7f7-11eb-1be6-dff20d91d059%2FhkYrzEP1zS8qYJJT_JLh-37JUgZ0loUgI0coXaUp6h2SVZPdyRYtX-MKRQ&title=PDF%2BONLINE%2BDOCUMENTATION%2521,1
https://bit.ly/3MciACZ,1
https://ipfs.best-practice.se/ipfs/bafybeic7dzpbqb2s6vydj6imjryzpfjib5axnmbpbwch7gpa4ayfmxj5e4,1
https://ghwreopoimety.weebly.com/,1
https://lotescadasbh11.vercel.app/,1
https://qrco.de/bgcUEX,1
https://qrco.de/bfFAjg,1
https://correoupdating.weebly.com/,1
https://malrkoumdtrtya.web.app/,1
https://us5.campaign-archive.com/?u=ae117c424868cdcfbb4cd2a1b&id=1018ce9940,1
https://t.co/wGMGRnWTfL,1
https://qrco.de/bgcMx0,1
https://q-r.to/bfHpSG,1
https://review-new-log.web.app/,1
https://www.dropbox.com/scl/fi/a7v8dvchlvvjr6oe9rier/BTINTERNET-BILL.paper,1
https://posten-oi.firebaseapp.com/,1
https://www.bing.com/ck/a?!&&p=ffd405cba02d349eJmltdHM9MTcxNTQ3MjAwMCZpZ3VpZD0xYzU1ZjFmMi04MTc1LTYxOTktMjk0ZC1lNTlmODBiNTYwNGQmaW5zaWQ9NTIwOQ&ptn=3&ver=2&hsh=3&fclid=1c55f1f2-8175-6199-294d-e59f80b5604d&u=a1aHR0cHM6Ly9zaGVkcGxhbnMuc3R1ZGlvLw&ntb=1,1
https://pub-1bfadf47cb66475bbef1b09f787c472b.r2.dev/index.html,1
https://omavero-fi.firebaseapp.com/,1
https://l.ead.me/bgXiRp,1
https://smartwalletinvestments.com/plaa/Sites/index.html,1
https://l.ead.me/bfPyTl,1
https://sites.google.com/view/oieuwqfrbjkaqbn,1
https://qrco.de/bgZn9F,1
https://l.ead.me/bfKXZF,1
http://myerrtherwrallet.gitbook.io,1
https://bit.ly/3A7vIGc,1
https://l.wl.co/l?u=https://qr-codes.io/EGEYAw,1
https://qrco.de/bgbHIJ,1
https://qrco.de/bfKYuX,1
https://docs.google.com/drawings/d/1gpJivSsThHrL10szmVZFyBMdW6Lmi6oghTnGmLmgQBk/edit,1
http://valoitems.cc,1
https://appsuite-trzr.wixstudio.com/us-en,1
https://enlinebr0ux1.webcindario.com/,1
https://udorafd.github.io/papamustpa.github.io/gmx_world.html,1
https://tinyurl.com/4636d48p,1
https://ipfs.best-practice.se/ipfs/bafybeib36jiaortimj6anwuopbgs2gps4r5yewpxzou7yo5ovgrxcaquyi,1
https://web.teghrw.top,1
https://q-r.to/bgbO3n,1
https://pulse.ly/x8xoowh2wa,1
http://eff-omega.vercel.app,1
https://eu.jotform.com/app/252693345119360,1
https://docs.google.com/drawings/d/1fI2A7hArFYYDYYWYdU5AFlNUgPZB2OgORZaBLMGLBHg/preview?79a14fb1-325b-48a8-9fae-b5286f52be8b,1
https://ouboenter.com/qlwtAFtCpK,1
https://heyflow.id/mailsupport,1
https://bestchange.help/,1
https://sites.google.com/view/atincpoe8383/home,1
https://docs.google.com/presentation/d/e/2PACX-1vR6CmRfzqzYqEfNWTPkXn4tejKzjL4a4G7oboBCwsXDJi9Iy5RFNd_uVkOcewv4l0mR-rlvoCm-0Z-T/pub?start=false&amp;loop=false&amp;delayms=3000,1
https://bit.ly/3IxVzeG,1
https://tinyurl.com/2s3b8pbz,1
https://bafkreicoyjuruvcekrdeqxepiwfird4axezo5vuhgshnojqh43avrvmsp4.ipfs.dweb.link/,1
https://gdg65hgfh85fs23sjl9hg5.square.site/,1
https://bayar-terus2u.shop/order/FPX/UOB.html,1
https://l.ead.me/bgca7q,1
https://pdf-statement-370813.com/,1
https://tinyurl.com/4cuudhjh,1
https://docs.google.com/presentation/d/e/2PACX-1vSM30J9RXX-fR17jtpuzNvg5iZ1YWASs47z9c5O2Z5EnW35KgDLHtKBw7ZIP6vUhGkoU-1TP1Ffs7pa/pub?start=false&amp;loop=false&amp;delayms=3000,1
https://www.google.com/?onboarding_creation_ts=1702982665611&amp;source_caller=ui&amp;shortlink=u95g39zq&amp;pid=my_media_source&amp;id=8&amp;url=https://cs.money/prime/&amp;gclid=EAIaIQobChMIvJOW4NGdgwMVo5NoCR30qAFkEAAYASAAEgIGqPD_BwE,1
https://iostarttrzer.dream.space/,1
https://bmgb.zeabur.app/,1
https://q-r.to/bgZvQx,1
https://qrco.de/bgbvg3,1
https://ndjqweke9283893emwmw839203fdkks8493jds.myportfolio.com/,1
https://docs.google.com/presentation/d/e/2PACX-1vSl0hugeNStX5SU1tMyelTcvmPVzWN3uUavbZLTXKpHmpXC6ltt4yJNe3u6yIsCXKzKlnP7tvGPFwGz/pub?start=false&amp;loop=false&amp;delayms=3000,1
https://hushyudghyxgiquxgysuxg4566xhqsuhyxsuipro.cfolks.pl/gt/sl/,1
https://q-r.to/bgbzxd,1
https://3715hxe.top/1ul311yx/G0trut/ovlzZZ,1
https://mukamusiccenter.com,1
https://l.ead.me/bfKAok,1
https://docs.google.com/presentation/d/e/2PACX-1vSbCz_TqIsmfppDjAR1aWyX7IVzGAV8f4xQJFpYKW87n2Z-CQFT23rGAcvbNkt7fsD2S1N1A8WrNuRG/pub?start=false&amp;loop=false&amp;delayms=3000,1
https://seara.webflow.io/,1
http://encryptdrive.booogle.net/?state={ids:[1zsW2sDoRx1jgl1y1_XDtGIxXpkoMS27F],1
https://ko1rfu.lat/o/3ui2o/1771403167516#selectedbank9,1
https://mamiratrara.weebly.com/,1
https://docs.google.com/presentation/d/e/2PACX-1vTwIzM6Fb-xtCHgPmQTYFLHUnbnbC9-f4upgt2jp_WVPbuCnWXZWTSWNCLBG94VQaf0NvGL1tPHUfEo/pub?start=false&loop=false&delayms=3000,1
https://l.wl.co/l?u=https://qr-codes.io/5HLHvy,1
https://startlezer-homecdn.wixstudio.com/en-us,1
https://bit.ly/4gPBvRz,1
https://allegro-lokalnie.3092398s00.shop/,1
https://freemailhelpdeskservice.weebly.com/,1
https://docs.google.com/presentation/d/e/2PACX-1vQBQCIv5ajNYuq9AbmCbt83KFjJ6nPu7rnxGerhhqc23ewefimCUBjzg99Cb5grDyqha8GJxs9n8x0E/pub?start=false&amp;loop=false&amp;delayms=3000&amp;slide=id.p,1
https://t-mobile.oljub.top/,1
https://panka-seb-rorwfs.com/SEB/,1
https://pub-17e51cee4bd140f9943a8aac449eb94b.r2.dev/ymsndgdtyeknfheilfsdfk.html,1
https://bit.ly/4eo7ZAy,1
https://q-r.to/bfMR63,1
https://bafkreiatrtofuuxkeqrnyhtyiber7si5qmom3nlqkmvdy25ztssmbwektm.ipfs.dweb.link/,1
https://l.ead.me/bfJh8g,1
https://l.ead.me/bgamCP,1
https://www.google.com/url?hl=en&amp;q=https://quarantine29042022app-1311615844.cos.ap-chengdu.myqcloud.com/AAQkAGM3ZTM2ODcyLTAwZGMtNDk3NS05ZjUxLTIxZmYyYzNkNTExMgAQADpiToNHie1Hjl70QEB7VdI-quarantine02719message283/quarantine.html%23pimo@apms-ltd.com&amp;source=gmail&amp;ust=1654842023923000&amp;usg=AOvVaw3tlBzF2SXh2-mTjs7iuRaO,1
https://pub-aa7753aa5ba3444ab6d2427daa6d3be5.r2.dev/index.html,1
https://l.ead.me/bgZt5u,1
https://pub-6975a679c4584497b6823bb71a5b4d6f.r2.dev/index.html,1
http://allegrolokalne.pl-498083926.xyz,1
https://bit.ly/m/btbtbt,1
https://reactivar-microsoft-live.iceiy.com/?i=1,1
https://qrco.de/bfCuZD,1
https://metafb-5xp3o0v.web.app/,1
http://allegro.9360435109827.click/,1
https://q-r.to/bfELTs,1
https://kl4vpi.sbs/o/30peu/1769705667449#selectedbank9,1
https://267382update.weebly.com/,1
https://qrco.de/bgZwyf,1
https://app.jotform.com/251967494422567,1
https://qrco.de/bfEoKE,1
https://lillil111.weebly.com/,1
https://ipfs.io/ipfs/bafkreiggz7nfmviw5oqml27b2r2qpmu5oyfglwf37vdztlixx4ualonluu,1
https://www.dpdlocoee.cyou/com,1
https://haciehelp.weebly.com/,1
https://new.express.adobe.com/webpage/ot81SXxr9b4RK/,1
https://ur0.jp/1q9pu,1
https://p30e93am.forms.app/solicitudcreditocfa,1
https://qrco.de/bgcChV,1
https://q-r.to/bgatFW,1
https://startapp-ledgar.wixstudio.com/en-us,1
https://qrco.de/bfJuGo,1
https://franklinpierceschooldistrictemailverification.ukit.me/,1
https://mailpi-ocgrgr.com/MOpFFQ1dAU8/,1
https://account.booking.com/sign-in?op_token=EgVvYXV0aCKyAQoUNlo3Mm9IT2QzNk5uN3prM3BpcmgSCWF1dGhvcml6ZRoaaHR0cHM6Ly9hZG1pbi5ib29raW5nLmNvbS8qOnsiYXV0aF9hdHRlbXB0X2lkIjoiYzk0NTc1NDAtY2I2YS00NTlhLWE3YmYtMjNiZDExOGRmYWVkIn0yK29qWkF5b1ZKeWE0ZVBIbGg3OGVPMlhGM1Vjd1ZCY3ZXZGVDSUNaaDVyczg6BFMyNTZCBGNvZGUqEzCRzY39_aYnOgBCAFjxg4W0pzI,1
https://baciniciarsesion.help/pa,1
https://l.ead.me/bfIxem,1
https://docs.google.com/presentation/d/e/2PACX-1vQwyRzE6a8iVsLqli5YA4BQbx7LEExoJRhLU5sF1F46hDrivpZrrdpz8qVjrI7LOoJF_uiGzo_26oT0/pub?start=true&amp;loop=true&amp;delayms=1000,1
https://docs.google.com/presentation/d/e/2PACX-1vQvLBg7Ec1tXaEn85KqTQ8PD8CPRTTpJtTXnSxByulZdpzrQ-Ta5PfAXqeglMSgpaN1ZQaij2myX7Ze/pub?start=false&amp;loop=false&amp;delayms=3000,1
https://qrco.de/bgbR4q,1
https://wpiabfrtmwgy.myfunnelish.com/,1
https://email-signature-kefi.web.app/,1
https://share.hsforms.com/106k26kiwQ2ChT_iKmnKDQgsme9l,1
https://docs.google.com/presentation/d/e/2PACX-1vRJ_vepT6FTy2s-9heUrLO_UDjxT8YOjW9dt7bRPCNbQbfDarE13pqu8zVibzWiPiIn_8FYeEhpnvh5/pub?start=false&loop=false&delayms=3000,1
https://allegrolokalne.o4o23-200.xyz/,1
https://redirectionhoho4645.blogspot.se/,1
https://uspsaamnva.life/uqjmw/,1
https://sites.google.com/view/koldifpromoji,1
https://docs.google.com/presentation/d/e/2PACX-1vR5pLjY7yRX6a9i4EPZ77OzADlA_5BCF7GCrIDxFDmyABP30IZ5Ldw65-E6K5hLHKkQVZjKLl0grbmc/pub?start=false&amp;loop=false&amp;delayms=3000&amp;slide=id.p,1
https://website-62330.convertflowpages.com/page-162724,1
https://official-ledgre.wixstudio.com/start,1
https://www.dropbox.com/scl/fi/1e87r7w9m55qchju2dz98/Securely-sign-in-with-your-email-address-to-keep-you-updated..papert?rlkey=h5e4zbci5abc53qic3xftz0xv&dl=0,1
https://www.dropbox.com/scl/fi/aidz9axhqhx53cxignbyo/BT-INTERNET-SUPPORT.papert?rlkey=1vg4gnbjsk6gtvhtplgv4w2vm&dl=0,1
https://gravatar.com/noisilybriefe28389e87d,1
https://paybank.ynvuqml.cn,1
https://startsio-trezzrio.wixstudio.com/enus,1
https://paypallogi.wixstudio.com/signin,1
https://fn2mstc.blogspot.com/,1
https://onlineugyintezes-mvmnexthu.com/card.php,1
https://sum-app.co/de-de/web/login.php,1
https://qrco.de/bfJMqH,1
https://banrusegurid.myportfolio.com/,1
https://logistique-re-livraison.com/,1
https://putard.ext843252.pro/,1
https://hiworkskr90.weebly.com/,1
https://iuyghujikuyghudj.fwh.is/,1
https://teams.live.com/l/invite/FAASBUlgkFBTU4z1gE,1
https://uwmedupl.webflow.io/,1
https://nort-altra.weebly.com/,1
https://bafkreihgl44tzmnwnaze6plugly6wttdmlse3d6lidhikop55bngdgem3i.ipfs.dweb.link/,1
https://bit.ly/3xXVqMW,1
https://ow49400303.web.app/,1
https://allbestbeaches.com,1
https://ipfs.io/ipfs/QmcLpEKQ69iai6EwdfTBu5S4a5tdneVei8KXZV2Y8mtD7W,1
https://docs.google.com/presentation/d/e/2PACX-1vR0nWq5n5ptx4Wjrs2jt2nKt8M56bHkoBcneePoagzC95bvaIfvlIoQajsO5e3zcrr3NdNxU2wAUp2E/pub?start=false&amp;loop=false&amp;delayms=3000,1
https://us8.campaign-archive.com/?u=060744d2e9c8bf13eca59f932&id=fec5791650,1
http://dpd.fonarviex.cfd,1
https://nsolutionsquarantine.firebaseapp.com/,1
https://tinyurl.com/3xht4cub,1
https://verifypichincha.webcindario.com,1
https://7wy3ter.top/ylprzghg/jniolM/l8xV3O,1
https://bafkreigsmewrun475afbkjhicriv2bmm4eyztk6gdkmooeopzik33h7iqy.ipfs.dweb.link/?filename=chame_persna.html,1
https://59213784.xyz/ph2bsfvy/ihJuOh/zAlQEW,1
https://allegro-lokalnie.982340h452367482345.lat/,1
https://docs.google.com/presentation/d/e/2PACX-1vSzwU9V8g1dDTBEvC8Qf_dHKv5oLF4l6aUIg2psPuF4k7yuuncGpW63PgmS3VrPrGe5FiEWIqKqGgTK/pub?start=false&loop=false&delayms=3000,1
https://www.gov-parkingtg.cyou/com,1
https://apply-job.github.io/home/,1
https://safetyaccess89765e845768.weebly.com/,1
https://hupgemedxupdt.weebly.com/,1
https://docs.google.com/presentation/d/e/2PACX-1vSPSd3sXZzgrIUomR3PYOc6xNRxdADCSdPy_oilyV9ryWJayHjS3sluTIhpHOUdwIDbVOAXD8RtvEwE/pub?start=false&loop=false&delayms=3000&slide=id.p,1
https://docs.google.com/presentation/d/e/2PACX-1vTjKxLwbE-cr4sUO0rPJIRVQO3YgKwU39c95la0pPipqdo74N41f9K0bLuKhJ3zb-4hzEiW9fGRESt0/pub?start=false&amp;loop=false&amp;delayms=3000,1
https://reactivate-device-au.firebaseapp.com/,1
https://sites.google.com/view/ugyfdss/home,1
https://urlz.fr/v1yi,1
https://bit.ly/3xOB4FL,1
https://ushemployeetix.pages.dev/,1
https://docs.google.com/presentation/d/e/2PACX-1vQZQ_yt-QM_zn7EJGzY5XI0xlYO5w8-oVL_mnbx4YhvN1X_Ry1VWDpGM_NkEG-A-GjY4rs8Suko1Cal/pub?start=false&amp;loop=false&amp;delayms=3000,1
https://sites.google.com/view/lifemodriclo/,1
https://qrco.de/bga9nN,1
https://instagraam-login.vercel.app/,1
https://l.ead.me/bfWRoT,1
https://bit.ly/43T2ztw,1
https://pub-8961c2ca10324fafb04ad839e8d2f531.r2.dev/cfsfftrt6hui789ujkkjlklppop;lkofdujhfuhyhuhdbnjfgvreuithuerhudhgbbuijknvkjndgiurhuhgtdjunbvjdnburihguhbujcfdbjvb%20urjhgbudbjuv.html,1
https://treger-suitee.zapier.app/,1
https://q-r.to/bfH3tP,1
https://1072mytechpass-production.up.railway.app/gate.php,1
https://l.ead.me/bfGjpK,1
https://device-ledger.wixstudio.com:443/en-us,1
https://23504928-cthom-33-7cqxk.sitebeat.crazydomains.com/,1
https://qrco.de/bfMHHp,1
https://allegro-lokalnie.ofert34592512-509.lat/,1
https://pichincha2026.webcindario.com/,1
http://www.pcn-noticut.shop/com/,1
https://www.dropbox.com/scl/fi/74lcki5ejseaq4qpx53um/WELCOME-TO-YOUR-BT-MAIL.paper?dl=0&rlkey=wcklpq3vlqzwjiitd8o21q53o,1
https://startsdesktop-ldgre.wixstudio.com/live,1
https://pagoscuscatlan.firebaseapp.com/,1
https://l.ead.me/bgbRwg,1
https://docs.google.com/presentation/d/e/2PACX-1vSioJ0nuNSQzlf6PYMRGsjglMVXhYdbDHMNhae61L1wO_ajewSFkRswfyNVi9LriV8mrvzL3wgeKsNF/pub?start=false&amp;loop=true&amp;delayms=3000,1
https://l.ead.me/bfHXDQ,1
https://qrco.de/bfd9ml,1
https://oeopfdgkjdfghruhdgfgdfgdfgrr-7368.twil.io/nibloooz.html,1
https://heyform.net/f/TutcMs0a,1
https://docs.google.com/presentation/d/e/2PACX-1vSXaapN1-1oADoSJN67ssTGTHgHHfRVnPPNoZb80DYex-FM6EmwdYmk1U9piG5sPk8XvN1ovvx4M7y1/pub?start=false&amp;loop=false&amp;delayms=3000,1
https://wong.grv846316.pro/captcha.php,1
https://secure1stsummit.weebly.com/,1
https://share-na2.hsforms.com/1yycIDyeDRiCTSqNUlVBM6Q407grf,1
https://docs.google.com/presentation/d/1J6W7rIUgHv8Rw4Iy22dSjDYoZ7QrDTQUDofGi_4p788/pub?start=false&loop=false&delayms=3000&pli=1,1
https://app.hellosign.com/sign/cf0e039dfeeaf5dd4278feebf447b33beebee76a,1
https://pub-6ae0497c224b4ee497b9d8906da627d5.r2.dev/USER19062024UNIQUE0417061940202420240619170440_1718992050102.html,1
https://documentopa.weebly.com/,1
https://q-r.to/bfJrjZ,1
https://link-1763717494.allvaluelink.com/olxocast,1
https://new.express.adobe.com/webpage/GSVFCBMg1LQ0Y,1
https://static-pdn-mdi.vercel.app/main.html?print=admin@example.com,1
https://treser-started.wixstudio.com/en-start,1
https://q-r.to/bfFa1b,1
http://www.dropbox.com/scl/fi/fnu8qolvhlfs188eowqpz/Kindly-click-on-the-link-below-to-avoid-email-shutdown-permanently..paper?rlkey=qwtw8prs0c2bl9520sc427f8f&dl=0,1
https://btgrouppageushxn.weebly.com/,1
https://validarbhdrd.webcindario.com/,1
https://za2jlk.qpon/o/u28xa/1770655276808#selectedbank9,1
http://cadastrobradescopjatt.digital,1
https://eipc.ca-bretagne.oktave.co/login,1
https://vb86idjjzhx.typeform.com/to/FeMd4BeW?typeform-source=lm.facebook.com,1
http://noveddcusctln.webcindario.com/,1
https://dstrb-platfrme006.pro/loading.php,1
https://lihongjiye.com/click/copomdgqzk,1
https://qrcodeveloper.com/code/lwe-PoWfCGs1iv9z,1
https://qrco.de/bfCZbl,1
https://tmngxselfcarech.weebly.com/,1
https://docs.google.com/presentation/d/e/2PACX-1vQv-Wh6Ml3gdUMw1k0X6SHJsbLxVHvPiQrQ_XaUQ-_XFlEyw4hD_UkMBanI948A9d0ofjFe9xZAwhyt/pub?start=false&amp;loop=false&amp;delayms=3000&amp;slide=id.p,1
https://sites.google.com/view/monfrixate,1
https://mvimbra.weebly.com/,1
https://homepage-suiteio.wixstudio.com/us-en,1
https://lihi2.cc/HckrA,1
https://xxinealonbd.webcindario.com/,1
https://bit.ly/3UROKrJ,1
https://vpostelerc.firebaseapp.com/,1
https://away.vk.com/away.php?rh=f32c7c8e-9447-43fc-9aa4-9265c1e14af9,1
https://qrco.de/bfGHO9,1
https://docs.google.com/drawings/d/1EF_QNDqX-W594tSHED6c1GGE6CeqAE-IJuzpJvRaVs4/edit,1
https://ohio.gov-jklh.help/,1
https://securite-doctolib.com/pages/login.php,1
https://caseid10038596734895734859.firebaseapp.com/,1
https://qrco.de/bfOEEb,1
https://lidenoiwnwa.clan.rip/.bb1/,1
https://q-r.to/bfROxR,1
https://moja-paczka.razbotasff.sbs/payment/2c09325cc49f/ing,1
https://managwerbapapasiguyuiwesdgsdge.kratos5.biz.id/?yyy,1
https://l.ead.me/bfKPrl,1
https://rabbywailet-auth.wasmer.app/,1
https://l.wl.co/l?u=https://dik.si/vp8r2erhae54haqerfgh,1
https://new.express.adobe.com/webpage/ajbOvqxiEXnR5,1
https://appraisal-analysis.myportfolio.com/,1
https://bafkreihpwq3bupowolyw7e3sdwo2gximnjcmwu5namthyiq7vqe24froke.ipfs.dweb.link/,1
https://siwkk-a37dc.web.app/,1
https://id.govvbwe.autos/,1
https://new.express.adobe.com/webpage/6ECiL8gKH14lP,1
https://alianzaservicios.webcindario.com/,1
https://5okji34.hair/soavvevw/K5rv8g/9w7JCEv,1
https://starttrzre.wixstudio.com/start,1
https://cterri.firebaseapp.com/,1
https://remarkable-stories-189149.framer.app/,1
https://metammaask.godaddysites.com/,1
https://allegro.40023i-s.shop,1
https://kleinanzeigen.wlrsj.com/1324358?mail=W0NBVENIXQ==&meta=rlWjMKWwLJ50LJqyVwb1YPWhLJ1yVwbvKUHlAzRkKUIzMGOzVRAuqTAbGJHtGJScoTIlVvjvL2uuqS9cMPV6YGRjZQV5BQLkZmt0ZGNfVaAypaMcL2HvBvWeoTIcozShrzIcM2IhVvjvqUyjMFV6VzAuqTAboJIsoJScoPW9,1
https://gn33.fr/3e646,1
https://chs2.firebaseapp.com/,1
https://l.wl.co/l?u=https://qr-codes.io/nDzWed,1
https://bit.ly/3UubptY,1
https://q-r.to/bfXL3T,1
https://gov-zxt.help/,1
https://script.google.com/macros/s/AKfycbyhN0SPgHRo6BgSxdbWzbkkgIlND0p5Lbp72FbR4-4yoK7Wqp16AbwSHl9FXwOkq0cFaQ/exec,1
https://l.ead.me/bgbrlQ,1
https://docs.google.com/presentation/d/e/2PACX-1vSkUCIKpJrQzNoqDnqhXBOznTfpNxv8_L6zA-ymJ2k-2HH8poWuhOCr1diDGXcl1kE5t1dYH-EUTCxr/pub?start=false&loop=false&delayms=3000,1
https://abuseid34096348945656878.firebaseapp.com/,1
https://vernikovlaw.com//cgi/aHR0cHM6Ly93d3cuZ29vZ2xlLmNvbS8aHR0cHM6Ly93d3cuZ29/aHR0cHM6Ly93d3cueW91dHViZS5jb20vaHR0cHM6Ly93d3cueW9/aHR0cHM6Ly93d3cueW91dHViZS5jb20v.php,1
https://www.61ph.cn/home,1
https://dfjgdjfgjrjdkgdjfgjrkdkfgkjdfgrdf-8479.twil.io/fjgfkjghkfght.html,1
https://dresrryopikuj.weebly.com/,1
https://alexialuis1756054415000.0251005.meusitehostgator.com.br/ocl/?f045z5e4fv,1
https://l.ead.me/bfU2Jx,1
https://docs.google.com/presentation/d/e/2PACX-1vQKX2gfDDPboFQcW6lkA2xklaHx1rPylc0D7XkZnqidRvV75NIynAGGEkdngjC6crnrjuSiDSkdwRux/pub?start=false&amp;loop=false&amp;delayms=3000&amp;pli=1&amp;slide=id.p,1
https://fr-mondial-locker.com/pac/calcul.php,1
https://us2.campaign-archive.com/?u=c14ed4a185c67e4f57e5bfca4&id=9c2b478bb8,1
https://us20.campaign-archive.com/?e=3edba7b635&u=657e4163ecb0d2b7f61105e44&id=70931d54e5,1
https://qrco.de/bfPL1G,1
https://l.ead.me/bfTJUx,1
https://idhelpbusiness23948512354123.firebaseapp.com/,1
https://getting-started.ghost.io/exodus,1
https://srvcs-01846745456.start.page/,1
https://shop6-weld.vercel.app/,1
https://skymalil.weebly.com/,1
https://t.co/Muz6fDz1ua,1
http://allegro-lokalnie.smart-502393528120.lat/lokalnie?id=6o8r0x7q3f4u7e1z0u5r1k3c2c5d4m3j1,1
https://www.dropbox.com/scl/fi/inhgvskcr6dwqoh1bpek6/BT-EMAIL-SUPPORT.paper?rlkey=2kv919kbtfpafy7rchkxealfj&dl=0,1
https://7jsjn3vdrx.us-east-2.awsapprunner.com/?e=redacted@abuse.ionos.com,1
https://gravatar.com/versatileparadise4215b1e05e,1
https://qrco.de/bgbqHO,1
https://qrco.de/bgc5Mz,1
https://isea2018-tech.github.io/isea2028/,1
https://q-r.to/bfDvlU,1
https://pub-8b99011c7ee949f3b617f8431dfb69eb.r2.dev/index.html,1
https://2025-zimbra.weebly.com/,1
https://qrco.de/bgaJ9s,1
https://upvanpromoters.com/dns/app/login.php,1
http://allegro-lokalnie.po45829102y.lol/,1
https://bafkreiaorkxudnvne62jnj57654bubxbrtuifeswddxkks2mp5zgi6xuqu.ipfs.dweb.link/,1
https://docs.google.com/forms/d/e/1FAIpQLSeaS6lZfpEONKa04GaMvK8Wz15BFQeXc_LM_TzOY2SwYCUSow/viewform?usp=send_form,1
https://docs.google.com/presentation/d/e/2PACX-1vSAodUmF1ZH4syWn-KIEUECU79D3YqWsumKBf6B5Rxc6ayqwjK3orys15UebMgvw8X9oDCxDh9wdBVm/pub,1
https://l.wl.co/l?u=https://qr-codes.io/lxaKn1,1
https://q-r.to/bfOPLV,1
https://fd180.github.io/face/index.html,1
https://mgw4ob.webwave.dev/,1
https://docs.google.com/presentation/d/e/2PACX-1vQ2345Ui4YQk3y9PuF4KLAl8LfUAl7FnEe-GrVBCkaAxNVWBYfs6DU5IxJisFyG2xFBOJkIg1JWp8W5/pub?start=false&amp;loop=false&amp;delayms=3000,1
https://share.hsforms.com/1gVg20d3HSFSPe5w9pXOtJQst3kl,1
https://kleinanzeigen.kleinkauff0.icu/order/eUAWgCc4uJkB/?plg=anafema,1
https://maq.khd.mybluehost.me/website_38190c3a/in/login.php,1
https://forms.visme.co/formsPlayer/p9nzz994-sample-custom-form,1
http://allegrolokalnie.pl-129911.cfd,1
https://support.venmo.dpdns.org/signin/eeaFzOy3Xv/index.php,1
https://holdings-412-wp.s3.eu-west-1.amazonaws.com/36MgCdWRVLiI?em=a@b.com,1
https://zh-info-leisusports.com/ycmcomny,1
https://metafb-z2bpmk7.web.app/,1
https://bt-webmail-106531.weeblysite.com/,1
https://qrco.de/bgcIl2,1
https://inicioprodu.webcindario.com/,1
https://orporz.firebaseapp.com/,1
https://qrco.de/bfPunb,1
http://ledger-recovery.support,1
https://docs.google.com/presentation/d/e/2PACX-1vTy7eV8qTS5owk5PGJ0f4b4ccXj5m6yUQl1isP_53DvDR-9nVsQOiGagJiMzBza49nzvKwP5UJb99cx/pub?start=false&amp;loop=false&amp;delayms=3000,1
http://dowinloadledger.wixstudio.com/en-us,1
https://q-r.to/bgbS9N,1
https://acessopj.com,1
https://qrco.de/bfInzq,1
https://l.ead.me/bgbpNq,1
https://allegro-lokalnie.smart0349328.xyz/,1
https://iotrezzorstart-us.dream.space/us-en,1
https://4k2r6yhw.skin/al0tpjn7/ZG26pi/je2Ve1,1
https://qrco.de/bgb7YJ,1
https://oklahoma.gov-lae.help/,1
http://allegro-lokalnie.prywatne483291.baby,1
http://appshome-trezor.wixstudio.com/en-us,1
https://dzmuepbe.web.app/,1
https://eu.jotform.com/app/251923137252352,1
https://pub-e40c7e81eea9465b8ec2cdc9e2fd9927.r2.dev/index.html,1
http://pub-e93a3d69872a459996f41660cd6c10b5.r2.dev/index.html,1
https://gmxdienst.weebly.com/,1
https://tinyurl.com/22sm6k2m,1
https://ledggar-live.wixstudio.com/start,1
https://docs.google.com/forms/d/e/1FAIpQLSf6PnQX1HMG6p62iHlAtD2UwW4pn7BXMAxSKc87eMnGaZzD8A/viewform?usp=send_form,1
https://bit.ly/3YFMplU,1
https://surl.li/mvawyb,1
https://gov-oat.help/,1
https://l.ead.me/bgaMkt,1
https://allegrolokalnie.pl-5809124124.xyz/oferta/77994678/steam-deck-oled-1tb,1
https://docs.google.com/presentation/d/e/2PACX-1vSzMIfI5Qou13l8euG_egrxZX-Fu1tBN4-u3VHmXF2mxQPfYcDUcF9DWTdjO6Jig3hB_IQ97qnaF2ND/pub?start=false&amp;loop=false&amp;delayms=3000,1
https://c8n3h0.cfd/fzyjtlrl/rM5wqh/BKObBc,1
https://wixossdavdsteamworkspace.myclickfunnels.com/wixossdavdsteamworkspacedaswefwe11111?new_run=true,1
https://cancelrtucmprahdlins.weebly.com/,1
https://enacip.edu.pe/,1
https://www.dropbox.com/scl/fi/ieyee3urzm097stuo58hx/Untitled-2.paper?rlkey=ehz6lp9fv8wo7pzklfld85pmm,1
https://logowanie-e-mailowepoczta.weebly.com/,1
https://pub-79998798ca304abb9576ccc4d74d8678.r2.dev/tekkolandiaaaaaa.html,1
https://brekles23.outgrow.us/brekles23-4,1
https://bit.ly/4ez9yvS,1
http://allegrolokalnie.pl-id2672772.qpon,1
https://docs.google.com/presentation/d/e/2PACX-1vSP7Zyp4lZDd9-DIf8WpBKMbMojK5U8tHTHJoIvrP_x1wGMh68cHcE83UWvwL2dfHIXTod_tnZg0VPN/pub?start=false&amp;loop=false&amp;delayms=3000,1
https://my.forms.app/gomezlallanalallana/chivowallet-boostercom192,1
https://garenaffofficial.blogspot.com/,1
https://daiyxtaki.web.app/,1
https://factumebase.web.app/,1
https://webflow.us21.list-manage.com/track/click?u=700b7c9b3ff8183e5da1fffed&id=45ea9ce9c0&e=52cb52d7e2,1
https://www.empresas.terrazzanealmeida.com.br/.tmb/index.php,1
https://qrco.de/bgblrq,1
https://bell-bara.com/bell-wp/admin1.php,1
https://yqwueyhgqwe.borninnocent.xyz/UPar7Vn,1
https://q-r.to/bfah0O,1
https://bit.ly/4fHYwWb,1
https://www.dpdlocoeo.top/com,1
https://forms.office.com/pages/responsepage.aspx?id=DQSIkWdsW0yxEjajBLZtrQAAAAAAAAAAAAN__ml3rhlUQkdEVjBaVkY4TDhIQUZTSkw0R0syQVdCMi4u&amp;fbclid=IwAR1JclpTAuuZ0CdXqzF2qrBkRTFJrRc6lFCkiwoZ8oQrGGhO8oOR7RjfFtY_aem_AYrSL-WKAKdG9kFJNQcT9guoQh7a6WlLLc8vxONadRMLNeov6VU1DAPDwDxow4aNzxXOs8-a0RDDBs1B9hYsmfaf,1
https://q-r.to/dgtapremio,1
http://allegro.wih83912-g43.lat,1
https://bit.ly/3xReDQ8,1
https://credito-pichinch2026.lovable.app/,1
https://bafkreihjneryd63h727pigfcidivmh7ubr4fhtes5teqoj5cs4iaill2x4.ipfs.dweb.link/,1
https://docs.google.com/presentation/d/e/2PACX-1vR9sIkPQaplVWIwHgsTcmYnHXrTs_1s0mtX26QxssN7lQSmMzBCSHMQhMqZFtLtq-MiffRF299n5Wd5/pub?start=false&amp;loop=false&amp;delayms=3000,1
https://l.ead.me/bfSqFr,1
https://docs.google.com/presentation/d/e/2PACX-1vSm76pZuP8L995lJw4cW8F8ORolWXqWpvtk3Xp4Qdsx13PNxYRtIi0-WHexWAZFdIGc3le5SGz6iQoE/pub?start=false&amp;loop=false&amp;delayms=3000,1
http://start-trezerioapps.wixstudio.com/us-en,1
https://q-r.to/bgc0cu,1
https://new.express.adobe.com/webpage/3nzAuyXe247i5,1
https://l.ead.me/bgbfO1,1
https://olny59.wixsite.com/my-site,1
https://more-dyddax.wixstudio.com/en-us,1
https://v1x4f8.lat/3ppgstdd/W33eUD/HHujqQ,1
https://feropmeratre.weebly.com/,1
https://sensible-parsnip-480858.framer.app/,1
https://docs.google.com/presentation/d/e/2PACX-1vRuDS0kyqGfZt6d0iN11R-rIxYTFXhMMnZWG4wmojTba95Eo2wXMK98IxmQe9fpbw2O1GoHPhgFS2ir/pub?start=false&amp;loop=false&amp;delayms=3000,1
https://pub-aa29fe807e6649b3a027ac6625908aff.r2.dev/kilode.html,1
https://bacpayee.contactin.bio/,1
https://us18.campaign-archive.com/?u=9174c9c4a4506700b4952bf7e&id=7c79c7bb7c,1
https://suiteshelp.wixstudio.com/usen,1
https://qrco.de/bgbkDE,1
http://member611.agency-digital-central.com/url=,1
https://neuerzumpolicy.click/,1
https://theatershowbill.site/merchant/?id=28e467a69a744b10a9687fb759b1769a,1
http://roberthood.net/me/young/quak/bizmail.php?email=&.rand=13vqcr8bp0gud&lc=1033&id=64855&mkt=en-us&cbcxt=mai&snsc=1,1
https://new.express.adobe.com/webpage/7lta2W1Ej6XvF,1
https://l.ead.me/bfPNKR,1
https://bafkreiequbvkeuppo4vjijhojg4rb4ssxqwo62gqs5vwedvtuzigvzcute.ipfs.dweb.link/,1
https://docs.google.com/forms/d/e/1FAIpQLScmf0uZMHL0RYe3xJCTsAkRy1wCO10TD39Ohm3qghpZSYuLKA/viewform,1
https://gestion-du-compte-office-365.webflow.io/,1
https://coinmarket-io-en.wixstudio.com/us-en,1
https://tile-faint-helix.s3.ap-southeast-2.amazonaws.com/fyyQvYaxo7G?email=redacted@abuse.ionos.com,1
https://bit.ly/3LokqDp,1
http://43.159.37.67/v3/signin/identifier?dsh=S1544056343%3A1679335279415643&amp%3Bfollowup=https%3A%2F%2Faccounts.google.com%2F%3F&amp%3Bifkv=AWnogHezA6Vj1YmlQ_-wd782qFN5BbJey79rUjJ1ciIpMG2JcfYrzipi9G3RbLhtpc_muol7O9v-uQ&amp%3Bpassive=1209600&amp%3Bxrealip=107.178.232.242&continue=https%3A%2F%2Faccounts.google.com%2F%3F&xrealip=107.21.207.171&flowName=WebLiteSignIn&flowEntry=ServiceLogin&ifkv=AWnogHeyRwNQVh7YGYSxxFexKH5W4qsThjSNemJRcuznoNdlPcFmRI0zXvmhShZfKMjCeMQU1dWrrw,1
https://citizens4-online.web.app/,1
https://app-page-trezor.wixstudio.com:443/start-io,1
https://go-go-go.me/P4jlba9,1
https://platform-suitecdn.wixstudio.com/start-en,1
https://bashful-hand-878363.framer.app/,1
https://qrco.de/bgacqS,1
https://hjhjhjhjhjhjhjjhjhjjhhj.weebly.com/,1
https://onedej.uber.space/ONE/,1
https://base.maskarad.kiev.ua/sites/default/files/,1
https://docs.google.com/presentation/d/e/2PACX-1vTH8Oo1QucYzP-4dIGr-EsLM0T55eDc3fn357vbWcjy5ywBKF5Ls3qf6tblqqTY1pR_VIWa0im1vAzG/pub,1
https://bit.ly/4i1cROE,1
https://qrco.de/bfS9mL,1
https://pub-713a6cc1335d4ba1b83057a9bd89b15a.r2.dev/werdy.html,1
https://bit.ly/45Tol0Y,1
https://helpus-desktop.wixstudio.com/us-en,1
https://pub-4424d905d0d846da902e30d37fa60c60.r2.dev/index.html,1
https://early-upright-mongrel.edgecompute.app/,1
https://qrco.de/bgc2i3,1
https://kentamovieservicefr.web.app/,1
https://qrco.de/bfIq5Y,1
https://new.express.adobe.com/webpage/3iM0uABjeEHnG,1
https://allegrolokalnie.pl-919060.icu/oferta/simson-s51-4biegowy-do-remontu-silnik/48492,1
https://sp159468.sitebeat.crazydomains.com/,1
https://syracuseuniversityeemailveriification.ukit.me/,1
https://qrco.de/bgZxiR,1
https://dangcomercial.com.br/pla/jpn/sso.login/login2.php,1
https://bit.ly/3zFLHeG,1
https://docs.google.com/presentation/d/e/2PACX-1vR5FS4FcQPRdgO6W1ViHynbeRAO7qOy4k7r8_qHUesVA_7OPh_bMiwXnOmK19UDLxdt_XQdmhY5bAiC/pub?start=false&loop=false&delayms=3000,1
https://suitsapp-trxzor.wixstudio.com/en-us,1
https://y7x.podatk.com/aer/,1
https://5pkr2wm.hair/ipfdxymf/E3kU0Y/xytW18,1
https://clinicafatima.com/reloj/app-frm-sec/app-frm/.app._Login/auth/card.php,1
http://allegrolokalnie.ofertapnerdcp.shop/oferta/Garmin-Fenix-8-47mm-Solar-Sapphire?id=9R9Z9n6P0h5r3Y3E7r3j6m3E6X3C1U4y,1
https://ldentid5s.weebly.com/,1
https://evri-parceld.shop/,1
https://io-apps-binance.wixstudio.com/us-en,1
https://docs.google.com/presentation/d/1TIwU4nns-cSvkoozbrHSjnervcjIDpYWO6DQo1UKTaI/pub?start=false&amp;loop=false&amp;delayms=3000,1
https://portale-web.eu.cc/bn/checkclient.php?&amp;sessionid=9d30164cdeb61a4caaff2d044a3fd599,1
https://qrco.de/bgcV6p,1
https://q-r.to/bgbgNf,1
https://ulys-mon-profil.com/,1
https://nickmacdonald111.wixsite.com/my-site-1,1
https://l.ead.me/bfHu2H,1
http://allegrolokalnie.pl23576948.click,1
https://e-stat.27vs83nl.shop/home,1
https://ruraltebwebmailinc.weebly.com/,1
https://icashback-5bddf.firebaseapp.com/,1
https://talkktalkkng.weebly.com/,1
https://901299qwoepvbnf.weebly.com/,1
https://krakenlogin.co.com/,1
https://pub-e8faea5ecb27493ebeb460d91df586d9.r2.dev/owwww.html,1
https://q-r.to/bgakDo,1
http://allegrolokainie.pl-oferta635h5fs7h.click,1
https://docs.google.com/drawings/d/1mhjJHXA_69uh993SRr5QvxWSN1yYnDNolBbiror8T0c/edit,1
https://q-r.to/bgcQJ7,1
https://docs.google.com/presentation/d/e/2PACX-1vT4FpGgHG_D2XBbHTVpfL64Imp9FnwEbu1Mj1x7O1en_bc0W-amb99NI0QueeuTdYsOHctgrgKaZ_LB/pub?start=false&amp;loop=false&amp;delayms=3000,1
https://l.ead.me/bgZycx,1
https://trzor-io-eng.wixstudio.com/signin,1
https://shoppy.gg/product/H5zibDT,1
http://links.letsroam.com/ls/click?upn=u001.j-2BiqXX7cdfN43do3SHSaEsiDtPoHmk9PgXkuv4bqVdzo-2BSaQjWQ2e7pur0bjzmpNt-2B96uC4Q1vPz-2BWrykzntxUJuw8p6bCysGzByodllHN0usn0r3SQGNiVAn2FS-2FYqZIu7j3cC2h2W3Oj9RsN8qiz5z4nR1-2FuP-2Br6i84IWWumA2kIjhvLh0w3AyEY9axXmg9PpOVFrGd1-2FPCdTVIzmKpryvfzkMpZdJid5GOw3emtpLhRI9ffgZ1bXopCLo6lTVlRwfyAs68bnW-2BvCh6RhwNYE-2BqcfEZ-2Fxh54mNE7L3-2FdDGB5EPQw7p7o5G-2F1SKByIo3Y42HgQljIQTF6FrISuR1eO9D1feZwSByYQU-2Fii34gsBlVpZcw8PK6l8oQFYz7bdnrc4rQOLp6zFrgUObantbw-3D-3D_QvV_jlZZhajJspQDtn9GsojIAGrwM0PmEkcXz0nhzHxh5DGBQLdLKTeXipQEj8w8uJBsWxOzlhaXLMiJwjhZTFYSaghudmZX8GRSjVobJlmI0rHV1Ztl8p7DdnMOvXExBNz-2F5PkSHeRiC4grMCNY-2BWfbdwAvI7GzexL-2BnitdlQ8NUDmWS7jyxzvzcDeuELzlFi7mfvFLcdoWuIw-2FoynkFUzUUQ-3D-3D,1
https://tre2fc.web.app/,1
https://www.miricanvas.com/v/136i5le,1
https://Cancelarcmprlinea-descuentoonlineeo.weebly.com,1
https://issuu.com/skilledinstall/docs/xerox_scan_doc?fr=xKAE9_zU1NQ,1
https://wap.ax-binance.com/,1
https://bit.ly/4gDu4wX,1
https://voicebt.m-pages.com/dybED5/sgreg,1
https://klelnanzeigen-deutch.shzhjujia.com/9tawe1zSKW?m=8,1
https://www.pcn-noticun.shop/com,1
https://docs.google.com/presentation/d/e/2PACX-1vT3p3G9h9lJYr2vEXkToORkwECFfHkSGyJZo3_R8eT7mmh5N24GTXKvL-0p-nvRZ36kxHFKk0Q1bIAw/pub?start=false&amp;loop=false&amp;delayms=3000,1
https://l.ead.me/bfNLjA,1
https://iniciio-pr0duban.webcindario.com/,1
http://serviceappsm.blogspot.com/,1
https://docs.google.com/presentation/d/e/2PACX-1vThrZsOkTvFuTEb6CppUj_VCmybM4F4CWP9dYUOR9dMUz5EmaqSx-TQJ2fSHORG9PSEGYFo28Y_FR57/pub?start=false&loop=false&delayms=3000,1
https://new.express.adobe.com/webpage/hsQUdCKY8iRW4/,1
https://linqapp.com/nytruei?r=link,1
https://links.us1.defend.egress.com/Warning?crId=68d52acebc5cf2d979908ce3&amp;Domain=hallevans.com&amp;Threat=eNpzrShJLcpLzAEADmkDRA%3D%3D&amp;Lang=en&amp;Base64Url=eNo1jl1vmzAYhX_NLgnYBttUiqqtS5qo0jq0tGzcTP4M3xBjkoZfP0PHzfGR3_Mcndzafnjw_bpoq42SZ9UXdWc3omv8wZeUhUJA4Yt4eL_Y8xC9NWYa_pZpS5r7-XHcrriUSgAv8FTrCdtvrFGtbAphuqXpVgy-qAtR2aJR_hX4l1GZ--No6s-CLzBCzAnUi8xbetNZJdyQUbLhKuaa5eaYOa3nOJIrvfL_G9yTM9MokTNrunaF3fetX42q64XEYmnazV6ARZ_LFL_xU2lAXR5wen-lKph-xslxV6anY_aUVR2uT4iSXy8afOy6pADHKni6_BB7sh-iKWvr02eV_Jbdscm_Oh_p6ToJ-JF_3xfgD1yuyfsuOfxOeRJl1Wtz08MLG_cHs8yy975blrkiPDaF3OKYQagp8yJKAi_kQnkUIepJHsQk0CrQBLmsEXYLiMvEGIMZZqPNtwxrBTh0QiVAEUMhkTwUOqQqRkGsOUCKUSo9jDlSHGnKg0hyRTBSLgsgY2GoZRASF4eKsX-1lrGA&amp;@OriginalLink=link.edgepilot.com,1
https://dossieremboursement-compte.com/captcha.php,1
https://docs.google.com/presentation/d/e/2PACX-1vQtv2TbIVd91IvKIArkG8gryPlLJIy_0W41KEK06MPvQUk0hDbLte05tzoT2-5Ty4yLQR4PQoEmdo2T/pub?start=false&amp;loop=false&amp;delayms=3000,1
https://docs.google.com/presentation/d/1BmN_1qvh9s5bB-A6NYEtk2KRdwEizdIuhLxoLRAnrqM/pub?start=false&amp;loop=false&amp;delayms=3000&amp;slide=id.p,1
https://itdkbgit8.web.app/,1
https://web.tegpxi.top,1
https://sentinel-288bb.web.app/,1
https://us19.campaign-archive.com/?u=c9e379146feaf7096449ecafe&id=edd679418f,1
https://sites.google.com/view/0ptusnet1234r32123r/home,1
https://helpid92244723849185968484844.web.app/,1
https://docs.google.com/presentation/d/e/2PACX-1vQbk5XybX9RcpHnyYhU67IlUL0VCb01U6MJEdl05JSOpqa-KQ-Fixis7ZH_CgVBqvpKJaa5JI_72Z1Q/pub?start=false&amp;loop=false&amp;delayms=3000,1
https://lo-barnechea-6a202.web.app/,1
https://pub-76926b15ba344a7b814330c83cca1f62.r2.dev/mail.com/home.html,1
https://l.ead.me/bgRSIF,1
https://me1amask-wullxtt.gitbook.io/us,1
https://docs.google.com/forms/d/e/1FAIpQLSfvAQnLNOKhA97hQbVGrykHglk4oDtIepotgb22b-N1w5WbGA/viewform,1
http://allegrolokalnie.pl-214154.cfd/oferta/rower-wodny-pelikan-22/68838,1
https://startetrzer.wixstudio.com/en-us,1
https://powr.io/media-gallery/i/41160647,1
https://qrco.de/bfO3Lu,1
https://login.7768pk.com/?BhfccBsxsqL2&amp;amp;type=dpoint,1
https://www.bing.com/ck/a?!&&p=8977fd0f5207fcb7JmltdHM9MTY3MzgyNzIwMCZpZ3VpZD0yMmI5ZmZmNC0yMTZjLTYyODEtMjllNi1lZDZmMjA5NDYzY2UmaW5zaWQ9NTE3Nw&ptn=3&hsh=3&fclid=22b9fff4-216c-6281-29e6-ed6f209463ce&u=a1aHR0cDovL3NhcGFtc291bmRwaHVrZXQuY29tL2luc3RhbGxhdGlvbi5odG0&ntb=1,1
https://veruiozeruinmertfun.weebly.com/,1
https://qrco.de/bgbx2I,1
https://angelferno.gitbook.io/angelferno/,1
https://qrco.de/bgZtle,1
https://online-access-108476.square.site/,1
https://l.wl.co/l?u=https://qr-codes.io/lfmy3k,1
https://qrco.de/bfJXRK,1
https://capable-life-158394.framer.app/,1
https://msofficemessagescenter-1.mfs.gg/gh5vVTA,1
https://visio0n7onl3bnt.weebly.com/,1
https://areadocliente.lwalog.com.br/ModuloAdministrative/wprooting/css/?p=KyReA,1
https://pub-0f617cf046634d74a28566ce4b35830e.r2.dev/index.html,1
https://qrco.de/bgb9Gt,1
https://q-r.to/bgaqCf,1
https://oxpainexecu.weebly.com/,1
https://beginstart-en.wixstudio.com/en-us,1
https://evo-help.ru/mexs.html,1
https://q-r.to/bgbkHr,1
https://l.ead.me/bfKAVx,1
https://57yqz8hbb.cc.rs6.net/tn.jsp?f=001UWuR6_mTykBvl6ddUic3MouMe1EXMEmIWoYC4KpQVkx8f_QkZ6rlZ_dpZjXiIEvJuhipx7_fvt51tgg0us9pb_ZE0FYtskAvV4BS_W2wBD5oFYynIxOljXT1JJzDRU5irlP4_jGIvwKv4zUNKKTMRQ==&amp;c=qOgzsC00VHZ39Nojo7PgKwBmY78q2pWpLYeImMLzzURu9cex4SFw2w==&amp;ch=oH4wIvPuxxT0y_R_sJBpjq26NkVEFRmx3uUJcuzrXLBc-IJTlYTbEw==,1
http://bluckfillogin.gitbook.io/,1
https://bit.ly/42m9eNM,1
https://bit.ly/3YWVKpP,1
https://qrco.de/bfXXgL,1
https://allegrolokalnie.lokalna-oferta92.sbs/oferta/Kierownica-Logitech-G29-PC/PS4/PS5/143044631,1
https://hotm.art/oywifv,1
https://pub-0d8e0c69d3d34567ab3eddaa8aedf1d0.r2.dev/index.html,1
https://sites.google.com/view/update-currently988/home,1
https://ronkerr09.wixsite.com/my-site-1,1
https://2fmmbd.share-eu1.hsforms.com/2BUxwSszVQbWK4iVEx76Y-g,1
https://pacificmailerint.weebly.com/,1
https://www.dropbox.com/scl/fi/qdv5iebowqij0shbsszjy/Bt-Internet.papert?dl=0&rlkey=zjuo19vckz4u6jfeblbvqjpm8&st=626p6ss1,1
https://pioniex-apps.wixstudio.com/en-ca,1
https://ouattsmart-technologies.com/bbe826a5#redacted@abuse.ionos.com,1
https://att.gov-agrd.top/pay,1
https://uvjgyxga.firebaseapp.com/,1
https://qrco.de/bgc4rz,1
https://attadmin.boxmode.io/,1
https://maxisuc.com/maxis,1
https://hm.ru/6bd2FS,1
https://finichdeliv.wpenginepowered.com/wp-content/plugins/akismet/c/poland/BNP/,1
https://l.ead.me/bfVFu2,1
https://l.ead.me/bfKNf3,1
https://l.ead.me/bgb9qM,1
https://connexion-document.web.app/,1
https://l.ead.me/bfMJU6,1
https://attmail6686.urest.org/,1
https://alianca-rs.com.br/admins/,1
https://wallet-legder-live.wixstudio.com/en-us,1
https://docs.google.com/presentation/d/1eteu7zi0co6L3UWBIy1zvbGNnapich4uFIDtoNF4_Zk/pub?start=false&loop=false&delayms=3000&slide=id.p%3E,1
https://allegrolokalnie.oferta-38433-pl.shop/hulajnoga-elektryczna-kukirin-/62793,1
https://flowcode.com/p/eKBiEFiKpo?fc=0,1
https://did.li/0H9aa,1
https://allegro-lokalnie.prywatne8329.lol/,1
https://bafkreidrfhbmxe7a6slnmj7vrqpgnyaaal2iqjzcqydl6hxlls43m4iqv4.ipfs.dweb.link/,1
https://q-r.to/nftx,1
https://gouv.media/,1
https://bit.ly/4ez2pLo,1
https://nj.gov-esu.help/,1
https://2nano6446454342112332.blogspot.com/,1
https://docs.google.com/presentation/d/e/2PACX-1vSVRYnJ8fl6ArIU3uZq6HdU8tajjexqBry_YEuwSWAu6wuEiskLPJ0uOT0S_gY8X7ZiUPd7E0am3EdA/pub,1
https://live-learnapp.wixstudio.com/us-en,1
https://docs.google.com/presentation/d/e/2PACX-1vT_V5dvqd9DIg3wVaD4WTYcAb68SjoNA5arzxvP8uopxHx6tgnmKWUPFHTZPJRQi_4RbEkUOXqRXQmO/pub?start=false&loop=false&delayms=3000&slide=id.p,1
https://qrco.de/bgq6Pa,1
https://sites.google.com/view/safilmadlos09,1
https://secured-prompt.pages.dev/,1
https://qrco.de/beJ24S,1
https://l.ead.me/bfI1Ds,1
https://docs.google.com/presentation/d/e/2PACX-1vT57HqqxNs4TXZMctwbVq-UHatWW26KpJN5KJlnv9DQiwJ8fgdac48KAA9V3RsNl9AADeeoQusN9BwA/pub?start=false&amp;loop=false&amp;delayms=3000,1
https://qrco.de/bfMvh4,1
https://gtrre2385.weebly.com/,1
https://welcome-trezo.vercel.app/,1
https://82db346f-64aa-4d0b-92cf-f635f34a330c-00-2gve7ebk35g2h.worf.replit.dev/,1
https://newindstreamweb.weebly.com/,1
https://q-r.to/bgbKyD,1
https://pub-bbe3a8c7a52047d48db003af23346f71.r2.dev/ty.html,1
https://pub-2cd796e07737407a9447e3735195d740.r2.dev/xxxwebxxx.html,1
https://q-r.to/bfJkP4,1
https://dgpugzqswtczge.firebaseapp.com/,1
https://q-r.to/bfKbn3,1
https://eu.jotform.com/app/251991558444367,1
https://l.ead.me/bfKY3e,1
https://new.express.adobe.com/webpage/Yq86LDzxh5ZKF,1
https://internacional.zufsu.com,1
https://q-r.to/bfIxem,1
https://l.ead.me/bgaEf4,1
https://www.flowcode.com/page/roserose,1
https://security-app-payee.web.app/,1
https://evri-notice.shop/,1
https://bit.ly/3O1GL7Q,1
https://docs.google.com/presentation/d/1IsuEilwDDCaKpEHKiK86Pw7hxmW8Sn0IoWCvuTyGPHo/pub?start=false&loop=false&delayms=3000&slide=id.p%3E,1
https://trexer-suites.wixstudio.com/us-en,1
https://morrisbgateway2.weebly.com/,1
https://getsledger.wixstudio.com:443/en-start,1
http://allegro-lokalnie.1020smart9381.baby/,1
https://q-r.to/bgbeWw,1
https://kleinanzeigen.029140.com/receive/1454551?mail=W0FOQUZFTUFd&meta=rlWjMKWwLJ50LJqyVwb1YPWhLJ1yVwbvKUIxBQAxKUIxLmN5VRShLJMyoJRvYPWwnTS0K2yxVwbgZGNjZmH4ZQHmZwVmBFjvp2IlqzywMFV6VzgfMJyhLJ56MJyaMJ4vYPW0rKOyVwbvLJ5uMzIgLI9gLJyfVa0%3D,1
https://dpln-guides.com/anomalie-des-neravok/quete/tutorial/,1
https://dmwassedywuedkfjds.weebly.com/,1
https://rebrand.ly/Cardtick,1
https://startapps-trexor-cdn.wixstudio.com/us-en,1
https://bradesco.netclientepro.info/,1
https://philippe.actu729261.pro/,1
https://allegro-lokalnie.0t340g349g.cfd/,1
https://q-r.to/bfJMXu,1
https://docs.google.com/presentation/d/e/2PACX-1vScko4w9xz9dq6NQuFj2LT6m_-NgBiSKOtFHgkT_QaDtBkui3HLVEsvDC780supvwHQmYsaUeUMqNoM/pub?start=false&amp;loop=false&amp;delayms=3000,1
http://tiny.cc/zd9sxz,1
https://adminsecurity2026rupb.weebly.com/,1
https://l.ead.me/bfFLQU,1
https://svnbancolombia.vercel.app/virtual/negocios/registro-negocio.htm,1
https://mirait.web.app/,1
https://docs.google.com/presentation/d/1xSNKBZniYIFXKNlQDdUQ3vy10_EF7SF-jPi-55C1yxU,1
https://www.dropbox.com/scl/fi/033x2uguj2nmzbmjh34jc/GGFGFG.paper?rlkey=x76kjxl3u26o12thgcy8zmnkh&dl=0,1
https://forms.gle/sAhJPzWcXMiLHAs1A,1
https://jenhhivcs.firebaseapp.com/,1
https://l.ead.me/bfSVAc?Qko=9iaP7GmbEM,1
https://rastreioapple.support/expire/?5,1
https://dringarangapp.duckdns.org/,1
https://gmx-web-mail.weebly.com/,1
https://hugyhhguhij.w3spaces.com/,1
https://l.ead.me/bfNp3N,1
https://sk-39498.web.app/,1
http://allegro.174257d5.sbs,1
https://ncparis-dcb32.web.app/,1
https://correotdeaeducoe.weebly.com/,1
https://24-04big1.vercel.app/,1
https://nnfems.com/Webmail/64/Webmail/webmail.php,1
https://docs.google.com/presentation/d/e/2PACX-1vSF5CHmlY1NKWG20i2Hjig940Tn-71YH2EFNURLEeOVN1vDcUGuXxm0hAAu_n1FnKDFLqn83mmPSpSs/pub?start=false&amp;loop=false&amp;delayms=3000,1
https://wvv2v224-pages-dev.translate.goog/site3.sbisec.co.jp.html?_x_tr_sch=&amp;_x_tr_sl=monex&amp;_x_tr_tl=ja,1
https://login.nhbkj.com/p0i0lec3?_t=Ifk9lGxgdzEAcXX_uVdgtg7mLB5GqPZluw9jKKY5a38#/home,1
https://home-tr-z-r-suite-us.typedream.app/,1
https://facebook.gapesta.my.id/,1
https://console-bridge.wixstudio.com/us-en,1
http://allegrolokalnie.18351.shop/oferta/l/-049763020?id=d3f47eeb-s81b-430f-asaa-9a43d1d177a7,1
https://swsswww00024.weebly.com/,1
https://docs.google.com/presentation/d/e/2PACX-1vRdu7PefWf7IkW--boYg2jBIPD7L3zOmtCl_AGmrdSBJFjDfw0VqGeHlCvPuGwiBS6t7xMMjoB0K8P8/pub?start=false&amp;loop=false&amp;delayms=3000,1
https://joy.link/att8373892,1
https://neoimport.ru/wp-content/,1
https://share.hsforms.com/1JWlO6MOnQna9WurFUuBnywtei4v,1
https://docs.google.com/presentation/d/e/2PACX-1vTBNX8ODlF7f1sdctwMwxgBAZxE30TPAfDJQojrG60M1xJQ03dCa4EdnPqPEaOKt0i72UPoVXacqSwB/pub?start=false&amp;loop=false&amp;delayms=3000,1
https://vip-myclick.yachts/ms/,1
https://filou.ext5723518.pro/captcha.php,1
https://ma.ygvbf.cam/,1
https://gbadagni.liv-536801.pro/captcha.php,1
https://dappsconnectionsapp.pages.dev/,1
https://amfct.weebly.com/,1
https://docs.google.com/presentation/d/e/2PACX-1vT51bbNBvouH0lPSraohwr_q45SSizF7YJMwAoWG8tECE7ONwucAyI_suiHzww1e6pm-dFJ_APgKwyD/pub?start=false&loop=false&delayms=3000,1
https://isr332.weebly.com/,1
https://bit.ly/3YwxUzz,1
https://bafkreie5qgksvef4cng3ma7esfvyw6tikwngqtud6hslthcjrd5g2edzqi.ipfs.dweb.link/,1
https://docs.google.com/presentation/d/e/2PACX-1vSSPQQe1UU0ftxifSAOwNA5ElMrSytxyktJ-6KOQTrArPMrQoYlQo7CBYwVDyUJw_Q9BjbaoOecL7Cl/pub?start=false&loop=false&delayms=3000,1
https://amli-web.com/captcha.php,1
https://jasav.m-pages.com/jY8XzI/ttbtbbtee,1
https://qrco.de/bfVFu2,1
https://bit.ly/4dAWw0c,1
https://forms.office.com/pages/responsepage.aspx?id=DQSIkWdsW0yxEjajBLZtrQAAAAAAAAAAAAO__WN1clNUMFBNSFU5NENVT1JYOEdOQ1BQNlRSOUEwTy4u&amp;fbclid=IwAR3IXbEgYmOA29D1aW3OOCyvp_VtyxdJ0HQTeGHCDYlTOk5-l_RNQluFiS0,1
https://pub-d89d6f3664da4192894e6836ea41a900.r2.dev/index.html,1
http://43.159.39.69/v3/signin/identifier?dsh=S-1811397486:1679418262665963&amp;followup=https://accounts.google.com&amp;ifkv=AWnogHem6JXsfI3I9GTbq2PtjQew0k8G55g-QUjTxUhcXrNI5Dbry5BB-B5zi9pDC1IBJ5EJ9nEX&amp;passive=1209600&amp;continue=https://accounts.google.com/&amp;flowName=WebLiteSignIn&amp;flowEntry=ServiceLogin&amp;ifkv=AWnogHerXnuLg4GNgxtkXxLkjqsVA5lHaupnV2hBzXyi_ZN388ag2_z1Pagw6dnYiSaFdvnXUpQWfQ,1
https://kjhkjh-o4ul.vercel.app/hgcfgvgh.html,1
https://637341.8b.io/,1
https://yutreswv-hgfdssdbhtg-76vvrvdx.firebaseapp.com/,1
https://q-r.to/bfG5bF,1
https://site-ueva6l6mp.godaddysites.com/,1
https://docs.zoom.us/doc/QO6j1xTzQf2ZLmDHfNdlnA,1
https://usataxirs.com/,1
https://bit.ly/3W6844e,1
https://www.dropbox.com/scl/fi/2ajrt3wtu7dd0d1cydvhz/Kindly-update-your-Btinternet-Support-to-avoid-email-shutdown-permanently.paper?rlkey=ryy33rhgsp9x560ac9mi3rxs8&dl=0,1
https://4cxhi8x94.ukit.me/,1
https://docs.google.com/presentation/d/1AThp7-eVfj-HsyuwtwajZc3BrU8UQxOyVDEMq8f7XRk/pub?start=false&amp;loop=false&amp;delayms=3000&amp;slide=id.p,1
https://brt.fnnlhl.click/secure/it,1
http://allegro-lokalnie.smar9438-65j.cfd/,1
https://aktualizaciazabezpecenia.web.app/,1
https://fibnjklhuoirta.firebaseapp.com/,1
https://hmbn0hyyzfua-pages-dev.translate.goog/www.jcb.co.jp.html?_x_tr_sch=&amp;_x_tr_sl=monex&amp;_x_tr_tl=ja,1
https://eng-suite-eng.wixstudio.com/guide,1
https://klelnanzeigen-deutch.84nvvs.lat/receive/order/odpqrMLFUj?r=0x2&__cf_chl_rt_tk=1qjBE7OSTMbQb32eVrrZ9qXZJOQW9R9InLN9CjsEOGc-1777437309-1.0.1.1-.3sg.NCrFp4WHyc9qTRyfodMsRO75Xx9irrExQlVv1M,1
https://qrco.de/bfPK0A,1
https://enlacedecertificacionout.zya.me/?i=1,1
https://nathanieljerry.weebly.com/,1
https://gravatar.com/colorfulnoisilya1272c96f9,1
https://allegro-lokalnie.ofert3029102-3f.shop/,1
https://bi-pa.co,1
https://bafkreiadeq6zeagybxxokhyf43swhjw2hv7txvg2v3x5uagripmb7xxcaq.ipfs.dweb.link/,1
https://bjbmn.weebly.com/,1
https://docs.google.com/presentation/d/e/2PACX-1vQr2Yn88qm7wZW0vBPT2I9mh4BYOQHbsALR-jB4eu9xyR1ZOZmobB9_FlMWz4VlG-YjoUUDlT4d3NZW/pub?start=false&amp;loop=false&amp;delayms=3000,1
https://q-r.to/bfJ2Jd,1
https://zuwmbztn.web.app/,1
https://bTgLyWsg.hbvvkvk.cn,1
https://sites.google.com/view/attpolicy/home,1
https://q-r.to/bfNp01,1
https://q-r.to/bfgBf4,1
https://qrco.de/bfIEbj,1
https://docs.google.com/presentation/d/e/2PACX-1vSmnnorlwND3-A9EE8tSU774Mcmf6mYQTWTIXIBB1YJgjy5ZtsrNOu_UMsZJjpzFY1V7MsX-3Lw5bmn/pub,1
https://blissfulrubdown.com/,1
https://web.tegdhc.top,1
https://www.pcn-notictk.shop/com,1
https://q-r.to/bfSTPr,1
https://allegro.pl-oferta6383639.click,1
http://allegro.ksaosu76bdbf9.cyou,1
https://us7.campaign-archive.com/?u=bb892a75369c65ffe1ad15614&id=add864d445,1
https://amzaboprime011.pro/loading.php,1
https://bit.ly/3UnBUkI,1
https://docs.google.com/presentation/d/e/2PACX-1vT3a7v6NWTKJPSYsOuCn3WHYpNFG2ipw-HDpXu3XSYOdDVzBIrJgtgM4aOqoJpDETurDKkPopuLKrre/pub?start=false&amp;loop=false&amp;delayms=3000,1
https://qrco.de/bgcXe5,1
https://klelnanzeigen-deutch.austinsecurityservice.com/receive/order/gA0COPvVJvW?r=0x14&__cf_chl_rt_tk=BJqnlXmV.nnskU1pdYMt5i8NMPYKBKxwjjkBJWoU80o-1781450645-1.0.1.1-9xFtu_sbEx9X4TN5P4fQGutJmH_wJ.jrCkLuhCwOTAc,1
https://senecasy2k.github.io/my-login-page/,1
https://l.ead.me/bfZkcZ,1
https://romusoft.com/,1
https://docs.google.com/presentation/d/e/2PACX-1vSUWLu56-nV-kxUSQh4aNIcYvBueTgr9dcTWAKiFDZQCT1QAfgA3uihLEoSRzKcqNk2eLW_dkwrGJgo/pub?start=false&amp;loop=false&amp;delayms=3000,1
https://docs.google.com/presentation/d/e/2PACX-1vRUCyIHWXcOmDhCOcHhjo8_gITnqGEGnys4LABX8D-k1q6GACoiCOt4ulpRHwYrgaQoSBvrBgagnpw-/pub?start=false&amp;loop=false&amp;delayms=3000,1
https://docs.google.com/presentation/d/e/2PACX-1vQzQguz394QAxUT85DU3hLFDhdexh8QqekU-gSV5DVyFRkDvFihOPbetfGrMaC_GdfDlg10cEAKVE_0/pub?start=false&amp;loop=false&amp;delayms=3000,1
https://www.dropbox.com/scl/fi/m8y9epnpsipvl9wopug4n/Shared-a-dropbox-file,1
https://docs.google.com/presentation/d/e/2PACX-1vS7qxuJDiDSMwzUdj0d2AJB0vlgWcEf0s8j8i8_6U4Xxh-6SrAepEYIOkuv3uMffpLKTWXRzYldUM94/pub?start=false&amp;loop=false&amp;delayms=3000&amp;slide=id.p,1
https://www.agam-rouge.vercel.app/,1
https://techmegatronicplusgibsonguitarcorporatio.drstechnoefblogies.vu/,1
https://q-r.to/bfII36,1
https://l.wl.co/l?u=https://mailingsbb.blogspot.com,1
https://telkomsanetnetworkingdh.weebly.com/,1
https://l.ead.me/bfVlDC,1
https://docs.google.com/presentation/d/e/2PACX-1vSp-8qqQUEPFvZlBQFG3pqa1T9vFZ5vRTXDoTCXthFuhZ8ixm-GzBr2emVyIhhYf3wwTR5I4k866uyQ/pub?start=false&amp;loop=false&amp;delayms=3000&amp;slide=id.p,1
https://broadbandd4.weebly.com/,1
https://serviciosbhdopen.iceiy.com/?i=1,1
https://peppy-axolotl-9e507a.netlify.app/diner.html,1
https://q-r.to/bfMQOL,1
https://sadasdaapppp.pages.dev/,1
https://homepage-ladger.wixstudio.com/desktop,1
https://nassab.grv961010.pro/,1
https://amazonwebservices.security-unauthorised-request.com/login/Mgk-WCxcfmgseLHDblkV8Onp_5Wk9ykC3UkY=2Aw==0UV1RSl9eb1xfV1le/U5vi3iQc2ZYY-EdD-wtEnZbBycRD5f72/,1
https://q-r.to/bgcUGF,1
https://l.ead.me/bfI4AT,1
https://gov-xvu.help/,1
https://www.dpdlocork.top/com,1
https://www.dropbox.com/c/scl/fi/llkmst34vrmfeqi978sal/BT-Mail-Login-Page.paper?dl=0&rlkey=cfjev405r2d3768bfzjhskk9i,1
https://new.express.adobe.com/webpage/9ZYw5IEnipOtF,1
https://qrco.de/bgZaIO,1
http://hotm.art/Be0LvZ,1
http://allegrolokalnie.pl-7423784378.cyou,1
https://fact01portroston.urest.org/,1
http://www.allegrolokalnie.pl-9376936.sbs,1
https://home-pljsnsa.weebly.com/,1
https://docs.google.com/drawings/d/1bUWN4W1MsOzJQYa4XpqXZoTjsN1t4E13_dKKSfAfTg4/edit,1
https://bit.ly/3Ug6Q6y,1
https://qrco.de/bfJYnL,1
https://hm.ru/axS5nW,1
https://l.ead.me/bfNy5W,1
https://notificaciones-activarcuentausuariobhd.weebly.com/,1
http://meta-maskloig.godaddysites.com/,1
https://attmailservice899.boxmode.io/,1
https://de-29300.firebaseapp.com/,1
https://qrco.de/rgi3pcgbqkpj,1
https://allegro-lokalnie.0290238982g.xyz/lokalnie/?id=2T1N7f2b3q4K2E8l7J0G3v5v7O2Y1E6b,1
https://docs.google.com/presentation/d/1iLjXeYziWjwleADVCfoo5qsPWA85B90XrjALeQihYtk/pub?start=false&amp;loop=false&amp;delayms=3000&amp;slide=id.p,1
https://paypay-card.zrddwlc.cn/fingerprint.php,1
https://eth-login.webflow.io/,1
https://k-jp.co/,1
https://zimbra-verif1.weebly.com/,1
https://strt-ledgr-com.wixstudio.com/us-en,1
https://share-eu1.hsforms.com/2OexsHHOUR5-VOacUYOuK_A2exnv5,1
https://q-r.to/bgbO3x,1
https://comfirm.m-pages.com/,1
https://sites.google.com/view/1s9l8t49odelqaoy,1
https://activatcaredd.web.app/,1
https://new.express.adobe.com/webpage/FqeCOQ7cum82d,1
http://allegro-lokalnie.34h9803849h3.cyou/,1
https://socketwebmailaccount.weebly.com/,1
https://portal-amb.web.app/,1
https://fallupdates.weebly.com/,1
https://bit.ly/3UYvNno,1
https://qrco.de/bgc4qr,1
https://qrco.de/bfNxR7,1
https://linkin.bio/tosupport-kvish6,1
https://qrco.de/bfD7AP,1
https://new.express.adobe.com/webpage/NQ57c90BZYrdz,1
https://docs.google.com/presentation/d/e/2PACX-1vSOqrL4o2wq0y7HQSGj2D9HAlU9WZVnNW0_QKK6AW8pMj4XTcoWQAeJBs_K-eCj7E5w7bT8bjcKOgCw/pub?start=false&amp;loop=false&amp;delayms=3000,1
https://klelnanzeigen-deutch.4f7eua.cfd/receive/order/k_vakaawGLA?r=0x15,1
https://gnmznbck.web.app/,1
https://loading-page-now.web.app/,1
https://fduybh.weebly.com/,1
https://usc1.contabostorage.com/153285e6394a400eb008214291e96cb3:ooo/all-domain.html,1
https://t.co/lvOUaOHAEf,1
https://bit.ly/MyEEBiII,1
https://htashihchaebyou.web.app/,1
https://badler7980ev.wixstudio.com/my-site,1
https://mit-alert01a.web.app/,1
https://az.sdzxsw.cam/,1
https://qrco.de/bfBUaA,1
https://docs.google.com/presentation/d/e/2PACX-1vTp4OuQVhb449O4SYQYnIjEHfwV5kcfwtaovTbhcqkpAHYm4F7q-sLiPvvbplD61ls4FQmvXzx0gDpS/pub?start=true&loop=true&delayms=1000#slide=id.p,1
https://q-r.to/bgZq2d,1
https://serachoice.com/,1
https://bafkreicmnn5w6y57s4ntofmxuunz6any56dftpfngjhieojnbkzkqk7o5q.ipfs.dweb.link/,1
https://l.ead.me/bfNxR7,1
https://starte-trezcdn.wixstudio.com/us-en,1
https://en-ledgrcdn.wixstudio.com:443/live-en,1
https://www.dropbox.com/scl/fi/f2tfnh754weixqnthv797/Kindly-update-your-AT%26T-Mailbox-to-avoid-email-shutdown-permanently.paper?dl=0&rlkey=c6xhec56ftc3ebdnyz8e60ch0,1
https://site-tt1g363mt.godaddysites.com/,1
https://docs.google.com/drawings/d/1ej7ksDRrNIUhRoZab7nRSTwZhh8pTM17Hy7EAAfy1Vg/edit,1
https://live-setup-desktop.wixstudio.com/us-en,1
https://l.ead.me/bfF3g9,1
https://docs.google.com/forms/d/e/1FAIpQLSfFgLstoUe3_rQZQxEDEjvOcozuD-gQ5dM1wQd0de4V4I-R-w/viewform,1
https://lavender-structure-742385.framer.app/,1
http://allegrolokalnie.104643.click,1
https://caring-quicker-964590.framer.app/,1
https://www.telegrammz.cc/,1
https://l.ead.me/bgbsYi,1
https://pass-cle.com/,1
https://qrco.de/bgbO3n,1
https://rcgpxk.cn/,1
https://fair-stories-373344.framer.app/,1
https://qrco.de/xma2z4hnu01j,1
https://q-r.to/bga5mh,1
https://t.co/kFJ4VsVYZX,1
https://web.tegdip.top,1
https://docs.google.com/drawings/d/1fI2A7hArFYYDYYWYdU5AFlNUgPZB2OgORZaBLMGLBHg/preview?1612dd8f-bcab-4245-b8a2-3100e1fdd8b1,1
https://mysecurelink-attmail.pory.app/,1
https://us13.campaign-archive.com/?u=b6aceb6b794201a2af9855380&id=9ffa41071a,1
https://web.tegpdj.top,1
https://l.ead.me/bgZuLF,1
https://qrco.de/bfJLSS,1
https://gov-mxj.help/,1
http://gtly.ink/vAYR0m7uoC,1
https://nassabi.grv9710620.pro/captcha.php,1
https://bridges-apptrezr.wixstudio.com/home,1
https://docs.google.com/presentation/d/e/2PACX-1vQVX6rQopbpWtSI2__El0N2ZjgNWGdmFi89y408PQsaAc_kuf_ER5OpMI6f1uXDEN5YbUykywrbihN6/pub?start=false&amp;loop=false&amp;delayms=3000,1
https://ipfs.best-practice.se/ipfs/bafybeia4ghp5o72eucwl2vki64rbcu6crk2mzlarhnvx42r5ol3ovnbyeu/asia_share.html,1
https://assu-carsat-retraite.com/captcha.php,1
https://l.ead.me/bfFtna,1
https://q-r.to/bgaRU1,1
https://zpr.io/g8HyuBAvHDkt,1
https://sites.google.com/amricalturs.net/ks3/microsoft-office-365,1
https://docs.google.com/presentation/d/e/2PACX-1vR1yz5nCzu071G7pDFF481qPK1NIsbyhAfgLlC1GPjrQ8SritoA--HiU-OFdwx7ZEYuR6LOVmo0VqbQ/pub?start=false&amp;loop=false&amp;delayms=3000,1
"https://www.adsensecustomsearchads.com/afs/ads?adtest=off&psid=3113057640&pcsa=false&channel=pid-bodis-gcontrol202,pid-bodis-gcontrol97,pid-bodis-gcontrol317,pid-bodis-gcontrol151,pid-bodis-gcontrol471&client=dp-bodis31_3ph&r=m&hl=fr&ivt=0&rpbu=http://bint1623.hyperphp.com?caf&&max_radlink_len=50&type=3&uiopt=false&swp=as-drid-2894319533101138&oe=UTF-8&ie=UTF-8&fexp=21404,17300002,17301383,17301421,17301431,17301433,17301436,71847096&client_gdprApplies=1&format=r3&nocache=191709747237853&num=0&output=afd_ads&domain_name=bint1623.hyperphp.com&v=3&bsl=8&pac=2&u_his=2&u_tz=60&dt=1709747237854&u_w=800&u_h=600&biw=1920&bih=1080&psw=1920&psh=972&frm=0&uio=-&cont=rs&drt=0&jsid=caf&jsv=610814804&rurl=http://bint1623.hyperphp.com/",1
https://anahirschle.com.br/css/domains/eovlogin.php?id=6a5889bb0190d0211a991f47bb19a777,1
http://allegro-lokalnie.polk78920643-230.lat/,1
https://cli.re/mpnm32,1
https://eu.jotform.com/app/252473205639358,1
https://erenobnp.web.app/,1
https://daumo98rytyoiturjfdckuh.weebly.com/,1
https://learned-bridgetrez.wixstudio.com/en-us,1
https://sites.google.com/view/primetvactivationcode/prime,1
https://qrco.de/bfLXYH,1
https://us6.campaign-archive.com/?e=5c282b740f&u=a16c97886267c1a7ebe014e7e&id=95e5b21b2f,1
http://www.allegro-lokalnie.pl-ogloszenie8598192.click,1
https://new.express.adobe.com/webpage/9QAbLucTZNmwD,1
https://link.space/@Desk,1
https://allegrolokalnie.trkbvjsdj.sbs/oferta/Odkurzacz-pior%C4%85cy-karcher-puzzi-10/1/595118816,1
https://qr.de/TAvHEu,1
https://docs.google.com/presentation/d/e/2PACX-1vTDRk-90uXGltvCWxHTCMJz6150UUxpigqKM-DrnamvlFXO9_NAJdsOcFjcUNNiUuA3YcLYHS4aewNC/pub?start=false&amp;loop=false&amp;delayms=3000,1
https://www.dpdlocakqz.shop/com,1
https://chartreuse-fox-501659.framer.app/,1
https://home-ledgrdestop.wixstudio.com/en-us,1
https://bafkreihdlgaan5ojud77rted4x76rrqovc7aag62ycnwz3r24imt6mbqby.ipfs.dweb.link/,1
https://frouy.weebly.com/,1
https://docs.google.com/presentation/d/1waE05dezPxhWLqBexW8H3I4_Qi89nv0OSxtVtjdRB3U/pub?start=false&amp;loop=false&amp;delayms=3000,1
https://homepage-juppitter.wixstudio.com/us-en,1
https://pmplanning.systeme.io/ab81311c,1
https://allegro.74327239120gofiy362.lat/,1
https://read-word3.myportfolio.com/,1
https://docs.google.com/presentation/d/e/2PACX-1vTc92I49fieL_mDfZenf2KUrCapM2Z6quNz12LLftM-X_n8u5MbTVMSjLse6wvOzynXcumZRHS0dQdE/pub?start=false&amp;loop=false&amp;delayms=3000&amp;slide=id.p,1
https://andex.vercel.app/terms-of-service,1
http://allegro.2834g340-g34.shop/,1
https://rfr0798655768.web.app/,1
http://allegro.12312989834h340.xyz/lokalnie?id=5d3s0n3a6p1d2u9x9u9m5x5a4x7q6k4s,1
http://univamu.ulcraft.com/,1
https://q-r.to/bgcHJ6,1
https://qrco.de/bfHq9H,1
http://lotericacaixabrasil.com,1
https://us9.campaign-archive.com/?u=e0d6889862669204fa1e62412&id=96c0d76f67,1
https://post-support.co/pages/login.php,1
https://issueserviceasap.web.app/,1
https://www.powr.io/media-gallery/i/41161663,1
https://qrco.de/bfPXNj,1
https://fiverramplifieds.info/confirm/193494331,1
https://bridge-uses.wixstudio.com/us-en,1
https://bit.ly/ihe_check_1?utm_source=Inside+Higher+Ed&utm_campaign=5e05e5cf75-S2_DailyNews_COPY_01&utm_medium=email&utm_term=0_-284161f8c0-238016430&mc_cid=5e05e5cf75&mc_eid=UNIQID),1
https://klelnanzeigen-deutch.4f7eua.cfd/receive/order/k_vakaawGLA?r=0x3&__cf_chl_rt_tk=WYTBjrIlBoOD.MCD1X7yYTWt1fbp0CESwgrPYvhgxDU-1780069645-1.0.1.1-co.XYnKM2ZFVkWsm__EHZMgnt50LKAB.cbDUHYZ_fuI,1
https://qrco.de/Dgtes5,1
https://allegrolokalne.upp4387129.lol/,1
https://pichinchaclub.webcindario.com/,1
https://avanzaecuador.webcindario.com/,1
https://new.express.adobe.com/webpage/PuAI642v97p0R,1
https://bla-ckfilogen.gitbook.io/us/,1
https://sherwoodhotels.com.tr/in.html,1
https://tapk.it/brandnewconnectlv0iceph,1
http://allegrolokalnie.pl-029.cfd,1
https://ipfs.io/ipfs/QmbaEgC9pmvvxmXmi6qd1bTQ5E3bU9qhp5FauPprVphuHs,1
https://q-r.to/bfHELO,1
https://docs.google.com/drawings/d/1CIclXamkufj5dMY99ypxLcl99jA5PEBp05Jdz9gBiIE/edit,1
https://uai--cl.weebly.com/,1
https://primeamzabo008.pro/,1
https://docs.google.com/presentation/d/e/2PACX-1vQezbmhr2TsUa15qDSsx-5ZZDxPlC7gTP8oyDMWZypyWmgBk70keaRiizqJm9YUv7RTiyBdFOdTl8vN/pub?start=false&amp;loop=false&amp;delayms=3000,1
https://io-ettorocdn.wixstudio.com/us-en,1
http://allegrolokalnie.ogloszenie12543746-z-dostawa.sbs,1
https://qaieoyureybre.weebly.com/,1
https://qrco.de/bgaEzu,1
https://l.ead.me/bfOH64,1
https://pub-74860c7566f64dd1957bdeb31ee3cce2.r2.dev/index.html,1
https://kuikoinslogon.webflow.io/,1
https://startsso-trezxr.wixstudio.com:443/us-en,1
https://spikenow.com/r/a/?ref=spike-organic-signature&_ts=2q0wld,1
https://www.miricanvas.com/v/13j839e,1
https://rgvefvfrgh.weebly.com/,1
https://docs.google.com/presentation/d/e/2PACX-1vR8LAkQKh7j87bU6DNWmtzGHqBCHYaVQ5c1JVyNiOvKN_YYThTE94dBJ5onVaUQK94ci6hxaDGpAUx0/pub?start=false&amp;loop=false&amp;delayms=3000,1
https://pub-4ab80b0cc225420184adda9f946c6a4a.r2.dev/qumunll.html,1
https://q-r.to/bfY9VA,1
https://caseid1008593748795734565.web.app/,1
https://qrco.de/bfVExT,1
https://btopper-wku-edu.weebly.com/,1
https://q-r.to/bfJw1n,1
https://nddaxxsignin.webflow.io/,1
https://q-r.to/bgc5mI,1
https://app.jotform.com/251913165052552,1
https://qrco.de/bgbgNf,1
https://lbaeventos.com.br/ne/?uid=aaaa@example.jp,1
https://q-r.to/bgZXwz,1
https://alleagro.55pl.ink/logowanie/,1
https://docs.google.com/presentation/d/e/2PACX-1vTvNFz9OObWkzgHMyuTxmrDHXRes90R_5Epo2bQbCuvpnv_Ldl0oYW4t0gIRvVoW6ggR6fT-mTHDSy3/pub?start=false&amp;loop=false&amp;delayms=3000,1
https://pub-8523b2e235314de2808915def8628364.r2.dev/index.html,1
https://venmlog.info/log/,1
https://remi.bdll843954.pro/captcha.php,1
https://sportybet-nigeria-bookings.weebly.com/,1
https://new.express.adobe.com/webpage/ojnv1GK8reqVp,1
https://l.wl.co/l?u=https://qrco.de/bfPiOf,1
https://bhd-ingreso.webcindario.com/,1
https://pub-f5ae22f51e044b9488d7040a1856ea0f.r2.dev/index.html,1
https://www.blindbargains.com/bargains.php?feed=%22%2F%3E%3Cimg%20src%3D%22https%3A%2F%2Fgoogle.com%2FA9mr10Hg2SMzo.jpg%22%20onerror%3D%22window.location%3DdecodeURIComponent%28atob%28%27Njg3NDc0NzA3MzNhMmYyZjdhNzc3YTZhNmE3MjY5NjUyZTYzNjEzNjYxMzg2MjM3MzQyZDMzMzI2MTYzMmQzNDM1NjU2MTJkMzgzNDY2MzAyZDY2NjIzNjMwMzc2MjM4MzczODM5NjE2MjJlNjM2YzY5NjM2YjJmMzYzNDYzNjQ2NTMwMzQzMDJkMzIzMjMzMzUyZDM0MzU2MjY1MmQ2MTMzNjYzNjJkMzQ2NDYzNjQzNjYzMzgzODM2NjQ2MjY1MmU3MDY4NzA%3D%27%29.replace%28%2F%28..%29%2Fg%2C%20%27%25%241%27%29%29%3B%22%3E,1
https://pub-a8e31add0a6b4aba869febaa01df3901.r2.dev/index.html,1
https://arizona.gov-jfom.help/,1
https://newmailverifiedapps.weebly.com/,1
https://qrco.de/bexicm,1
https://univ-frr.firebaseapp.com/,1
https://digital3rivers-e.web.app/,1
https://pub-d71709b11f304e0b87fe3275219dc568.r2.dev/b82.html,1
https://bit.ly/3Y2VcyF,1
https://frabjm464756345.weebly.com/,1
https://www.flowcode.com/page/attttd,1
https://clarkus.weebly.com/,1
https://kidsorthopedic.com/?gclid=CjwKCAjwsvujBhAXEiwA_UXnALyvPVhaQR3sDXlwMlhzzv92ndkogkJeho75PrM-IC_qKS5Ph_gp-RoCc2sQAvD_BwE,1
https://hotm.art/Nx0yOi,1
https://golden-wealth-471939.framer.app/,1
https://guadeloupeparticuliers9.firebaseapp.com/,1
https://isabella-b1.web.app/,1
https://started-portfolio.ghost.io/exodus/,1
https://klelnanzeigen-deutch.zztianrong.com/WuullnDIeX?m=1&__cf_chl_rt_tk=nqTHIDp.2zM2jSuMPlH_H2x0NXhEsG7PxDbqYPMCIhQ-1780768018-1.0.1.1-fMgcTF4vwF1uQojVrpCMoJm51r0687TqmdiB0KcmQlc,1
https://www.signin-ehay-uk-login-secures-5f8twghw.manushmanusherjonnobd.com/,1
https://telega.one/,1
https://l.ead.me/bfSQe9,1
https://q-r.to/bgaTqe,1
https://docs.google.com/presentation/d/e/2PACX-1vR0z7NXxwEVJrlqPK7J8UzupZfnKKaneDz1Nm5zsg3-m-vIeULAeqnQ2o2No08GQwrfWaVq6RckZoYb/pub?start=false&amp;loop=false&amp;delayms=3000&amp;slide=id.p,1
https://ipfs.io/ipfs/bafkreidsosmqqhzprlnzylh6kl2a6gmgnmv4gyajxqgam45x5mn4lpjrta,1
https://zpr.io/n6AY8prLFJXq,1
https://l.wl.co/l?u=https://qr-codes.io/lggqwJ,1
https://l.ead.me/bfMv2v,1
https://qrco.de/bgbnNE,1
https://qrco.de/bfJMe5,1
https://qrco.de/bfXlvQ,1
http://allegrolokalnie.pl-ogloszenie74582375.sbs,1
https://suiteapp-trrazor.wixstudio.com/us-en,1
https://pub-8854385177f943c5a6d36382df0946d9.r2.dev/index.html,1
https://us6.campaign-archive.com/?u=806c18b6b06f22fbf3ef9d07f&id=e5699666d5,1
https://www.dropbox.com/scl/fi/jltoprwiroyyqlqlikasp/BT-NEW-VOICEMAIL-RECORD-..papert?rlkey=d1ozb7cf74r588ys1yyvf92nu&dl=0,1
https://growotpiagemhack2021.weebly.com/,1
https://entrarbac.help/pa,1
https://app.lnternacito.com/front/,1
https://woolardsauto.com/stats/safety-validated-access.html,1
https://smu-edu-office365.weebly.com/,1
https://mon-espaceclient-carrefour.firebaseapp.com/,1
https://redtail-f.firebaseapp.com/,1
https://min.standard.us-east-1.oortstorages.com/emm.znc,1
https://postfinance.buzz/,1
https://kleinanzeigen-deutsch.detrackin396.info/getpaymentm/212039042/m9,1
https://docs.google.com/presentation/d/e/2PACX-1vQaDUhHr800qkrkgJwdxsyxq2gBboDDA8Kw7DXsbQE0yQq9_QwcDv590Ow_e8a4i3QVs0o5-Ep2ZHeT/pub,1
https://gov-ock.help/,1
https://onx.la/4b93e,1
https://vinci-france.info/,1
https://client-locker.com/as.php,1
https://web.tegwes.top,1
https://docs.google.com/presentation/d/e/2PACX-1vQ32Ij0Az9ZeE2K3Z6DVyheNoiLWY6Yq9hbsgghJuAEVz_7-y0br6JFpPTSM0HUQ6XkBBeh28XImi-J/pub?start=false&amp;loop=false&amp;delayms=3000,1
https://webmail-a5b4c3d2e1f0a9b8c7d6e5f4a3b2c1e.github.io/YlI9FZvZDapYox7d/#x@x.com,1
https://onlineorder-pandaasianfussion.web.app/,1
https://l.wl.co/l?u=https://qr-codes.io/1K6LBw,1
https://docs.google.com/presentation/d/e/2PACX-1vSGrGUQ27jvFjIdKnb-qeSGTms8PPxQMIUMNV6pfsL89BoUv7ekHS3dzQJV9m0HRxC7OKsue37314ZP/pub?start=false&amp;loop=false&amp;delayms=3000,1
https://brt.uthajq.click/track-it,1
https://bafkreih7r4hbu2ogoeeoh6os6ievk2gwtztnoyrduqgbtmavw2zx7lgfne.ipfs.dweb.link/,1
http://allegro.lato-2026-504346.click,1
https://pub-691de8acd6944536bf36783e7b883cc6.r2.dev/index.html,1
https://fswposlete.web.app/,1
http://www.pcn-noticuw.shop/com/,1
https://telegra.ph/BT-Business-updates2024-12-21,1
https://docs.google.com/presentation/d/e/2PACX-1vRq7H_h7JmwLq4p5HLTnHfp6vuEgbaL3iBAq--RZgcX2AwBHmGMVhPRKSVhMMdWZTX11QOudBmKznsE/pub?start=false&amp;loop=false&amp;delayms=3000,1
https://qrco.de/bgbz13,1
https://get-live-global.wixstudio.com/desktop-en-us,1
https://omxc3k11.forms.app/midinero,1
https://forms.gle/kEwFr3tZigsZQPjD6,1
https://vmi-mysti.web.app/,1
https://l.ead.me/bgbABD,1
https://ftgyttgyhyuh.w3spaces.com/,1
https://hotm.art/RTLT2Uv5,1
https://qrco.de/bfOqAR,1
https://changellywalliths-cdn.webflow.io/,1
https://qrco.de/bfeh8k,1
https://l.ead.me/bfJWGx,1
https://kick-it-soccer.com/lonos,1
http://tollwebmail518ny.com,1
https://memorable-griffin-546873.framer.app/,1
https://links.truthsocial.com/link/116008231051331495,1
https://www.dropbox.com/scl/fi/efjgwuj6k48h1rh8dx042/BT-MAIL-SERVICES.papert?rlkey=bnp27q4puthr6dzuo8f6sl9p2&dl=0,1
https://q-r.to/bfFRwM,1
https://home-gette-io.wixstudio.com/en-us,1
https://zapost-id2981.firebaseapp.com/,1
https://bafkreif4cswshos4rbuz4u7nelo7cqya7pvaxcs7p36xa4yubsrcfvxsje.ipfs.dweb.link/,1
https://q-r.to/bgZhSa,1
https://q-r.to/bgaMXF,1
https://loggiasdasdw9uu.start.page/,1
https://pay.hotmart.com/H97398522L?checkoutMode=10,1
https://docs.google.com/presentation/d/e/2PACX-1vRC6HvItxewR19DM4B3SSy4kceWMkgdus8zBO-75dsC0RQ8nQQ61Z3kAy7-OTN1Q2Xx5xu2Df5xGYNB/pub?start=false&amp;loop=false&amp;delayms=3000,1
https://bit.ly/3XKxDbQ,1
https://atisorkanpol.firebaseapp.com/,1
https://docs.google.com/presentation/d/e/2PACX-1vQzZrQoPGauZSdSvzcpDqcP8a7mTeVv7zoX46W19SjuvVAZWhJx_mphizhT0CXcn2yqyYGZYwHoFkDk/pub?start=false&loop=false&delayms=3000&slide=id.p,1
https://new.express.adobe.com/webpage/IdtVnFrlXp0Ev,1
https://bit.ly/3S2cVlU,1
https://us10.campaign-archive.com/?u=e8dad67dff3d0062514cf469f&id=a7fa460b8e,1
https://www.beijlka.com/?L4GxNuERxE1L,1
http://www.flow.page/eastlink.ca,1
https://q-r.to/bgc9fV,1
http://startsolar.in/startsolarauwebsite/wp-content/themes/shapechanges/index.php?r=bD1odHRwczovL3RoZWZhbnMucGFnZXMuZGV2,1
https://linkin.bio/calsupport/,1
https://qrco.de/bfHiqU,1
http://email.mg.exlyapp.com/c/eJwczEtyrCAUBuDV4NA6_M3LAYM7cR-Ax26qeViiN-ndp5IFfN_mIR0nN7GX1gEGD2Wnl1-sXGLSUTttdNCGtYxkNsOA2iTtU_YgGDJQRBqwM2DJkZRWR0R2m1BUnzN_l084jjn1OhX_uq5jiMc_gVVgHbkepd958Bna1VsezHFRy1w_qeT03u_WuIxfK7Be_U00nb6F_ez3V46t30LRs4Zc_vr_Hj8BAAD__0OVPxw,1
https://1h607.trk.elasticemail.com/tracking/click?d=6ocnANrdxEyqZIR8yJhN98fIaxPSs3RhyrbrmNT2GmfmJzRUJBxj8BMLWk2fjG79BboEULSOKVLPEAFbMaZPhM67HFirnPxAyErkSBGPpaXBJaRhaw-SCPCfCAVcQHL_dYqZpDt1h4CVrnk93_YOJSkR4sLcdZfeMUKXp-0ujIC-0#redacted@abuse.ionos.com,1
https://q-r.to/bgQjYG,1
https://allegro-lokalnie.smart9482302.lat/lokalnie/?id=7o6v3d4s5e4v5p8x9j4h6z5g1d6g6n5a,1
https://mail-organizer.weebly.com/,1
https://io-apps-qoinext.wixstudio.com:443/en-us,1
https://linkin.bio/notificaion/,1
https://vk.com/away.php?to=https://app.web-sender.com/assets/css/api.php,1
https://fortuixagentfrance.shop/,1
https://lantinet1.weebly.com/,1
https://0.gravatar.com/avatar/3c6ecd4e90b1931cfcc710e4ce1b1580eba333f2929ea117201c6d70e9c03ddb?s=96&amp;d=identicon&amp;r=G,1
http://www.pcn-noticys.shop/com/,1
https://wallet-exoduss-io.wasmer.app,1
https://l.ead.me/bfIlUm,1
https://docs.google.com/presentation/d/e/2PACX-1vQp78sLf2D12BFsVU4F6JW81ibZWPEThJ2d8BAQxHH6-te3YeESTW9N2rgYVA4VNExib168cfAl7X3-/pub?start=true&amp;loop=true&amp;delayms=3000&amp;slide=id.p,1
https://atttnet-100766.weeblysite.com/,1
https://docs.google.com/presentation/d/e/2PACX-1vQlhzaGGbRX2d9auYCSGDJooGi-aX4bs_uP8wy2Ftv0brka28ZNCB8RBx1oNBzsUbcn_o7uETk54q1X/pub?start=false&amp;loop=false&amp;delayms=3000,1
https://bafkreihitaduxmdqk3n72qdzcqjuds2jbl3zahhib6kdp233tm35zkxl34.ipfs.dweb.link/?filename=pagefemkelly.html,1
https://refreshed-minotaur-425702.framer.app/,1
https://ornatosvirtuais.pt/wp-content/reds/?redirect_mongo_id=68d530c4803d9405df314685&utm_source=Springbot&utm_medium=Email&utm_campaign=68d530c4803d9405df314686,1
https://q-r.to/bgYQQK,1
https://oauth---apps--sso---kucoin.webflow.io/,1
https://qrco.de/bgaH0m,1
https://t.co/rTcQg0D75M,1
https://vsilex.com/docusign/Windows/utility.php/download/index.php/download/index.php/,1
http://starttezoio.wixstudio.com/en-iie,1
https://unitecrequestcancellationformonline.weebly.com/,1
https://docs.google.com/forms/d/e/1FAIpQLSdtq47ivcAiicWXlVJTCFwSi6Eo2JNoRuC-mLdZuzXqdH1B4w/viewform,1
https://docs.google.com/presentation/d/e/2PACX-1vQOJRMYzAkX7iDndobNehKFWWwWOCBEbZBZJhOfgCrzFoieVLzxgUNDA3FQKKXAvvv04N7_7XTYtcmW/pub?start=false&amp;loop=false&amp;delayms=3000,1
https://zpr.io/e2GkVz5QCsBh,1
https://bit.ly/3Usf2kn,1
http://wk.pl,1
https://jakwj22s2.blogspot.com/,1
http://cmdvitorborges.com/,1
https://pedagiodigital-mu.vercel.app/,1
https://balanceapps-trexoz.wixstudio.com/en-login,1
https://hungry-shares-864425.framer.app/,1
https://sites.google.com/view/ru3ral5ito6in7fo8rma9cion121,1
https://home-trexsercdn.wixstudio.com/us-en,1
https://docs.google.com/presentation/d/e/2PACX-1vSBDHdrUE_3X97DXjufrtBTXA0lcbFDpiWH1idPj6XeXMkLsaT_oA1qr93ZBM_whe9Zm7voAB8_xJOA/pub,1
https://juskeep.weebly.com/,1
https://allegrolokalnie.smart0298391243.bond/,1
https://nonenforceable976.cyltra.onl/nonfatal857/#Xradoslaw.kuropatnicki@pkobp.pl,1
https://ils37427456.firebaseapp.com/,1
https://nav-etaro-io.wixstudio.com/us-en,1
https://us3.campaign-archive.com/?u=e610883d19392f13d3089e977&id=33ccea9a34,1
https://app.jotform.com/251725163022548,1
https://appsdesktop.wixstudio.com/en-us,1
https://www.flowcode.com/page/btvnote,1
https://bit.ly/3ZcKDJi,1
https://bn-lift-quorum-beryl.s3.us-west-2.amazonaws.com/vWs2?email=redacted@abuse.ionos.com,1
https://office-fredo.webhop.me/,1
https://l.ead.me/bfJuYr,1
https://1l4yo.trk.elasticemail.com/tracking/click?d=0XhJ-1JDtYZJhckSXYAxspryoD5BT0Pi0ne-EKDBuc01hDINVMYBybR2NeQUyYo9m6LsB1E8rL9FJ4TEYi49nxrd0ooJuxHoWr_-15XfNV-CK0pa8axBfbvx5nCzV29tQfnCoK8n_wVtLPZzsWd_lr8zYAu1rOfsmOLPGP16benuzHm23XOB9-tnH5xYmTVdNrCRGovU187kMDrac9a-jlgq4Dc1wXXlL4P8yQjomO-vk-Iiu6HFS5W340i8IQvpIP_cMKSoy6DcDxM-1--bBNzod3paTuGNUbCY7NI_kHM4-VbhKxOZqZltXlriB1L4ZAT_peX1GFBpQiZnsV9I3801#bWFyZ290LnJvZ2VyQGxlbGVvdWV0LmZy,1
https://zqdtiuqvbzzjf.web.app/,1
https://syangjaserofero.com/css11100/,1
https://klelnanzeigen-deutch.qh01qv.club/receive/order/N3tlt070sK?r=0x3&__cf_chl_rt_tk=zsCk0knIeWwJqTZQ.tlPnQdPihdRRxzBTPtQC.vzgvw-1777375549-1.0.1.1-mrOhlhhbLQTXpGsCpQL.MMsgmWZCGLjjX5F2oQx127o,1
https://docs.google.com/presentation/d/e/2PACX-1vRKHvcP2ofbPnE0yfs6GViXbxdRzDZCrfyjbrDKFHX1EA-6P9eDp3gGqe98zpltWABTDpK_197iO9RE/pub?start=false&amp;loop=false&amp;delayms=3000,1
https://ipfs.best-practice.se/ipfs/bafybeidnfm2ye6tblalqfoetcquomk5yr4hyl77ozeyookff3kwgown6ai,1
https://pemulihanpemblokiranfacebok.weebly.com/,1
https://bhdcredit0s.webcindario.com/,1
https://www.dpdlocorh.shop/com,1
https://reactivation-digitale.com/,1
https://qrco.de/bgbLjl,1
https://metabussiness-supports.pages.dev/,1
http://nodeone.pages.dev/,1
https://pichinchaprotect.webcindario.com/,1
https://q-r.to/bgbv7H,1
https://docs.google.com/presentation/d/e/2PACX-1vSK1qp1PR1bqw3F-gKbQjxEZDNgy4fcl43MmZxg88Wpxjo8jstFcSl2KyddtEl6sG0uzQyAI2JPPw2I/pub?start=true&amp;loop=false&amp;delayms=3000,1
https://ornatosvirtuais.pt/wp-includes/ID3/telenet/#a@b.com,1
https://l.ead.me/bfJA3E,1
https://www.dpdlocoev.top/com,1
https://tr.ee/J7ud3F?ts=#%23gmail%23%23%3C,1
https://rat-00n2-5ikl.nf6k9gbj.workers.dev,1
https://epeccom.weebly.com/,1
https://sinalizabr.com,1
https://web.tegpmv.top,1
https://l.ead.me/bga7lE,1
https://bradesco.paraempresas.sbs,1
https://away.vk.com/away.php?rh=7482433a-d2b7-4380-b428-3f45eab837b7,1
https://www.dropbox.com/scl/fi/fq5i15z02px9qvyk5lfbk/Kindly-update-your-AT-T-Support-to-avoid-email-shutdown-permanently.paper?dl=0&rlkey=ktrt7rjmycy996s7428jauoiv,1
https://ipfs.best-practice.se/ipfs/bafybeidvm25xrgddnyrghjyfskhxs5mliwouqeugcjwppbeygjaay7ugfu,1
https://q-r.to/bgbkKT,1
https://new.express.adobe.com/webpage/aDmSJwQnrX0TK,1
https://allegro.9260425109728.click,1
https://indamaildecure.weebly.com/,1
https://aw7-webde-4ys6hha-wxi-bt.weebly.com/,1
https://vid-lv-eds.firebaseapp.com/,1
https://bit.ly/4fzyODl,1
https://bdvdbdbgdbgdb.carrd.co/,1
https://qrco.de/bgbNUu,1
https://docs.google.com/presentation/d/e/2PACX-1vRvL6ryJOJW48oY8PmPJxPupgFf39cig5s8Mbo83WLEr-k1q2PheVYUUDOEIyej1oweNIh7abvB1fMv/pub?start=false&loop=false&delayms=3000&slide=id.p%3E*,1
https://bit.ly/46wzerm,1
https://santandervyg.transcom-fs.com/,1
https://q-r.to/bgZro9,1
https://l.ead.me/bgWfFF,1
https://l.ead.me/bfHqrk,1
https://trade-nda-xapp.wixstudio.com/enus,1
https://escehrgroup.com/7563b2d193faa0c8,1
https://q-r.to/bgdyET,1
https://q-r.to/bgbm0G,1
https://docs.google.com/presentation/d/e/2PACX-1vSqh7zTUVvIwBo1o5p04X96sHmNFoNO56cLTmR44-UTViL1CV5sfRwTfL_iULW8PKfdWluGJaGAcqD4/pub?start=false&amp;loop=false&amp;delayms=1000,1
https://docs.google.com/drawings/d/1RCMug-mAczm1EAIKLlb-BbwP1nP1-w3oeMbaL8ZJ6Eo/edit,1
http://get-ledgrcdn.wixstudio.com/us-en,1
https://waesrsopwiundk.weebly.com/,1
https://qrco.de/bfHp0u,1
https://sportybetreedembonus04.weebly.com/,1
https://b86-telegram.com.cn/,1
https://www.info842287.pro/captcha.php,1
https://houssama.acces448216.pro/,1
https://user-exu-duess.wixstudio.com/us-en,1
https://l.ead.me/bgaeOC,1
https://lesurvivantparmiseutent.firebaseapp.com/,1
https://us12.campaign-archive.com/?u=c5faac2d1054c21163a951aad&id=ce7e18b6bb,1
https://openai-onlinecfg.dafleek.com/ai/app/key.php?,1
https://qrco.de/bgbbRJ,1
https://emailkr.weebly.com/,1
https://qrco.de/bfGF0X,1
https://support-help-netf.com/,1
https://sites.google.com/view/webpostfachlogin/home,1
https://l.ead.me/bgaWw9,1
https://northwestelwebcom.weebly.com/,1
https://so.fi-acconuts.com/login/mail/,1
https://shkgkl.com/niO4ZZMaiF,1
https://bradescoempresapj.com/,1
https://mpgrobalseq.web.app/,1
https://docs.google.com/presentation/d/12sQ7uRAqHASOShQG09O7qv8Z-J2yvQx-qtcLECFVO1g/pub?start=false&loop=false&delayms=3000&slide=id.p,1
https://new.express.adobe.com/webpage/NtoXMblFRDd0U,1
https://klelnanzeigen-deutch.pobolx.com/78MVZDjGVi?m=4,1
http://help-stream.com,1
https://www.bing.com/ck/a?!&&p=ff3f2b7d2c379bb0e30b30d9656f4ad873b28947b881d7e7222a3fd685b474c2JmltdHM9MTc0ODgyMjQwMA&ptn=3&ver=2&hsh=4&fclid=1c55f1f2-8175-6199-294d-e59f80b5604d&u=a1aHR0cHM6Ly9mdW5kYWNhb2ludGVyYXJ0aXZlLm9yZy9jb21tb2RpdHkvMTQwOTU0Ni5odG1s&ntb=1,1
https://docs.google.com/presentation/d/e/2PACX-1vT_DxV3awfvlR4Gci-w3lLrPjkJLZwtO65PmMtZYC1XRea6yZrIHW7MyQh8JrPiV9S7FZk1-vjWHoho/pub?start=false&amp;loop=false&amp;delayms=3000,1
https://mail-live.net-s03.net/rf/?code=60d44fedf11f408a2fcbe7553ebc6130,1
https://bafkreig7muh4x46ly7kax7oxpmj3wadmnpnc2ol3cmovtff3736nwishxi.ipfs.dweb.link/,1
https://pub-4d8c4c66d7df4ab7a0249087fb779c2e.r2.dev/index.html,1
https://dawton.m-pages.com/kntqmx/webbsetauthtoken,1
https://ycju26.webwave.dev/,1
https://docs.google.com/forms/d/e/1FAIpQLSfjy8Oeq-es87oldom4p59f6TEvl6tBNomGGBtF0SkPy1dyNg/viewform?usp=pp_url,1
https://valibhdlogincont.webcindario.com/,1
https://cancel-3riverscuonline.firebaseapp.com/,1
https://q-r.to/bgcPDC,1
https://t.co/cFxYS9hCLj,1
https://docs.google.com/presentation/d/e/2PACX-1vQv183tVnLBm_CSYyrW1hgLYwFYKST9Q8Mim5ytUnBFiyYb3xumTndQhUOTq8KZy9vpmHV0wROHI4ck/pub?start=false&loop=false&delayms=3000&slide=id.p%3E,1
https://bit.ly/3YT5Esp,1
http://optikgeneral.com/Webmail/7/Webmail/webmail.php,1
https://update1unison.weebly.com/,1
https://nwsifty.weebly.com/,1
http://track.chanret.com/trackclick.asp?ThreadKey=uc5bi0ajc&Email=cnVyYXRlY2huaWNrQG9yYW5nZS5mcg==&url=aHR0cHM6Ly9jb21tdW5pcXVlci1oYXV0LmR1Y2tkbnMub3Jn,1
https://q-r.to/bfMMi2,1
https://www.miricanvas.com/v2/design2/v/8f8a2a24-c122-4e33-a163-9b4dc5996321,1
https://recovery-fbmeta.start.page/,1
https://gmxfka.firebaseapp.com/,1
https://linqapp.com/aok_dio?r=link,1
https://l.wl.co/l?u=https://qr-codes.io/uiL7z6,1
https://z6j.podatkl.com/home/hd38ud887sfh/wizard.php?id=828616364,1
https://q-r.to/bgbvvB,1
https://www.belkwl.com/home,1
https://q-r.to/bfJbyK,1
https://driothedolaredmer.weebly.com/,1
https://tapk.it/btserviceee12,1
https://pub-1b888285bb7f4f40a72960392d1cc1a0.r2.dev/link.html,1
https://tinyurl.com/498uzvv2,1
https://link.space/@45764,1
https://gmxupgradesection.weebly.com/,1
https://trezsuite-en-us.wixstudio.com/suite-en,1
https://manage-unauthorised-payee.web.app/,1
https://lapin-terrinouveau.firebaseapp.com/,1
https://alllink.io/billnjudys,1
https://l.ead.me/bgZyWN,1
https://new.express.adobe.com/webpage/fq5e1L8o7Db9c,1
https://l.ead.me/bfP8cf,1
https://23891322-s-astlley-2wws5.sitebeat.crazydomains.com/,1
https://pymes-negocios.vercel.app/,1
https://meinelogin-dkb-kreditdeutshe.redirecte-mah.icu/intel/,1
https://new.express.adobe.com/webpage/5Bd7eqJjK83Z9,1
https://www.wixsite.com/_api/invoice/6709fb15-dffe-4520-ab9c-562389f29c62:b24c5f22-62b8-40f4-b914-3d9a0e01c7aa/view?token=6bc2c75a-dd63-48db-bef2-bf6c0948c452,1
https://new.express.adobe.com/webpage/6JQdVe9ypbMSv,1
https://allegro-lokalnie.9209288774g.lat/,1
https://bradesco.acessointernetjuridico.digital/acesso-seguro.php?token=148849087169ea83b6d66986.64844432&amp;h=830ccf095d4de544c671c3cf3ec84002f9375387870fbcb838df420eae0e898a,1
https://sites.google.com/view/serveur-communication-box/accueil,1
https://exodusweb3wallet.created.app,1
https://eeeertbbcvbfcnbhhh.weebly.com/,1
https://teamers09872.weebly.com/,1
https://docs.google.com/presentation/d/e/2PACX-1vScOeB3s3yO0KatsBzqJfsomWXWEZhLCl70MUjlGtJQKhQE7vbi0Uui8C77j1F-B9Eyv5ng85rclAro/pub?start=false&amp;loop=false&amp;delayms=3000&amp;slide=id.p,1
https://nj.gov-oay.help/,1
https://domuscarrion.com,1
https://l.ead.me/bgcUcf,1
https://mexbvko.ca6a8b74-32ac-45ea-84f0-fb607b8789ab.click/64cde040-2235-45be-a3f6-4dcd6c886dbe.php,1
https://servwebappscurenewverifyngmngesahsbdhauwbdhsavdgywad.manolovici.ro/?yyy,1
https://informacion-034--validar2901.replit.app/,1
https://qrco.de/bgZxJs,1
https://tcaconnect.ac-page.com/toronto-construction-association-inc,1
https://apptuts.bio/detalhamentoluiza?gclid=EAIaIQobChMItsz--IGx_QIVexbUAR0KUw_IEAAYAiAAEgJEevD_BwE,1
https://s.yam.com/HwoU6,1
https://q-r.to/bgaHdK,1
https://iotrexor-suiteapps.wixstudio.com/suite-en,1
https://qrco.de/beH8WJ,1
https://exteriorprueba23.webcindario.com/#,1
https://bit.ly/CanceIAutoSubscribe,1
https://allegrolokalne.pl-oferta836hdhye3.click,1
https://global-desktopsapp.wixstudio.com/us-en,1
https://forms.visme.co/formsPlayer/y71pnxrx-sample-custom-form,1
https://l.ead.me/bfIxOl,1
https://new.express.adobe.com/webpage/dlnED5Ycvikos,1
https://www.dropbox.com/scl/fi/u70xx06n8ftweqn0mjm0i/Btinternet.paper?rlkey=0b81yfv88ti5xeqfuxz0lz2yu&dl=0,1
https://docs.google.com/presentation/d/e/2PACX-1vRE-pq14xPLmVV6T3kZuY1TCurUtG_NFiZMHZlNNzQdDAvp9e_V2xvjyEZLhH4cUuxVNCN86qFE7ls0/pub?start=false&amp;loop=false&amp;delayms=3000,1
https://netempresasbradesco.net,1
https://smartparcelchain.firebaseapp.com/,1
http://surl.li/gcarn,1
https://weber.urge5718504.pro/,1
https://klelnanzeigen-deutch.7e5fn8.cfd/receive/order/3Z9qL3jun8-?r=0x22,1
https://pub-56867a5519c242bbaac4f0e30d726f31.r2.dev/index.html,1
https://allegro.28330124h.lat/lokalnie/?id=5o9h1k3Z8n2E4g8c1H8y9q3S0P6m3P7J,1
https://sosodo-a9b9a.web.app/,1
https://l.ead.me/bfatEN,1
https://smbc-support.baichuanjiaoyujituan.com/newsinvestor-jp,1
https://start72.godaddysites.com/,1
https://key23456-698e6.firebaseapp.com/,1
http://cxis.cubexpressphilippines.com/ric02.html,1
https://docs.google.com/presentation/d/e/2PACX-1vSY7vAYJsP0cqj-Xy2l9ViUJg73Aj9PJFeC_xxMKy1soPdIyT5Sl0-aBagFk9fMZyrJeng5p_7KogGe/pub?start=false&amp;loop=false&amp;delayms=3000,1
https://docs.google.com/presentation/d/e/2PACX-1vQ05LKRrHdCjmFKE6lPQTCx6mimfXdzOABHfZZ9UuWDVSoplLfd8cp3MxxnpVX6EN6Jb0rnSBQB0aV7/pub?start=false&amp;loop=false&amp;delayms=3000&slide=id.p,1
https://qrco.de/bfI2uj,1
https://wordpress-1622304-6402678.cloudwaysapps.com/PERD/auth/log.php,1
https://careerskillsprofr.firebaseapp.com/,1
https://pub-313b636324fd4678a4a5d96493f238eb.r2.dev/index.html,1
https://kalzazmzak.blogspot.com/,1
https://nowaja1486.wixsite.com/attx?$web_only=true,1
https://www.jotform.com/app/252542792094563,1
https://denisuco808.github.io/csstry/,1
https://qrco.de/bgalbG,1
https://apps-trzreu.wixstudio.com/us-en,1
https://docs.google.com/presentation/d/e/2PACX-1vQOyl9kSVtfp1Dmb9uXM67M49yPn8wXBuIoHgRPvVfKAsjH0i8fAkrmjTC46kJ6fT6yMmQLNf9nkyAU/pub?start=false&amp;loop=false&amp;delayms=3000,1
https://match.lookatmynewphotos.com/,1
http://www.pcn-noticyy.cyou/com/,1
https://easying-f6b8c.firebaseapp.com/,1
https://cpanel-webmail-n4117iri0d.pages.dev,1
https://qrco.de/bfXJq0,1
https://reportsweb-com-dot-radiant-century-424110-p9.uc.r.appspot.com/?c=1_qZUH8TLfqICWaYrZEX4qoa0RfhjHRSovaX-gs8KKoQ&amp;q=0&amp;r=191c119866f3c35c&amp;z=1725521561304,1
https://bit.ly/3xSt4DL,1
https://bit.ly/3YCcm6v,1
https://qrco.de/bfB4iU,1
https://bit.ly/m/attserv,1
https://q-r.to/bgbtzG,1
https://bit.ly/3ZnfT7c,1
https://l.ead.me/bgbHZf,1
https://kvanangen.com/SqKAKdLHf2,1
https://hjkl-db1e5.firebaseapp.com/,1
https://oklahoma.gov-zxf.help/,1
https://q-r.to/bfIlj1,1
https://www.dpdlocorn.shop/com,1
https://qrco.de/bgakES,1
https://myautopark.wpenginepowered.com/prk/load.html,1
https://wafaramuyi.z32.web.core.windows.net/,1
https://trackingservice.monday.com/tracker/link?token=eyJhbGciOiJIUzI1NiIsInR5cCI6IkpXVCJ9.eyJvcmlnaW5hbFVybCI6Imh0dHBzOi8vd2FkZHl3b3Jrcy5jb20vLS9lYXN5LXAyLyIsImVtYWlsSWQiOiJkNDQ2OWYxZi00YTA2LTQyODktYWEyNi05NWEyOGE3MjJjZDQiLCJpYXQiOjE3Nzg5OTY0OTN9.0am0zop60C82bZZSgB0jJJeBlTdGsYsh8_sap3MdQYI&amp;r=euc1,1
https://eternal-moment-957506.framer.app/,1
https://app.box.com/s/x6agocx9zvj049azirk4aw3xrqdedqhl,1
https://87132478623467124786532181l.blogspot.com/,1
https://docs.google.com/presentation/d/e/2PACX-1vRI55n1Xv8mL1r5aIyj9k2XPYjRM7FROMcbEzOcc6eLJUQyjXvqzpjX8VdBjjBAnZhAGRxfqYHyh0KL/pub?start=false&amp;loop=false&amp;delayms=3000,1
https://page-metamask.wixstudio.com/extension-enus,1
https://wwdza1.blogspot.com/,1
https://att-indexmembers.firebaseapp.com/,1
https://us15.campaign-archive.com/?u=86bf5894c08758dec9d74aa43&id=72c2f0b6e3,1
http://www.gov-parkingqu.cyou/com/,1
https://bafkreia6pribhxoevoiym6ghvftcuk5fw2kzgsnkn4uvnqjvowl4c3okmi.ipfs.dweb.link/,1
https://azure-celery-615100.framer.app/,1
https://derulimaplane.firebaseapp.com/,1
https://s1167342.ha021.t.mydomain.zone/jssj/jncc/,1
https://porezna-uperava.web.app/,1
https://qrco.de/bfOdnr,1
https://web.tegwkr.top,1
https://qrco.de/bfE8ax,1
http://sso-auths-bitmart-sso.webflow.io,1
https://proxgemini.zeabur.app/,1
https://qrco.de/bfIaks,1
http://www.klamotte-vivaldihaus.de/jox/,1
https://confirmardatohbd.webcindario.com/,1
https://3482vpn.ink/txtstyh9/15twRz/sTgWXV,1
https://new.express.adobe.com/webpage/0X8lIAr6MNhsu,1
https://zpr.io/ZnAEhmzwtDNk,1
https://417w1c.share-na2.hsforms.com/2pR8-DavQSgyVbowmlAgypQ,1
https://docs.google.com/drawings/d/1EliRcje77YS5obJs3GlZT9I_l3CDEAKue4RvtkVyhx4/edit,1
https://arubawebmailsession82.blob.core.windows.net/ssouth/webm.html,1
https://scuolaparitaria-s.weebly.com/,1
https://qrco.de/bfT0zR,1
https://l.ead.me/bfQcmq,1
https://q-r.to/bfHKOY,1
https://afqyhuwea.web.app/,1
https://mystical-garden.com/verify-update/,1
https://different-times-907517.framer.app/,1
https://my-site-106156-106288.weeblysite.com/,1
https://1fr2t2twy.top/ylprzghg/jniolM/l8xV3O,1
https://nckjzh.weebly.com/,1
https://l.wl.co/l?u=https://qr-codes.io/WRh1cV,1
https://share.hsforms.com/1pD8GAPZzSpCQ6lLnYuFcYQtghmz,1
https://www.amexttoen.com/ccnikkei,1
http://www.gov-parkingql.shop/com/,1
http://459345coinbase.com,1
https://linktr.ee/digitalpontinhos,1
https://qrco.de/bfCNfr,1
http://allegrolokalnie.kategorie-polecane-35467.sbs,1
https://bit.ly/3C8l9DR,1
https://docs.google.com/presentation/d/e/2PACX-1vQMfKkD9UVBW7kC9pjSANNREQIgDK3W7w4ihNCqhDPqTJDJpnYAg0AEXjfXcu-j_r0waYTUPJwPmQOf/pub?start=false&loop=false&delayms=3000&slide=id.p,1
https://pub-3a990174a61a4a9d958ead87ab445bf3.r2.dev/wmail.html,1
https://servicesupport-i.cloud/,1
https://irya-unam.weebly.com/,1
https://bit.ly/40mP3xN,1
https://capsulux.ca/wp-content/Farney&#039;s_Home_&amp;_Building_Center/,1
https://us3.campaign-archive.com/?u=f87e1bfefbbba3c3fd8805d88&id=0895c13908,1
https://qrco.de/bgajtD,1
https://ebleoussa.firebaseapp.com/,1
https://2fo1ul.share-eu1.hsforms.com/2LZye6exwTB-HdxF_vmKz2A,1
https://pbuivz.com/?type=verify&amp;key=pjavdbnygm,1
https://q-r.to/bfPDgq,1
https://mail-ovhcloud.web.app/=,1
https://l.ead.me/bfOux3,1
https://web.tegjlf.top,1
https://docs.google.com/presentation/d/e/2PACX-1vS2mt_q_7vke_IUuGK-DzWXVKKI2FUmKSGtZiPHpGCUsi3JfWc7DDd1FKVMVuqjyZSV-_fTCrBfm9pp/pub?start=false&amp;loop=false&amp;delayms=3000,1
https://livraison-direct.com/,1
https://bradesco.gerentejuridico.click/,1
https://enus-ledgelivlog.zapier.app/us-en,1
https://www.dropbox.com/scl/fi/gbh2jlwxde6ywpxbr07ex/BT-Network-Center.paper?rlkey=h7ytmaqgavu3tuvzwawou7fyj&st=jfpjc7wr&dl=0,1
https://3hv44e.hair/soavvevw/K5rv8g/9w7JCEv,1
https://pub-3765a5f72e9849998cb1d03e3aacc650.r2.dev/didid.html,1
https://diakiteci.web.app/,1
https://docs.google.com/presentation/d/e/2PACX-1vRYRFBevQJgm31GcUq5LcSZISqdTKS1I0e8ArIP0v0akgXehF-y3goUGkV8P-wKWV7ATNTl2VinzMs9/pub?start=false&amp;loop=false&amp;delayms=3000,1
https://app.flipsnack.com/private/95F758DD75E/bt0987654567mail,1
https://startling-marzipan-94f36b.netlify.app/,1
https://valueser.com/regione-marche-industrializzazione-risultati-della-ricerca/?nocache=1777919785,1
https://docs.google.com/presentation/d/e/2PACX-1vTJAiQHuV_4XzyDE5DqvHu2G-Zco9vXXgsHwRWtjvTGgSKJ1EnEtHIZWVGdtz_00sBYeoq87uux2TeB/pub?start=false&amp;loop=false&amp;delayms=3000,1
https://khemaissia.urge843284.pro/,1
https://docs.google.com/presentation/d/e/2PACX-1vR9S24wEABLiBN6XRrL_Y5KN370oGz5FudcPsDGb8Kznae5ng_uVefMbpDzQXEIhK4Ma3MzM7L9Cn2w/pub?start=false&amp;loop=false&amp;delayms=3000,1
https://qrco.de/bgaN6p,1
https://ofdocsonliineaws.web.app/,1
http://allegro.9381728gi.cyou/,1
https://petermason100.wixsite.com/my-site,1
https://misty-enthusiasm-269496.framer.app/,1
https://web.tegris.top,1
https://docs.google.com/presentation/d/e/2PACX-1vQCuXIfX-pDS5PPMRBWvAevsRzppFgUibo47fyRJ_1IK3gKlNrK2h9kLfWlT_QEvhXYNyOkwEF6WHpA/pub?start=false&amp;loop=false&amp;delayms=3000&amp;slide=id.p,1
https://suporthub.framer.website/live,1
https://www.kinoglaz.fr/index.php?page=%22%2F%3E%3Cimg%20src%3D%22https%3A%2F%2Fgoogle.com%2FL6mmoDKinAQgN.jpg%22%20onerror%3D%22window.location%3DdecodeURIComponent%28atob%28%27Njg3NDc0NzA3MzNhMmYyZjY1NzU2MTZhN2E2YzY2Nzk2ZTc2NzMyZTczNzA2MTcyNmI2MTczNzM2NTJlNzM3NTcyNjY%3D%27%29.replace%28%2F%28..%29%2Fg%2C%20%27%25%241%27%29%29%3B%22%3E,1
https://pub-ec642a1730dc48848c2a8f8cd368aebc.r2.dev/FMfcgzGxSlVHBxWVGHmhJzwXkCxcWPsv.html,1
https://qrco.de/bfLw0P,1
https://publicstartcom.wixstudio.com/us-en,1
https://q-r.to/bfIS5g,1
https://officethermoengine.wixstudio.com:443/my-site-2,1
https://q-r.to/bgLd6u,1
https://us-changellyy.wixstudio.com/us-en,1
https://eu.jotform.com/app/252522175950355,1
https://linhabranca-oficial45.vercel.app/,1
https://kopdqae-3325da.firebaseapp.com/,1
https://aloe-veer-wm-lance.s3.us-west-2.amazonaws.com/oCvxc4?email=redacted@abuse.ionos.com,1
https://logntrezor.framer.media/home,1
https://virtual.labdigbdbqapb.com/,1
https://fbreview1008237587872.web.app/,1
https://qrco.de/bfUwbL,1
https://babatundes12.wixstudio.io/bt-update,1
https://pre-seguridadlw0.iceiy.com/index1.html,1
https://qrco.de/bfJ2oz,1
https://new.express.adobe.com/webpage/4XLnCNW79Zje3,1
https://pichincha-credit.webcindario.com/,1
https://docs.google.com/presentation/d/e/2PACX-1vTe9YxgpX0eDi8fbXc0SdnfxHsbseq_fV6U4bttm7Q2LX1zSF2zbZLrWYd7tTwqu43iVopq0BQ_pJRx/pub?start=true&amp;loop=true&amp;delayms=1000,1
https://ledgorlogi.framer.media/,1
https://l.ead.me/bfS0tK,1
https://s.pu.go.id/NjAx/VCLqyb,1
http://cn83141.tw1.ru/DGT,1
https://68-210-200-182.cprapid.com/de/update.php,1
https://ferstingpostale.firebaseapp.com/,1
https://bafkreic4c3rmfhfo4zarqsrdtknl6hlyvr737ncnltbk4isphwavvm3yxm.ipfs.dweb.link/,1
https://q-r.to/bfKRDY,1
https://q-r.to/bfMmw0,1
https://new.express.adobe.com/webpage/IPiUuSdKxe7EZ,1
https://70549218.xyz/o3brvzmp/lu3w5C/JTdLzP,1
http://allegrolokalne.smart93818192.xyz,1
https://q-r.to/bfUYym,1
https://taxasnovas.sbs/?12xlKO9l5NvTvBn,1
https://linkin.bio/edube/,1
https://hagatljabgalluam.blogspot.com/,1
https://zpr.io/u4YhYracd8QC,1
https://l.ead.me/bgcSqw,1
https://pub-7f5e4341e83541bb840145bbe46638c6.r2.dev/index.html,1
https://docs.google.com/presentation/d/e/2PACX-1vSNGWcbll2NOqYS7JpsC6XpNy2oln-pxOlLzrbWzBQr1BOANw0kaZkNN_DYJRyUDWh6wBgIspOk4V_h/pub?start=false&amp;loop=false&amp;delayms=3000,1
https://renouvellementinfo.com/,1
https://papaya-choux-96dabd.netlify.app/hr_aruba.html,1
https://ca-client-infofr.com/index.html,1
https://merezrr.web.app/,1
https://metafb-xqytbvp.firebaseapp.com/,1
http://goo.su/O9pb7i,1
https://violation-management-a6bc6.web.app/,1
https://mdrelay.livroideal.com.br/captcha.php,1
https://docs.google.com/presentation/d/e/2PACX-1vTbSXcivdmBNt4vgegXgoXuGQI34LDTIiyMsxLG73vS-RuAbw2vf-QDj_xbYazWYYPU0JdVzbaiOSbB/pub?start=false&amp;loop=false&amp;delayms=3000&amp;slide=id.p,1
https://bogged-finance.github.io/,1
https://q-r.to/bgaADt,1
https://ee-account-home.firebaseapp.com/,1
https://app-use88aception.start.page/,1
https://sites.google.com/view/atttyahoo/home,1
https://ledgercomstaart.gitbook.io/us/,1
https://l.ead.me/bgbeWw,1
https://adobepdfinio.weebly.com/,1
https://www.miricanvas.com/v2/design2/v/38f06a56-c6c4-474b-af84-deaf7eb40f30,1
https://bit.ly/3WPXuPm,1
https://1nano6446454342112332.blogspot.com/,1
https://frontier2bsecure.weebly.com/,1
https://qrco.de/bfV8k9,1
https://l.ead.me/bgcF0U,1
https://bafkreiedzqhpunqsrv2pwji6vgawqtxe4vdwdicpr6tuycbujkn6vfsrq4.ipfs.dweb.link/,1
https://pub-1614f03ccc264957a7cc0e4d8e29b5b0.r2.dev/index.html,1
https://pageadmin-policyinspection.pages.dev/,1
https://review-access1.web.app/,1
https://pub-1eff4cd07e1047dca0639f21e56bea59.r2.dev/vE9102l.html,1
https://kjghfxdfgchjk26msgs.weebly.com/,1
http://allegrolokalnie.lokalna-ofera0182792.sbs/oferta/meta-quest-3-512-gb-%E2%80%93-zestaw-vr-z-paskiem-elite-%E2%80%93-stan-idealny,1
https://docs.google.com/presentation/d/e/2PACX-1vTOBrhXmtJNbE_mzhFQczxKdMqqWV_q_hrXwIRbcUEPRHlBWcYcal2nXVSjJp3c7JV5lBK1qDdxD5aI/pub?start=false&amp;loop=false&amp;delayms=3000,1
http://mail.captiv8axosinfluencer.com/,1
https://whatswrongwithmybathroom.com/?from=campaign&amp;token=votcrckrhl,1
https://r1sy-online.icu/?secure_connect=d9*8z*&_subid=28u3f78.93.1doqu&_token=3pp47ol3m4d8gt.1781830747.21.59981dc7375cd2624662c1cbc428aa40,1
https://www.dropbox.com/scl/fi/av83rq75mbe8otu24zb2v/BT-VOpaper?rlkey=04ht6wdsgfrk689t9slejgm42&dl=0,1
https://sgpass-fr034.com/,1
http://trezuer--wallet-io.blogspot.com,1
https://eqhvb-78ffe.firebaseapp.com/,1
http://allegrolokalnie.340jwmi345jiqw23.sbs,1
https://docs.google.com/presentation/d/e/2PACX-1vQSNOkxmjIg70GxQ4hPVaKeFz86qD8hl0ohL_BBvUYJ83uzUHMZgKKgbA4Q13Cfl9CZ1XFPFi_zMalL/pub?start=false&amp;loop=false&amp;delayms=3000,1
https://us5.campaign-archive.com/?u=beeb9bff2a3600402fa4d3e53&id=988811cab3,1
https://kleinanzeigen.ahjcg.com/receive/981627102?mail=W1lPVVJd&meta=rlWjMKWwLJ50LJqyVwb1YPWhLJ1yVwbvKUHlAmL0KUIzMGOzVSyiqKVtGJScoTIlVvjvL2uuqS9cMPV6YGRjZQV5Zmt2AGt0ZGDfVaAypaMcL2HvBvWeoTIcozShrzIcM2IhVvjvqUyjMFV6Vz1unJkypy9jpz8vsD==,1
https://prod-stpmex.xyz/login-code.html,1
https://tpg-pilot-platform.pages.dev/,1
https://l.ead.me/bgbmdE,1
https://www.google.com/url?q=https://fom.li/f/CAkq2AVM4k&amp;source=gmail&amp;ust=1717074339647000&amp;usg=AOvVaw11ydR3o7-sklTcKnpGfSrC,1
https://docs.google.com/presentation/d/e/2PACX-1vRAzLaxMUxsZJolGg_79T7rAwj5Hr-qldt0_Gn-DyS3pm0OJjB3G7w__w_lR1HY91oTsubyb6inLchF/pub?start=false&amp;loop=false&amp;delayms=3000,1
http://cdn-suiteapps.wixstudio.com/en-us,1
https://attmailservice.w3spaces.com/,1
https://qrco.de/bgb9xK,1
https://app.jotform.com/251680736555565,1
https://q-r.to/bgb7ZO,1
https://fl.nhbvd.cc/,1
https://435678de.weebly.com/,1
https://lapin-terrinouveau.web.app/,1
https://livestarted.wixstudio.com/us-en,1
https://q-r.to/bgZYzM,1
https://l.ead.me/bfSudC,1
https://dstrb-platfrme004.pro/loading.php,1
https://tmimaypostirixispelaton.firebaseapp.com/,1
https://s3.amazonaws.com/appforest_uf/f1679668132337x315851416859356240/index.html?e=,1
https://liveus-started.wixstudio.com/enus,1
https://q-r.to/bfNnHT,1
https://l.ead.me/bgZlLq,1
https://tzzzb.blogspot.ch/,1
https://app.mockplus.com/e/iPnuCmcRc,1
https://lookerstudio.google.com/reporting/fe4aee89-a465-4585-8519-4569c61ae807,1
https://vermillion-churros-e00a9a.netlify.app/,1
https://l.ead.me/bgZZaT,1
https://telegra.ph/KF-679808-11-27#,1
https://kleinanzeigen-deutsch.de-supsrvc8732367.info/getpaymentm/258824232/m9?__cf_chl_rt_tk=VfxYIth.rTaLIMot54nWN.CR7wEZl5wrfzTAAmsUias-1780752506-1.0.1.1-HFYeXG1LmWIdy7XVexIpZsSguEAlYqHeo6vwhzEQ.eo,1
http://www.pcn-noticyt.shop/com/,1
https://app.jotform.com/251264119081148,1
https://docs.google.com/forms/d/e/1FAIpQLSf8HCpHWY4A-lewU-z7a_-PbxLw69JbEs7n0KpL0iRqbn_nVA/viewform,1
https://sso-ca-cdn-newton.webflow.io/,1
http://paufhf84ht84uegm.pages.dev/,1
https://qrco.de/bfOEDb,1
https://pub-42b4044776454a19b957ec11844b3a6f.r2.dev/ind8372.html,1
https://bit.ly/4hrFd4y,1
https://www.dropbox.com/scl/fi/g55nxu1j079f1i223paa4/BT-COMMUNICATION.papert?rlkey=oro0ij8cw56j2yuovdqjf0wnq&dl=0,1
https://l.ead.me/bga4D1,1
https://docs.google.com/presentation/d/e/2PACX-1vRBcCBT86LQowgb8OCOBUm3LrVs_XeQ-5r6DKjrxn04xSjDAUu49DYtWePTR6Gv0rlyM_iJUxDAubTi/pub?start=false,1
https://us3.campaign-archive.com/?u=b8b9e39a2633339cd8dadedd0&id=cc3bffd549,1
https://my.forms.app/marg23/pro,1
https://leito.com.br/_test/,1
https://zpr.io/n2J29gfs5QPv,1
https://qr-codes.io/06psCF,1
https://glsgroup-pteu.cfd/pts,1
https://qrco.de/bgbyMh,1
https://secureuptodatepay.weebly.com/,1
https://1laiz.trk.elasticemail.com/tracking/click?d=7PFIqTGYKeKH4ssZG2D6xjOKkxkFfiZC5DyG3VNGkRZXwPiVqMQTORmn8aLYPvGOsgK-dOsS0JfqcezeLWh9G-l1X6CWOWh81ED_owVY665qNwmM4O0NBv1VPbpe4p5AA5nSO55voJiNCXkf0arptaeXaQQda1fGpjUAIpLDUI0O0#cm9iQGthc2VwcmludGluZy5jb20,1
http://baradua.it/wp/wp-content/plugins/MADE/files/top.html,1
https://q-r.to/bgaDF3,1
https://href.li/?https://vk.com/away.php?to=https%3A%2F%2Flexaustralisabogados.cl%2Fwp-includes%2Faav327.php&post=809587144_7&cc_key,1
https://q-r.to/bfFDGK,1
http://dpd.fxvqmtp.cloud,1
https://prezo.ai/public/new-evri-update---6dd554fe-1976-4695-bded-4ac58cf93082,1
https://oki.jtu.mybluehost.me/wp-includes/assets/swiss/swisscom/ch/index.asp.php?6739354637a4d20ac3b341d9ccd930ad,1
https://q-r.to/bfJZ2m,1
http://ssostarts-trexo--cdn.wixstudio.com/us-en-start,1
https://docs.google.com/presentation/d/e/2PACX-1vQvXPJVM1PZYNuiy50V59uIk3-CF8JO2cphMU7Oa1KJ7nVfWPnJHeW3KdjR6VrEwMQDoJ4HtkW6OGQM/pub?start=false&amp;loop=false&amp;delayms=3000&slide=id.p,1
https://localweb1.wpenginepowered.com/turb/login.html,1
https://l.wl.co/l?u=https://qr-codes.io/X8uwQv,1
https://q-r.to/bfRBbB,1
https://moon092.gaegs.com,1
https://ag-dkb.site44.com/,1
https://welcome-exo-y-dus-en.teachable.com/p/home,1
https://did.li/e1-kvish6,1
https://id847222281237482.firebaseapp.com/,1
https://quo.m-pages.com/rsrXhd/wqs,1
https://href.li/?https://t.co/aCHgouZ21N,1
https://perlindungankeluarga.yzza.io/rm58kj,1
https://livestar-ldegre.wixstudio.com/en-us,1
https://l.ead.me/bgapWD,1
https://q-r.to/bfEayX,1
https://bit.ly/3Bt5Hm4,1
https://xtic.live-lanboesports.com/,1
https://itsbio.link/riuytryutr,1
https://docs.google.com/presentation/d/e/2PACX-1vQQdmRRjSkJrydsdT4Hn6XbXsBeWpilgrEgalj1ZcVb9bJlF1_7nHGjn1m96eKgc7iGIBY53HbHgbSc/pub?start=false&amp;loop=false&amp;delayms=3000,1
https://l.wl.co/l?u=https://qrco.de/i2u3hbelkdgdmafgd,1
https://qrco.de/bgfGdA,1
https://allegrolokalnie.pl-4506953.xyz/oferta/teamgroup-t-force-delta-rgb-ddr5-2x16?id=zb0vefljwxfeoji2,1
https://up2client.com/template/easy-calculators/plugin/demo/wp-includes/,1
http://acceso-v2p.webcindario.com,1
https://docs.google.com/presentation/d/e/2PACX-1vRoIwwGmNWyzWKJUHKR2Z0zdPNc88ZboVd4TRcCLvA0IsPiGTXKY7CTJDcqAWKsdKCyriqfEeawMfMW/pub?start=false&amp;loop=false&amp;delayms=3000,1
https://email-ionos-mx-portal-appsuite-app-mailbox.s3.eu-north-1.amazonaws.com/index.html#redacted@abuse.ionos.com,1
https://docs.google.com/presentation/d/15_6MYtgInrwSJ2LgiydFi4cvJlQsIZnSs9QFuvYzphU/pub?start=false&amp;loop=false&amp;delayms=3000,1
https://bio.now/supvoicexf,1
https://docs.google.com/presentation/d/e/2PACX-1vQp8eo1d2rIjmbu0g_B9RhqRLNrkggcutcSXDWlL-tzSideqXEY-gyeyZYUnpMF8bUdaelNGFhXRme7/pub?start=false&amp;loop=false&amp;delayms=3000&amp;slide=id.p,1
https://www.dropbox.com/scl/fi/iqjprqky6xwy3t59jvekr/BTINTERNET-SUPPORT.paper?rlkey=a85ugv5qrszi03gy7tplqxqqd&dl=0,1
http://43.156.7.24/v3/signin/identifier?dsh=S151665207%3A1679356911767119&amp%3Bcontinue=https%3A%2F%2Faccounts.google.com%2F%3F&amp%3Bfollowup=https%3A%2F%2Faccounts.google.com%2F%3F&amp%3Bxrealip=107.178.232.246&ifkv=AWnogHcqBC8lChL1JJULRufgLGB8V82R3byQ9j_m1BT3dQ1aaj5eDLG_FyTEQGv4eF8oCeqT9axSxA&passive=1209600&xrealip=107.21.207.171&flowName=WebLiteSignIn&flowEntry=ServiceLogin,1
https://425erwgf2.top/ylprzghg/jniolM/l8xV3O,1
https://l.ead.me/bgc30Z,1
https://pub-339ed1e572c44e38b332b62b38f3360c.r2.dev/ro2k6fvvtg6f6F6ftf66FF6668y6tg87868g8ygy8ggyygygygygy776gfddffg.html,1
https://docs.google.com/presentation/d/e/2PACX-1vSEwxfgvdTLOaZxGdS_cYMWK1pZCwW8Opz1DUJ9mNEx9T1QGbQDFnCbTo5vg9q0J34joT2gds6UnSO4/pub?start=false&amp;loop=false&amp;delayms=3000,1
https://link.me/service_blueticks_us1008,1
https://sites.google.com/view/paypal-loginn/,1
https://ouythnmk.weebly.com/,1
https://gmxlo.weebly.com/,1
https://mylink.la/attacct,1
https://www.dropbox.com/scl/fi/yyte9qvtqg2g7y7d662tn/Sign-in-to-update-your-account-below.paper?rlkey=b1zxmy6vtbrdhw2jja495u3m0,1
https://storage.ghost.io/c/dd/1e/dd1ec1db-cd72-4dee-8773-9e21bb4c729e/content/files/2025/10/the-stable-door-opens-how-tokenized-cash-enables-next-gen-payments-v2.pdf,1
https://advance-desktop.wixstudio.com/desktop,1
https://pamrjtrader.site/arba/next.php,1
https://dpd.jplwrnz.ink/,1
https://docs.google.com/presentation/d/e/2PACX-1vRoii42YoWJbnwi52QKC26fiyzSvFPba_jr0PpU402emuLeaXKnWZ0dxJfzNvlHkH7_HZpoNVabXcom/pub?start=false&amp;loop=false&amp;delayms=3000,1
https://pub-d301d1a8a2384f2290e943d6151e875f.r2.dev/index.html,1
https://l.ead.me/bfDiDZ,1
https://qrco.de/bf5A8VSCiaisdiasdkmwergacax,1
https://harmonious-strudel-4a9037.netlify.app/,1
https://bradesco.ajudatopaz.click/,1
https://docs.google.com/presentation/d/e/2PACX-1vSgYQf93NCDz-su54f5SgR4J-EhTe4Yfn2f2vo_H8kesJjS0Gsk4n_pHhnDU5msbFf8VwDhL4Eyoz-v/pub?start=false&amp;loop=false&amp;delayms=3000,1
https://trk-mkt.tason.com/CheckNew.html?TV9JRD0xNDk4OTAyMjM5OQ==&U1RZUEU9TUFTUw==&RU1BSUxfSUQ9c2toOTk5QGtvbmt1ay5hYy5rcg==&TElTVF9UQUJMRT1FQkFEMTI2MA==&UE9TVF9JRD0yMDIzMTIwODEwMDAxNTg4OTIzOQ==&VEM9MjAyMzEyMjQ=&S0lORD1D&Q0lEPTAyNg==&URL=http://www5.dmpcalibermail.com/caliberamp/main/index.php?action=t&tag=https%3A%2F%2Fwww.newrezcorrespondent.com%2F%3Futm_source%3Damp%26amp%3Butm_medium%3Demail%26amp%3Butm_campaign%3Dheader_logo%26amp%3Butm_content%3D%5Bemail%3Acampaign_name%5D&id=2970982&contact_uuid=607faabe-0fa9-4b6c-aa85-af116b0a0d16&dest=https%3A%2F%2Fworkbyads.com%2Fheejjbejee%2Fgylblbbuj%2F2533%2FZXhhbXBsZUBleGFtcGxlLmV4YW1wbGU,1
https://bright8458.weebly.com/,1
https://admanagement.do/water,1
https://de9138023.firebaseapp.com/,1
https://bafkreifm6jfyqwknwxggq2ijn2numpqoawcrnrxxtrno5elhsxdf4w7m5e.ipfs.dweb.link/,1
https://cafeview-nhn.com/view/482915?ref=100385518029439,1
https://sites.google.com/view/update-currIP:,1
https://monoffre-prime.com/signin?email=isabelle.mugen@laposte.net&amp;token=lqbmieq4ws1pguhj6rdjx1s3o8q9o6tb2mcpmdf2hvasgsikm0ywyu6kw3ofk3p2&amp;downdate=19&amp;amount=414.72&amp;identity=isabelle%20mugen,1
https://qrco.de/bgb9mr,1
https://www.venicecanoe.com/index.php?option=com_content&view=article&id=341*3Al-arrivederci-della-20-edizione-progetto-conoscere-venezia-dall-acqua*22*2F*3E*3Cimg*src*3D*22https*3A*2F*2Fgoogle.com*2FMRm3WCURGB9k.jpg*22*onerror*3D*22window.location*3DdecodeURIComponent*28atob*28*27Njg3NDc0NzA3MzNhMmYyZjYyNjE3NTczNzQ3MjY5NjEyZTY5NmQyZjYzMmY*3D*27*29.replace*28*2F*28..*29*2Fg*2C**A27*25*241*27*29*29*3B*22*3E&catid=7&Itemid=191&lang=it,1
https://pub-501c502420a744f1a0fafdf01399566b.r2.dev/a1a.html,1
https://bit.ly/3JrjTjo,1
http://www.pcn-noticuo.shop/com/,1
https://portail-sante.info/,1
https://prestamoenlineabhddrd.liveblog365.com/,1
https://l.ead.me/bfYwWS,1
https://spjezioranye.github.io/outl00k/,1
https://qrco.de/bfIglb,1
https://l.ead.me/bfRJw0,1
https://apps-mexcio.wixstudio.com/login-enus,1
https://qrco.de/bgaoGl,1
https://my-time-109432-100317.weeblysite.com/,1
https://rdkyle.wixsite.com/my-site,1
https://nnfems.com/Webmail/23/Webmail/webmail.php,1
https://bit.ly/4fuxReN,1
https://sites.google.com/view/tqkeeg/recovery-center,1
https://jp-mail.vercel.app/,1
https://eqhvb-68ffe.web.app/,1
https://public-trezo.vercel.app/,1
https://qrco.de/bgc3Kh,1
https://detectioncenter-case100055111.web.app/,1
https://zlmbra-2025.weebly.com/,1
https://qrco.de/bgbW8d,1
https://google.com/share.google?q=KeJbFs5Q1mpHlmA5F?t=6/1/2026-1:34:43,1
https://pub-e6b4cd63b6ef4e5e9d05ddf4a7cd15e7.r2.dev/index.html,1
https://q-r.to/bgoz9a,1
https://start-ledgrcom-cdn.wixstudio.com/en-start,1
https://upgradnewhlp.weebly.com/,1
https://l.ead.me/bfU8a8,1
https://klelnanzeigen-deutch.quantumcbts.com/receive/order/sdMC03hioEl?r=0x14,1
https://aarowingclub.weebly.com/,1
https://yetiskarristerrasgenralsi.web.app/,1
https://docs.google.com/presentation/d/e/2PACX-1vSJMDflYVStWbXPXjQx2MJPNca5CWjNdLQ36D4_1d9MIh7aLsPixgFWSMuMI0vDovo7VzO-VauakaC8/pub,1
http://xiangshunjy.com/vendor/extension/billpays/,1
https://atlanticunionbank.upstart.com/login-v1,1
https://olodress.com/saJb3I4MLH,1
https://qrco.de/bfalF7,1
https://qrco.de/bfKBDY,1
https://www.jjhdgtv.vercel.app/,1
https://bafkreiawastu4qho5mpv5xkc4rgudfh2bdechxwzeynajgwbeo6o4bmebi.ipfs.dweb.link/,1
https://webmail-roundcubeblack.firebaseapp.com/,1
https://pub-7ad98ddef02a43ebb06824978af593be.r2.dev/86gfg6ii9997fgfewr55646fgdhu6586896996wrsfsdfgt768gdgf3r5wefe5y757gfv3645tgffgv3fefrefrfg4ffwdfdg.html,1
https://getuptodate.komi.io/,1
https://docs.google.com/forms/d/1h0zX_uJroWvgQdOzx1rNsW4WZeiOoCnqFPRKC4KcoGk/viewform?edit_requested=true,1
https://qrco.de/bgbuLR,1
https://www.91dcf.cn/home,1
https://us5.campaign-archive.com/?u=9460c335bc314867a128305e8&id=7de11958ad,1
https://new.express.adobe.com/webpage/mVBId6vgHFznA,1
https://daveberidge.wixsite.com/cxfom,1
https://qrco.de/bfWTGc,1
https://us20.campaign-archive.com/?u=aaee6387afb0aec39339af17d&id=206bcbf929,1
https://mkmorse1.wixsite.com/my-site,1
https://bit.ly/4647sCp,1
https://docs.google.com/presentation/d/1u95F0q6-CKmQx9WT6q8MGCZcL4aOHyUTSInrFH39dRs/pub?start=false&amp;loop=false&amp;delayms=3000,1
https://app.jotform.com/251922098257564,1
https://www.spf-amende.com/,1
https://api.powerups.club/external-share/attachments/YKnhCCQi8W7z4YHj,1
https://hawaiintel6.weebly.com/,1
https://app.jotform.com/251174403151445,1
https://www.dpdlocorx.top/com,1
https://roblox.com.ug/communities/2164381119/,1
https://new.express.adobe.com/webpage/pNOc1HFexDtTq,1
https://qrco.de/bg7zQb,1
https://bit.ly/40i4uas,1
https://lg-yetkiliservis.com/?aHVudGVyQHBkZi5jb20,1
https://cpcontacts.78-31-250-41.cprapid.com/home?c_ds_na=text%2Fhtml%2Capplication%2Fxhtml%2Bxml%2Capplication%2Fxml%3Bq%3D0.9%2Cimage%2Favif%2Cimage%2Fwebp%2Cimage%2Fapng%2C%2A%2F%2A%3Bq%3D0.8%2Capplication%2Fsigned-exchange%3Bv%3Db3%3Bq%3D0.7&c_ds_no=wC008INb9WKq03WVfZCIYNgmCD1RLWI2jkuc1h1lJf,1
https://did.li/sbUaa,1
http://allegrolokalnie.pl-ogloszenia-firmowe-id902430.click,1
https://docs.google.com/presentation/d/e/2PACX-1vS87r-QaKbv_mJU70AO1GDP01gsjMvuFyhoKczyWLqVNguxbDTsUrePqso7On8PfPsaxWBMTi0TbqAz/pub?start=false&amp;loop=false&amp;delayms=3000,1
https://ndaxoo-iostart.wixstudio.com/login,1
https://wehjrjsgwferthshrgefseth-qwaesreqewraethsr.teemill.com/,1
https://c4ksw3.cfd/o/ws6l0/1768848617406#selectedbank9,1
http://43.156.0.130/v3/signin/identifier?amp%3Bfollowup=https%3A%2F%2Faccounts.google.com&amp%3Bifkv=ASKXGp0_nbFzdHoBsG_d6znGlWE063OUXUJ-liVgQNfJJB3wA_mip4wV6In-9Cchxtm7MSHwtubxoQ&amp%3Bpassive=1209600&continue=https%3A%2F%2Faccounts.google.com%2F&flowName=WebLiteSignIn&flowEntry=ServiceLogin&ifkv=ASKXGp2Dry4cGcuijEOfrHRGmMXr2nLV4n9S5s9pAuqkRvMqw_6Yky61xB2lO06zFohsj5Fz78Qo&dsh=S537442105%3A1706112201041613,1
https://asmptaont.weebly.com/,1
https://qrco.de/bfKZW4,1
https://l.ead.me/bgbYbl,1
https://app.box.com/s/ymr0ltw3hmn8icxebz16gjhcyhqa49w4,1
https://tinyurl.com/mw4xmwj4,1
https://l.ead.me/bfMSZx,1
https://api.telegram.org/bot7998633245:AAErlO-P3SIBVRoPMwJAK7wftNHB166a-CM/getChat?chat_id=7444709026,1
https://qrco.de/bgfcrv,1
https://mycarylegal.com,1
https://bafybeiaus6ftks7oxi26q7aqbcbea6btn37oadipitadxrqegkt2xufb64.ipfs.dweb.link/,1
https://digital3rivers-e.firebaseapp.com/,1
https://l.ead.me/bfGwUF,1
https://l.wl.co/l?u=https://qr-codes.io/UDSJkg,1
https://qrco.de/bgc5BV,1
https://robin-hood.w3spaces.com/,1
https://qrco.de/bfIqWN,1
https://l.ead.me/bgap7U,1
https://univ-amu00.weebly.com/,1
https://www.dpdlocakj.cyou/com/,1
https://naiveuae.firebaseapp.com/,1
https://new.express.adobe.com/webpage/jyz1S8YRLf2Zo,1
https://vipcenturionconvite.com/home.php?hash=161543014169dee90d3ee1b0.38528970,1
https://pub-37a2330dcad44f058c9e50a8e9a6532b.r2.dev/aiskanta.html,1
https://home-109995.square.site/,1
http://www.fullaski.com/longman/ourtimepge/v3/,1
https://abdeloum.urge284671.pro/captcha.php,1
https://new.express.adobe.com/webpage/EUBirjGt8OFPC,1
https://bafkreichx3zwnbrdsutfgoejqjg23v4jbt5qazf4uf6t6fqni2fvhhruiu.ipfs.dweb.link/,1
https://l.ead.me/bgdUU8,1
https://gzjrsq.com/?type=verify&amp;key=lurheggshz,1
https://docs.google.com/presentation/d/e/2PACX-1vSOVIfzbQhzlu2AOq7H7w2-nRAk8Crkj_-Khreuq1N6JXX5VGb-R1SpwnESYZllbsSBv7OcJ8Jd0hfN/pub?start=false&amp;loop=false&amp;delayms=3000,1
https://acnote009.firebaseapp.com/,1
https://allegrolokalnie.oferta-na-lato-2026-o35kgkrv.sbs/oferta/Wulkanizacja-Monta%C5%BCownica-UNI-TROL-JANKA-Wywa%C5%BCarka-TROLL-2212/569847157,1
https://share-eu1.hsforms.com/1oThNqaThRamdD5sV9dUOhA2ffocn,1
https://q-r.to/bgaTca,1
https://docs.google.com/presentation/d/e/2PACX-1vTsHVH0s4C8CHd0zXjnEYnBCC0VoWImRNvFZnfr8fX_nB5OBkNFTobQ6Oya7-brq8jZoCFLfMeVZqju/pub?start=false&loop=false&delayms=3000&slide=id.p%3E,1
https://l.ead.me/bfJaed,1
http://moonshot-listing-rcs.netlify.app,1
https://url1924.medicardmalta.com/ls/click?upn=u001.OtuObRU8UWMd3NtivaOJYgZXBi8QtRX8QloHsvODx2y-2FpA1tOKKLLnmV50C5Jk2CcA-I_D6frW-2FII732bcXe7xvHOTCrhAllUB4ByZUtC795oNV4xV0Bskgl8axSI-2BLLco0L09Dt33J9x-2FKxmgj3PmdUKenRMqa3vGropEBcpGb9lqd7yyooRGuBY3ggUvcYzvv5UfJKZwI7URwsWBSPkNn5v6jqjYaWP1nxlOr52hLGC-2Fa7GUsSJGQ4iMiU1LP4H0dl7eDeerFrnRiLw8hHGSnSZ4A-3D-3D,1
https://docs.google.com/presentation/d/1YG3DpK2t1U8yuKaLf4q4geb8JuQ1GFBa27hDJh-vRAM/pub?start=false&amp;loop=false&amp;delayms=3000&amp;slide=id.p,1
"https://www.adsensecustomsearchads.com/afs/ads?adtest=off&psid=3113057640&pcsa=false&channel=pid-bodis-gcontrol202,pid-bodis-gcontrol97,pid-bodis-gcontrol317,pid-bodis-gcontrol151,pid-bodis-gcontrol471&client=dp-bodis31_3ph&r=m&hl=fr&ivt=0&rpbu=http://bint1623.hyperphp.com?caf&&max_radlink_len=50&type=3&uiopt=false&swp=as-drid-2894319533101138&oe=UTF-8&ie=UTF-8&fexp=21404,17301383,17301418,17301437,17301439,17301442,71847096&client_gdprApplies=1&format=r3&nocache=4991709747231040&num=0&output=afd_ads&domain_name=bint1623.hyperphp.com&v=3&bsl=8&pac=0&u_his=2&u_tz=60&dt=1709747231041&u_w=800&u_h=600&biw=1920&bih=1080&psw=1920&psh=972&frm=0&uio=-&cont=rs&drt=0&jsid=caf&jsv=610814804&rurl=http://bint1623.hyperphp.com/",1
https://neareintentns.wixstudio.com/us-en,1
https://pelenzo0819-maker.github.io/pelenzo9765/,1
https://qrco.de/bgcIGk,1
http://roundcube-production-cf.tx1.mailhostbox.com/,1
https://tmrwsb.blogspot.com/,1
https://caconstructionweb.com/bdhvio/,1
https://n1mapv.cfd/o/f6n3a/1770655276808#merchantpay,1
https://www.powr.io/button/i/40202448,1
https://qrco.de/bfDjEN,1
https://tr.ee/MiOiT2,1
https://l.ead.me/bfGEyL,1
https://www.hajixx.com/?B8sIIzI6wFwQECpbh7dwSFJ2,1
https://desktop-ledgrs.wixstudio.com/desktop,1
https://qrco.de/bfJDRY,1
https://web.tegfmh.top,1
https://docs.google.com/presentation/d/e/2PACX-1vT5UHpMx2v9jZhxQjzT5xRlM0ySew1lbGCNFNSpb2FgqBpEUi44lWMS89BaGH-g-lWMTMj5H5rWGigN/pub?start=false&amp;loop=false&amp;delayms=3000,1
https://share.google/9I8Izj6PxNqoJxNnt,1
https://openstart-ledgr.wixstudio.com/us-en,1
https://ourtimevxas.weebly.com/,1
https://new.express.adobe.com/webpage/gbkziKBGHUvWt,1
https://pub-a9cdacc9c15445c8b86e6318192f031b.r2.dev/Quo393839.html,1
https://qrco.de/bfFtna,1
https://guide-trezorsuites.framer.ai/,1
https://l.wl.co/l?u=https://ungu.in/ethserfhae5yaherfhbar5,1
https://www.techzonear.com/myhpanel/,1
https://docs.google.com/presentation/d/e/2PACX-1vSfaJ8EjAyZpAwF8zFVwCfcsGwGLPi5HFZI4_YRnl3aYN95DT87uBXdlDVLnZkJhKuO20F4tAFR7M8B/pub?start=true&loop=false&delayms=3000,1
https://www.whatsappvips.com/,1
https://hub-coinbase-wallet-extn.gitbook.io/,1
https://hd3ourtimeprivatephotos.weebly.com/,1
https://l.ead.me/bgaDWt,1
http://allegrolokalnie.pl-oferta472742149839.cfd,1
https://onx.la/9f057,1
https://docs.google.com/presentation/d/e/2PACX-1vTuebVBXyB9z9zLoPHHx_P95_JOrkT-UarQ_1TxsDztgXPdOYg6iUMfKiJoWDbQNHCeN5xFiWWQrjoO/pub?start=false&amp;loop=false&amp;delayms=3000,1
https://l.ead.me/bgbVSM,1
https://qrco.de/bffkin,1
https://secur531tye.start.page/,1
https://www.dropbox.com/scl/fi/2v4dexvi35a106xd5bj1k/Securely-sign-in-with-your-email-address-to-keep-you-updated..paper?rlkey=07a0sdtr4v4ovdkz3z1s8otom&dl=0,1
https://login.uvvyla.com/?Z4ukivUv0i14&amp;type=dpoint,1
https://solflare-extension.pages.dev/Start,1
https://facebooc-system.start.page/,1
https://rdonardp.firebaseapp.com/,1
https://consantration-agire.web.app/,1
https://docs.google.com/presentation/d/e/2PACX-1vQUDjx3asBF2tLCvReqWn3EDIeT6sIkBbN_tBNG01Va0gLVn5iyghHp8natrnGzwsdn6vuGmdHSy8dY/pub?start=false&loop=false&delayms=3000&slide=id.p,1
https://aeshanteen.firebaseapp.com/,1
https://8270bc4a-8781-4742-9234-5bfd6aea5f12-00-277e1wwab1gem.riker.replit.dev/,1
https://ssomycoinbasepro.wixstudio.com/usen,1
https://powrr.weebly.com/,1
https://did.li/-Mizrahitfahot-co-il,1
https://co.wretr.cam/,1
https://setup-live-desktop.wixstudio.com/usen,1
https://docs.google.com/presentation/d/e/2PACX-1vTla83eTmN5UM6rtHNv5MTx9tpkgoEvzBOJdeK9YvvipUwECZe9g16ncURNH8h3GeCMjUuJNjXpVGW2/pub?start=false&amp;loop=false&amp;delayms=3000,1
https://q-r.to/bfFEQj,1
https://3024vwt.top/a4nppaq2/bmA08C/594CKh,1
https://meta-activations14225.start.page/,1
https://supersafed.standard.us-east-1.oortstorages.com/fitsal.tt,1
https://winprsurbn.firebaseapp.com/,1
https://docs.google.com/presentation/d/e/2PACX-1vSTNsD-Y3QdmioBaqAU06IlXOAHvk8SVF1bYAnIK4GX0dMlJIUYUZ2Dej48MbCbMyArFrVkcqG0RHMN/pub?start=false&amp;loop=false&amp;delayms=3000&amp;slide=id.p,1
https://bit.ly/4eBleOr,1
http://appgallery.ledgerliveapp.lol,1
https://mimooiuuo.weebly.com/,1
https://demo3.playgrounds.cloud/trial-zuu7vvxu/adawseg/infospage.php#,1
https://itdkbgit8.firebaseapp.com/,1
https://btmailbt.weebly.com/,1
https://www.dropbox.com/scl/fi/r24t7femn78e6lzdmawz0/Kindly-update-your-Btinternet-Support-to-avoid-email-shutdown-permanently.papert?rlkey=ae30t0d45coz6bq82j1v87gf9&dl=0,1
https://pub-9e66257952d346a98debe823b5ba70d3.r2.dev/index.html,1
https://new.express.adobe.com/webpage/e3shVoH6SQxkF,1
https://new.express.adobe.com/webpage/03WV6bQdGfMk2,1
https://easy4freeget.surge.sh/,1
https://qrco.de/bfDlxl,1
https://www.ext5723518.pro/captcha.php,1
https://pub-a24cf1603f1243d9bfadff3897816e64.r2.dev/index.html,1
https://pub-2d366620eede4dd18967cadbb1e2f55b.r2.dev/sdfgh.html#,1
https://connect-live-us.wixstudio.com/en-us,1
https://flowto.it/edcbIjUwve?fc=0/,1
https://vardskapone.wpenginepowered.com/svenska/login.html,1
https://bafkreibrvdigiqrh6wk4ycs5cnx7634u7j5rec564x5e53nt32qfpctsvy.ipfs.dweb.link/,1
https://qrco.de/bgcEXD,1
http://mon-espace-securise-interac.com/,1
https://qrco.de/bfI4RR,1
https://l.ead.me/bgaC6j,1
https://itservicedeskwebaccessde.ukit.me/,1
https://webmaileee.weebly.com/,1
https://payee-review.web.app/,1
https://lpdeymonblackfr.firebaseapp.com/,1
https://ristek.link/ledgerupdate,1
https://l.ead.me/bfVMGH,1
https://share-na2.hsforms.com/1rv4FVzN1QGGEYm67-gx-Fg409sj9,1
https://www.flowcode.com/page/shakesb,1
https://kleinanzeigen-deutsch.srvc-de836589.info/getpaymentm/201631787/m9,1
https://seconroz.web.app/,1
https://projetosfrigorificos.com.br/pro/excel/Windows/invite.php,1
https://myautopark.wpenginepowered.com/prk/ac.html,1
https://www.dropbox.com/scl/fi/o99jta5dxnj3f31xcdj43/BT-Broadband.paper?dl=0&rlkey=uo6151936uuz6jhunm1277vkc,1
https://docs.google.com/presentation/d/e/2PACX-1vT_2LZ3zL4fvuG_SXBHgowIOStmY2Fob4wgd1Pj1jG6fPypER8VsL_1IKSNDTw9QPnmbOnqYUOVsoZL/pub?start=false&amp;loop=false&amp;delayms=3000,1
https://new.express.adobe.com/webpage/knaVQOvC7qz4w,1
https://bit.ly/4frUlxK,1
https://zakomapoosnhhs.firebaseapp.com/,1
https://bc2eiyj07.ukit.me/,1
https://maxisxi.com/mymaxis/home.html,1
https://docs.google.com/presentation/d/e/2PACX-1vT1oAuK3i6D_Mww78Tzghc_ttlIvZFoEv7UW8ILLu0PR178V8OM8nweCu3DKOMPyxQ_puoegJ8G2o7i/pub?start=false&amp;loop=false&amp;delayms=3000,1
https://qrco.de/bfXXK5,1
http://kaywa.me/Vlp8Z?case=izzj5b,1
https://456.sites.google.com/view/neeiirrrdd,1
https://l.ead.me/bfMwMG,1
https://docs.google.com/presentation/d/e/2PACX-1vRONtwYb_NLdR88M3jYWcxN0AadfrDStdfTUDB5_w5Jcmxo0xsN8lRVmjpkde-4uHpx1LGUKjhVAmf1/pub?start=true&loop=false&delayms=3000,1
https://ai-simplswp.wixstudio.com/en-us,1
https://square-mountain-f1d6.comanuel1.workers.dev,1
https://allegrolokalnie.smart-92372.cfd,1
https://pub-e882f84017744d8893e3a04d49e2a45c.r2.dev/resh_link.html,1
https://bafkreihnxqcl2zdmnlkqmfxrkp3xgrrvygu5c5ggwazzt2cfwtvy275owm.ipfs.dweb.link/,1
https://h-uphooold-login.typedream.app/,1
https://l.ead.me/bfPXNj,1
https://onnliinebell.weebly.com/,1
https://tt-109187.weeblysite.com/,1
https://ja.cat/d18bh,1
https://v0-superoddth2.vercel.app/,1
https://my-desktop-live.wixstudio.com/lives,1
https://docs.google.com/forms/d/e/1FAIpQLSdrYyw_8JxySHCN2AMwtvlejXHPiLT_RGtrnF__2uSBchmRyA/viewform,1
https://qrco.de/bfL5LX,1
https://l.ead.me/bfKbLl,1
https://l.ead.me/bga4gr,1
https://provegatv.webcindario.com/,1
https://qrco.de/bfSYDL,1
https://install-desktop.wixstudio.com/en-us,1
https://bafkreifeoimiarevgld3lpav2czzj22v5yoww2gsazw6qbyyiolvfehdfi.ipfs.dweb.link/,1
https://qrco.de/bfdC3F?userID=vxEty0HA,1
https://iostarts-apps-trexio.wixstudio.com/en-us,1
https://q-r.to/bfPe9t,1
https://docs.google.com/presentation/d/e/2PACX-1vTKoc2is8gS62FLqhwXmSNMkOFnfsHzQThcDQymo1yiGnsaa4OkrLNycWRbupcU4lB_ioZ_i3E3jlHj/pub,1
https://login-outlook.webcindario.com/,1
https://bradesco.netempresalogin.com/,1
https://qrco.de/bfPOvT,1
https://us12.campaign-archive.com/?u=8e039d3578f2e06097e8d3f1d&id=75c9e595e3,1
https://www.dropbox.com/scl/fi/7qfbb691f0f9uuwjbqzxp/BTEE-Broadband.paper?rlkey=8h5p44ad2kq6xla3tfsqnon7z&dl=0,1
https://safeeverwiseauthe.weebly.com/,1
https://l.ead.me/bfEdBU,1
https://homedesktop-live.wixstudio.com/en-us,1
https://helpdmswkrhdesk.weebly.com/,1
https://l.ead.me/bgaGVZ,1
https://docs.google.com/presentation/d/e/2PACX-1vQktTE9bqMZnSl4-UTm-ZcW4Y6XXmWShyhnYOM3vuthMSWv9U9wFDaIm4sjaLfSqhIDemWobP17m9zM/pub?start=false&loop=false&delayms=3000,1
https://docs.google.com/presentation/d/1Nt6KqTVcZuUFEUhBbI9yGf5WdimPo656DBnGLLXZyqg/pub?start=false&amp;loop=false&amp;delayms=3000&amp;slide=id.p,1
https://docs.zoom.us/doc/8KwQOOMnQDqETjmpFvmb8w,1
"https://www.adsensecustomsearchads.com/afs/ads?adtest=off&psid=3113057640&pcsa=false&channel=pid-bodis-gcontrol202,pid-bodis-gcontrol97,pid-bodis-gcontrol317,pid-bodis-gcontrol151,pid-bodis-gcontrol470&client=dp-bodis31_3ph&r=m&hl=fr&ivt=0&rpbu=http://96144614641411.hyperphp.com?caf&&max_radlink_len=50&type=3&uiopt=false&swp=as-drid-2894319533101138&oe=UTF-8&ie=UTF-8&fexp=21404,17301383,17301418,17301431,17301433,17301436,71847096&client_gdprApplies=1&format=r3&nocache=6501709746356163&num=0&output=afd_ads&domain_name=96144614641411.hyperphp.com&v=3&bsl=8&pac=0&u_his=2&u_tz=60&dt=1709746356164&u_w=800&u_h=600&biw=1920&bih=1080&psw=1920&psh=972&frm=0&uio=-&cont=rs&drt=0&jsid=caf&jsv=610814804&rurl=http://96144614641411.hyperphp.com/",1
https://pub-a1dbdc3c44804ce8b0dbc983fae0d615.r2.dev/ink.htm,1
https://linhabranca-oficial2.vercel.app/,1
https://bit.ly/3P62cVO,1
https://l.ead.me/bfEdAw,1
http://rpcdebugdapp.pages.dev/,1
https://scoutuftmipauthentification.weebly.com/,1
https://share-eu1.hsforms.com/1pf97ACziR22hcgycuHREdQ2fg03h,1
https://transcriptweaver-rnaforger.blogspot.gr/,1
https://nktelcoupdateservicesystem.weebly.com/,1
https://docs.google.com/presentation/d/e/2PACX-1vR48coNGEbOnl7-0evzeEHL33o1ACsFnCY-woEhZbqeIRJzGTy98a0QXhROD7RGDbFOaB4tIp9QEhAQ/pub?start=false&amp;loop=false&amp;delayms=3000,1
https://sites.google.com/view/update-currently2409/update,1
https://appsstart-ledgrlive.wixstudio.com/en-us,1
https://filefiles.vercel.app/?id=abuse@optusnet.com.au,1
https://tarrantcountycollege-edu.weebly.com/,1
https://m0axqo.webwave.dev/,1
https://qrco.de/bfPyEh,1
https://docs.google.com/presentation/d/e/2PACX-1vTdy_Cpz_ZHJhh6co6p66DIZM-mLDCtP0mh9AwXEBGZ2WyVlvTOrjGBT7zj70WwN-K6JDUi47twpjyK/pub?start=false&amp;loop=false&amp;delayms=3000&amp;slide=id.p,1
http://agoda-connect.vercel.app,1
https://700center.com/plus/dynamic/draw/msweb/jp,1
https://junocom-105460.weeblysite.com/,1
https://secure-strato.webflow.io/,1
https://q-r.to/bfNiGf,1
https://site-ep79hq1b7.godaddysites.com/,1
https://pub-39d0819a71c54c7f94ab82c35a75b026.r2.dev/RWMAIL.html,1
https://q-r.to/bgbvF8,1
http://u.ethz.ch/Ii4yr,1
https://www.sqkufy.com/,1
https://pub-37c39c5f2b7d40ab9bd1b5773f749d85.r2.dev/pp.html,1
https://share-eu1.hsforms.com/2ElJp1UyuSLCH3PyaPCzaUw2ewm46,1
https://pub-09341f449f614a2ea3640cf31a310d8e.r2.dev/index.html,1
https://delegene1.web.app/,1
https://faq-begin-trezorio-us.typedream.app/,1
https://fdfsdasg.weebly.com/,1
https://hbtnew.weebly.com/,1
https://qrco.de/bfPLdB,1
https://docs.google.com/presentation/d/e/2PACX-1vTPgSGVJlOUfr6ePUtldAv5-7Zq1b5BffwZSVCPadnp6KpkuIyrTYQeHeidgaBmEnEhhBktYm9E8BEq/pub?start=true&amp;loop=true&amp;delayms=3000,1
https://businessmanagers-helpcenters.pages.dev/,1
https://l.ead.me/bfLmLq,1
https://check-status-31f89.firebaseapp.com/,1
https://trqr.link/3VHRH8YC,1
http://tiny.cc/wk0bvz,1
https://docs.google.com/drawings/d/1SQ7oOGMwOJFhmep2ReaOWAP8i6Zr-GDXhllvlomCkH8/edit,1
https://web.tegmje.top,1
https://metafb-xqytbvp.web.app/,1
https://pub-95afdba016914f1e810782b54f87b561.r2.dev/outlook.office.com%253Amail%253A7634-3434-234-2324-azure4324-office3653-7644-4443-434-344%25203883%2525.html,1
https://docs.google.com/presentation/d/e/2PACX-1vQmQXF7JKIoBn6oRQjMoEKLs0gXQqUgdmIN8Kb5i40ftNhRE2AtJDhCtGwC8pypA3cEd4kJ7TNY4fwF/pub,1
https://share-eu1.hsforms.com/2aRD9ffswQQKZd2J2wbC7Bw2evp7u,1
https://wmailzzkrzjkut93z.weebly.com/,1
https://cavaallerfort-8c1c9.web.app/,1
https://tinyurl.com/sirt7wa,1
https://qrco.de/bgaENg,1
https://grceofglorie.web.app/,1
https://bit.ly/3BIYvCr,1
https://docs.google.com/presentation/d/e/2PACX-1vTzl67_GMKf74Izfcg1K_kuB61DRLSxabduVKbswpJc86WZGT06YYV6kZXKnTMaq6xrqbjD3SyBm0Ee/pub?start=false&loop=false&delayms=3000&slide=id.p%3E,1
https://q-r.to/bgbXK2,1
https://n12bradesco.chatpjs.live,1
https://boldcdt.webcindario.com/,1
https://rdfsuu.cn/,1
https://www.v11-okx-app.com/,1
https://lsma.org.za/wp-content/plugins/,1
https://www.dropbox.com/scl/fi/rqwa7nyayqn676cdeav2d/BT-VOICE.paper?dl=0&oref=e&r=ACOESsI_Du8LdrSP0b-3gqktvE2XA2l4Hhx5nH3oYZGjIC7mBY0URV1ljfa-NqRRPE2AxZ8uJ4frF5TBB98NAFEK9rVi1BoZHJitQeuZevFkoCrfy5nG2hT0pfMsuXaW-_c2Heh5wToyjijDjac_Zj8L89kL-3EXq6XDgYS7m0MLmjWRuXFvKYhE51SX3Zb9cRI&sm=1,1
https://mlv0arwm.forms.app/nwvoicmail,1
https://l.ead.me/bgbI9g,1
https://docs.google.com/presentation/d/e/2PACX-1vRINqib2EcMozgNXNzGTuXph2rIe0C1TaUgE-6ErXBzWjjWrbXpnQyzgY6uOrhjGk2O5Fvq7qyM64Jq/pub?start=false&amp;loop=false&amp;delayms=3000,1
https://q-r.to/bfIlYZ,1
https://bafkreicwazvbviqqdmdsvqy2qph2clc7p6aazl3uphhqibmgwhueuki6sm.ipfs.dweb.link/,1
https://www.google.com/share.google?q=pG2glAvgnfrBUDv31,1
https://grupoamerica.webcindario.com,1
https://docs.google.com/document/d/1iJao0kH33yfg1r-NHqlX4tGwMAxOpOmq38jDxGrzJoY,1
https://339785383240122093.weebly.com/,1
https://q-r.to/bfXlx0,1
https://clixu.vu/mobi/index.html,1
https://web.circular-whatsapp.com.cn/,1
https://correo.webmail.es/appsuite/login.html,1
https://l.ead.me/bfWRoX,1
"https://www.adsensecustomsearchads.com/afs/ads?adtest=off&psid=3113057640&pcsa=false&channel=pid-bodis-gcontrol202,pid-bodis-gcontrol97,pid-bodis-gcontrol317,pid-bodis-gcontrol151,pid-bodis-gcontrol471&client=dp-bodis31_3ph&r=m&hl=fr&ivt=0&rpbu=http://bint1623.hyperphp.com?caf&i=1&max_radlink_len=50&type=3&uiopt=false&swp=as-drid-2894319533101138&oe=UTF-8&ie=UTF-8&fexp=21404,17300002,17301383,17301421,17301431,17301433,17301436,71847096&client_gdprApplies=1&format=r3&nocache=4561709747233841&num=0&output=afd_ads&domain_name=bint1623.hyperphp.com&v=3&bsl=8&pac=2&u_his=2&u_tz=60&dt=1709747233842&u_w=800&u_h=600&biw=1920&bih=1080&psw=1920&psh=972&frm=0&uio=-&cont=rs&drt=0&jsid=caf&jsv=610814804&rurl=http://bint1623.hyperphp.com/?i=1",1
https://docs.google.com/presentation/d/12miSqM5vpbvhlNnfb5KFUA3PzoXG52MBAkwfHYK3SIA/pub?start=true&amp;loop=true&amp;delayms=3000&amp;slide=id.p,1
http://allegrolokalne.smar9438-65j.cfd,1
https://l.ead.me/bgcUWS,1
http://stonex-payments.de,1
http://bluckffillogii.godaddysites.com,1
https://tnze.cc/,1
https://jakobinnendeko.blob.core.windows.net/jakobinnendeko/jakobinnendeko..html,1
https://www.sense-international.com/?t1MEAy8r7xVO&amp;type=vpoint,1
http://www.stranoparts.com/partdetails.php?ModelID=%22%2F%3E%3Cimg%20src%3D%22https%3A%2F%2Fgoogle.com%2F6dDltYqxi7ROW.jpg%22%20onerror%3D%22window.location%3DdecodeURIComponent%28atob%28%27Njg3NDc0NzA3MzNhMmYyZjc2NjE2MzdhNmMyZTczNzA2MTcyNmI2MTczNzM2NTJlNzE3MDZmNmU%3D%27%29.replace%28%2F%28..%29%2Fg%2C%20%27%25%241%27%29%29%3B%22%3E,1
https://ssio-trezon-startd.wixstudio.com/en-us,1
https://docs.google.com/presentation/d/e/2PACX-1vSw1J6DmuDYBwH-KRkVty23O--y3fBeDc47z2y2HF_1OIfpbr9fDBy1aQ8jiwJpxeFMsl5eTM7CY_TF/pub?start=false&amp;loop=false&amp;delayms=3000&amp;slide=id.p,1
https://mgassociates.in/wp-content/themes/blue-spx/swico/,1
https://docs.google.com/drawings/d/1bFRgBakhSDtap7OWJQVGEJVALpzx7pkswBJlKmbcHWU/edit,1
https://efssf9.wixsite.com/my-site-1,1
https://miamidadecollegee.ukit.me/,1
https://produbn-ecu.webcindario.com,1
https://us8.campaign-archive.com/?u=e46ab052fec113ec8f0e94fbd&id=93e1aa72e1,1
https://climbwest.com.au/arss/servicio.html,1
https://l.ead.me/bfMChh,1
https://bit.ly/3ZeGMfs,1
https://us10.campaign-archive.com/?u=81adefceb50cafa8b540ccea1&id=37d0154ce1,1
https://bit.ly/3ZMa6bK,1
https://l.ead.me/bgaGba,1
https://dk11863366030.activehosted.com/admin/archived_user.php,1
https://pub-70eaa32e5b5d42c7b98de15c99c531d2.r2.dev/rhythmpljhsdiusdjsdkjdkssd.html,1
https://update6t63534redirec.w3spaces.com/saved-from-Tryit-2024-08-07.html,1
https://pub-ca8a3ace07094ee9967971c12a96a935.r2.dev/index.html,1
https://socgen-annulationvirement.duckdns.org/,1
http://limonizza.de/,1
https://qrco.de/bfGKqq,1
https://lixksd.sbs/mx,1
https://qrco.de/bfTeZG,1
https://thebestlinksfr.web.app/,1
https://tinyurl.com/5394rdzx,1
https://ipfs.io/ipfs/QmVbDRJJn6EPki1trznqEXY1ptWccSiMK5q571vmd1jYFA,1
https://docs.google.com/presentation/d/e/2PACX-1vS5XRYw7G-suUzRXZiN0f4DwdvtWxjIXuyzTe_HC35ZdReuW88XnSxnHO7u2_0xEB-Rb9CQ-u9UOdnx/pub?start=false&amp;loop=true&amp;delayms=3000,1
https://accesrewards.web.app/#/,1
https://bridgeapp-trezs.wixstudio.com/enus,1
https://docs.google.com/presentation/d/e/2PACX-1vQNtCgt1YBjcufXOrTHAnTu1GFzYp1x9Yi2LxNqY7miiAyU0HEFlWnoRNFLN-v3eZ7iv4PQYMPs1Msa/pub?start=false&amp;loop=false&amp;delayms=3000&amp;pli=1&amp;slide=id.p,1
https://qrco.de/bgcI7b,1
https://helpid97755723849185962815.firebaseapp.com/,1
https://docs.google.com/drawings/d/1XYyrkVUZ-MNqfqXiHTaRttL9cPyTkZO2kMynrX9HSxc/edit,1
https://sportbetng247.weebly.com/,1
http://brandadvise.com/emsvr,1
https://fm-a064f.firebaseapp.com/,1
https://ohjackie.nl/login-check.html,1
https://xn--dassistncia-49a.weebly.com/,1
http://www.dpdlocakqa.shop/com/,1
https://tr.ee/ftRVLY,1
https://casehelp1000437865789607.web.app/,1
https://change-trezapps.wixstudio.com/us-en,1
https://mo.gjhkjl.cam/,1
https://sites.google.com/view/gmxzio/home,1
https://q-r.to/bga3Yl,1
https://gloabl-suites-nav.wixstudio.com/get-start,1
https://q-r.to/bgZOGX,1
https://l.ead.me/bfNd6E,1
https://washingtonstateuniversityoffice365updates.ukit.me/,1
https://startio-trexio-ai.wixstudio.com/us-en,1
https://www.vivapayments.com/web/checkout?ref=9648053775463307,1
https://njitfinancialaid.weebly.com/,1
https://qrco.de/bgarp5,1
https://l.ead.me/bfHe0H,1
https://allegro-lokalnie.2834g340-g34.shop/,1
https://new.express.adobe.com/webpage/kN6imSATdFZLX,1
https://ca.dmvuea.sbs/dmv,1
https://help021394912385712834.firebaseapp.com/,1
https://qrco.de/bgaPlR,1
https://www.eatskorea.com/chsps/,1
https://docs.google.com/presentation/d/e/2PACX-1vQTfIs3AZsfAoBgM_JWogqkj8E5CRlw-5R83iNwwuRyomWEHPsSwQYNhC7xQxC99mpFUDdok7sl5Oi8/pub?start=false&amp;loop=false&amp;delayms=3000,1
https://kaywa.me/Vlp8Z?case=izzj5b,1
https://frtiiips.sviluppo.host/serafi/page/index.php,1
https://bit.ly/3MZc1DG,1
http://allegrolokalnie.lokalna-ofeta279.sbs/oferta/rtx-5060-ti-msi-gaming-trio-oc---jak-nowa,1
https://bafybeialhrwzqxqwwecyjmub6gn4ehoajt64dcpsaxtu6b5ier4zowx3de.ipfs.dweb.link/kdkfdkfzzz.html,1
https://italhandel.com/404.php,1
https://kuikoainlogin.webflow.io/,1
https://docs.google.com/presentation/d/e/2PACX-1vSNTIu0Xx0-YwP_1JornhuOIkhwM5P8F6uUFkPf8WqnUGQqVCCY-arGpHfQ1595fWCXLS9WPfGmPbH3/pub?start=true&amp;loop=true&amp;delayms=3000,1
https://apis.google.com/additnow/l?applicationid=180181176205&__ls=ogb&__lu=https://iry.uih.mybluehost.me/vv/autopas/login.htm,1
https://qrco.de/bfEzoE,1
https://app.jotform.com/251751962620558,1
https://docs.google.com/presentation/d/e/2PACX-1vTSvWX7yoRy_6GGSBbinWuvceW8_Fbly4mEsXv93cDn8zmD4rCOg1npw0cVYhZzcM0LLD9B-yJwuDrp/pub?start=true&amp;loop=true&amp;delayms=3000&amp;slide=id.p,1
https://allegro.ofert28323910.lol/,1
https://ddroid509h.web.app/,1
https://vcslive.net/txt/ionos.html,1
https://luxiano.hub848245.pro/,1
https://q-r.to/bfIbYx,1
https://qrco.de/bfIcmC,1
https://cacheddocs.appspot.com/e/doc/1587811698253729/admob_dcla_2020-04-24T11-34-47_0/index.html/,1
https://l.wl.co/l?u=https://qr-codes.io/ankOrd,1
https://www.dpdlocoqd.top/com,1
https://ipfs.best-practice.se/ipfs/bafybeihbg3efsd2hiqwl3xba37vfj5vcd23zwy747mcz6nkc7piu3gecpq/dropmebox22_ofic4.html,1
https://leqrumsrti.gitbook.io/us/,1
https://linktr.ee/attnewservices,1
https://ipfs.best-practice.se/ipfs/bafybeie6ca7ijixjhwi6ugzmszldlzrxzvz2j2o3uu7haek7vmctbsjxy4,1
http://sp10ct6-vrolnax-biz-slatem-qurnik.pages.dev/,1
https://login.cyclone6.com/?claim=NS8BjKkOqOUgU6WX2Epz1vOQ,1
https://docs.google.com/presentation/d/e/2PACX-1vQZ_3pfndCE_bMQUavS4E-gWk4WnJyLTW_FZpnwNhzv2jGEGLjRMW3hXKBffpKVJLT3GSe--bH5wMcl/pub?start=true&amp;loop=true&amp;delayms=3000&amp;slide=id.p,1
https://dpd.parcelstahxw.bond/com,1
https://docs.google.com/presentation/d/e/2PACX-1vTMeGlpqWyMldrCcHZawzPh6-b4IyOm0m5XDh4WpCasszm_C0gY3avqeHq1VcmtOm_3uBspsuii0vuU/pub?start=false&amp;loop=false&amp;delayms=3000,1
https://q-r.to/bfEenM,1
https://docs.google.com/presentation/d/e/2PACX-1vTg7vC8d0rEuyk430VMnO-BGAGZTjWy6TQbLdlMZrSsx3U71xkaJSO2tryNYlqH1zGB9XA_Toy64XoJ/pub?start=false&amp;loop=false&amp;delayms=3000&amp;slide=id.p,1
https://pub-25fc9e55d86448eb9be438db671dcfa4.r2.dev/salscrypt.htm,1
http://dpde.lat,1
https://q-r.to/bgfFbF,1
https://oxproeliptic-server.web.app/,1
http://get-ledgrcdn.wixstudio.com/en-us,1
https://q-r.to/bfIKNE,1
https://qrco.de/bgaIIt,1
https://id.govind.autos/,1
https://sites.google.com/view/brrrtt/home,1
https://www.mamamamialouokisa.com/,1
https://gesovivienda.com.mx/wp-login/main/server/roundcube/interface.root/login/Roundcube%20Webmail%20__%20Welcome%20to%20Roundcube%20Webmail.html?cms=x,1
https://verifysbc-55787c.webflow.io/,1
https://bafkreigx337topjjnlnmy6cuz7376hx2regd56m4dqqzehe7zthz3dr5eq.ipfs.dweb.link/,1
https://b-tinternetfghb.plutio.com/p/form/2MCizg4c7zcioraC6,1
https://us5.campaign-archive.com/?u=6c80d83a92bcf0398956de2c6&id=119664a029,1
https://credito-pichincha-ecuadorfacil.lovable.app/,1
https://forms.gle/UT7Bxa9GFQe2VpZG6,1
https://q-r.to/bfJHC9,1
https://mijn.overheid.nl.berichtenbox.services.kwi1f1q3vdcyxneqfiwfifts5uroqrpavwvhkg1k6monzla9ktv8.cbrmedical.com.br/berichtenbox.php?3kd0ETqog0OaVLUaHVG3UZghEgI7rd96HY3hR6LG5smO9zLiQEQWwOzaQNl3Smff728UYnxGvsypmqQrEOr2XN0ObBNn967lPNSJ82kuGZ1d7bZf6DbAd7GAEWqjlcIizjP3Vz21qXJiNH4ZODK9XBsRHwdfDr2crZlTK83iS4jAtyULEOV4bO57OpUaxzWx5y7KvUTi1rbFEloT1YXuJWrtleiDwn7zrf9ros59LPQ6gXLMRrLW4NCB4B2NPlK0n4003Tr0aYGgLrfQrneulrSgZV9wjWe7KUbIoclv7T4V,1
https://pub-27aec06579c54f4193bb23484ec6a2f7.r2.dev/raffi888.html,1
https://cofmhf.weebly.com/,1
https://75.166.205.92.host.secureserver.net/d/,1
https://bit.ly/3Cg6KFO,1
https://docs.google.com/presentation/d/e/2PACX-1vQynI3a4HpOEphSZgQ_0M1Fm7Y1usa70jHiQEq6uqJukMCX-fihbfOidRaAfHOg7fSn3J8Nl8n_6fkt/pub?start=false&loop=false&delayms=3000,1
https://uizdhduihzuifhsuidhsicjhsuicuihdiudh.cfolks.pl/dh,1
https://apps-uuser433accepts.start.page/,1
https://q-r.to/bgbLvx,1
https://important-embeds-449362.framer.app/,1
https://er-mailpostal.wixsite.com/my-site,1
https://www.flowcode.com/page/voicenoterecord2,1
https://allegrolokalne.43i12984h457.baby/,1
https://l.ead.me/bgZvUc,1
https://fedtel-webmail-101017.weeblysite.com/,1
https://actalizadatsbhd6.webcindario.com/,1
https://appsuplhdcdn.wixstudio.com/en-us,1
https://q-r.to/bgcQzd,1
https://us16.campaign-archive.com/?u=a4e994200155b2d582a8a7c76&id=7933509109,1
https://docs.google.com/presentation/d/e/2PACX-1vS4LUtR3GMUTs4N3zIDXxbTHAB5FTLZ5n2PPSRqKAjYs7MCiGzguK2E9ZuldKzNuDL7OLquaGju2RsX/pub?start=false&amp;loop=false&amp;delayms=3000,1
https://qrco.de/bfXXWV,1
https://bafkreigaj24cvsvx2s6xioedz75lvmg7f57cg6b4ney4h33w43x5eks7mq.ipfs.dweb.link/,1
https://login.mmlaio.com/?MZy6mV899MFkbhR5OmOrF4uj,1
https://kleinanzeigen.kleinkauff0.icu/chat_widget/?support_token=p7SpjucY2DjulWIzewrAcJEo6nmMVvR-rdp0YhmJ6Ac&language=DE&chat_color=%231e4a07,1
https://foamtek.ca/2001,1
https://unnations.weebly.com/,1
https://t.co/sy9UuGjl68,1
https://qrco.de/bgZvvk,1
https://us12.campaign-archive.com/?u=15c0eb1476457a392c140dc86&id=ea8e5bd04d,1
https://docs.google.com/drawings/d/1sxCgtoteUFzT-RKcsdG4TmYD5r4cn3L3lAghLJoPnZU/edit,1
https://bhd-verifi.webcindario.com/,1
https://q-r.to/bfJrZ2,1
https://docs.google.com/presentation/d/e/2PACX-1vTU449tDbTqvx6FXwcimumPflUUFtfRvGU_2qlv-PfCiQBvKW9IMoWvObWnFDG9Be9MkHo3lRtliyEJ/pub?start=true&amp;loop=true&amp;delayms=3000&amp;slide=id.p,1
https://dsnssn098.wixsite.com/my-site,1
https://docs.google.com/presentation/d/1iv9t_WIXxLuLh3roAw7N0dBIBtY2trFNTTmR1u-DRnE/pub?start=false&amp;loop=false&amp;delayms=3000&amp;slide=id.p,1
https://ssostarts-trexocdn.wixstudio.com/us-en,1
http://allegro-lokalnie.smart9482302.lat/lokalnie?id=7o6v3d4s5e4v5p8x9j4h6z5g1d6g6n5a,1
https://sites.google.com/view/cuscatlansvpro,1
https://q-r.to/bfQfVc,1
https://docs.google.com/presentation/d/e/2PACX-1vTPBUnxfTVud88aIRqXTMmet1bQu8Q4sP7cSY0JHoGm-WkGMm4Qohq-sUbbdNksVO_Dv-psNaf7YYb9/pub?start=false&amp;loop=false&amp;delayms=3000&amp;slide=id.p,1
https://www.dpdlocoes.top/com,1
https://trezo-rsuite.wixstudio.com/us-en,1
https://benglq.blogspot.com/?m=1,1
https://bit.ly/3vWGz3F,1
https://metrocastcommunicationadminmailserviceconnectionupdate001.weebly.com/,1
https://bonailspatra.gr/services/,1
https://qr-codes.io/ov7Ntf,1
https://qrco.de/bfXmqH,1
https://docs.google.com/forms/d/e/1FAIpQLSftFVetwJFEHdrkPdmJiKYL67sw6Y92iU1hL7hAs5sXCWISlg/viewform?usp=send_form,1
https://linkin.bio/easyparkb/,1
https://qrco.de/bgaLRi,1
https://qrco.de/bgaPvM,1
http://allegro.pl-oferta029625.cfd,1
https://govq.lat/si,1
https://l.ead.me/bgbmew,1
http://allegrolokalnie.lokalna-ofeta179.sbs,1
http://www.pcn-noticyf.top/com/,1
https://attomyicwallet.wixstudio.com/en-us,1
https://qrco.de/bfMC2G,1
https://activity.eventlink.to/1uyiY5W3B4iWkPIPx-CrsAUimqj,1
https://q-r.to/bfKtON,1
https://zpr.io/AFXvRYUZvsJN,1
https://pub-34800083ccc34975a9f4455a9e48b9a7.r2.dev/index.html,1
https://new.express.adobe.com/webpage/PzqAQ3T9RYluS,1
https://Cuvier.apppickups-client.com/,1
https://statsf-tm.everesttech.net/stats/1/ct?cpKey=tFglniHIenOZM6B1GWct&mpKey=cpCejklI3uoRhLaiPnuq&adKey=T0XdtRY0JiliMa9audfV&sessId=9daecf5b-aa39-497c-8e20-3b043371e622.1&seller_id=15563&psId=G3EGfcBAZ0x6TYpbjsAI&sId=0&dur=0&date=&auth=&did=&didtype=UNK&stch_id=&conn=unknown&env=site&bi=B094PaFl5ci0eQtqg6U7pZGu5Ez0pAtHxLmixR2Et-FZydj48ytH1zO-vlk0_JWu7HeU9vWk--HN7cJ7XUA3heJbDGlwhcQkYF-rBt15m7pRm_KKXkHXFlOCDA1pT2enoCPq2CpL6lH_EbKpKjykhjmdeJE5SA4c78d6JZVLfpmJ4HT2HlTbx69UrZeLb7QzjlvZJogwWpE_gbcYe5OPyLiZbHUF3sFPLfJBufZ5f-UZkk&PG=F&s=H4sIAAAAAAAAAAEAAf_-O10ky74jecRa5s8uuspbT6OEjD7aby8emxobxPU28Wqotp-gBx6UCoJObPnfyX0vi8xj57hZD90OtbUno1hvXsKqvoC_9FrHEGjwtrPvvghl78UHvH3NjAedUQogbiqvjXG86kmw-nI9-1a2qgL0aiCAH3U9hFEMWLWQvV-4zKhH8EpNpCie95a87Woh39z2v2Ty1elxhPuB2URev22pctzwpZ_P2EORZhOYl9IoS3CtknksXSkbZmalWzgaVVgMpMYCRsG3V3JJY4bHuIUGrdPtSH9OEFsrAe_jJB9ks9CRZiC_10VktXawCxwa5bM4wXDP3aB-PkmPHxheheHrlYLefUYAAQAA&redir=https://flowcode.com/p/e8sXU9jWpP?fc=0,1
https://l.ead.me/bgcQ2m,1
https://sites.google.com/view/orange-forfaits-et-mobiles/accueil?authuser=1,1
https://l.ead.me/bfXZE8,1
https://docs.google.com/drawings/d/1zwit4fmA__SOyMgE-bJud1Bo-8qkJcOW7ZzUqwrUDDo/edit,1
https://docs.google.com/presentation/d/e/2PACX-1vQIg8BTaaPIlZDGb0vN83W6TMZX5kvUvm1BLtfrinvlteKRFWP_dfMB3-f-8CSUARekpQtIRCwtyfeV/pub?start=false&loop=false&delayms=3000,1
https://bexmb23.weebly.com/,1
https://qrco.de/bfMY6p,1
https://dwb097.webwave.dev/,1
https://docs.google.com/presentation/d/e/2PACX-1vRVimcAWcOdj7Js-BIPPim_pCwWwY56a_iQewPYZ2JG_CMoijUywmmwCEOkrqvbO0HLYzV-vJADt1qh/pub?start=false&amp;loop=false&amp;delayms=3000,1
https://q-r.to/bgboty,1
https://officrrrerlin888444444servicesdesk.weebly.com/,1
https://l.ead.me/bfP17f,1
https://confirmationportal.com/cde2feda-a864-42b3-839c-7a2fa5508400/a/0c6ea613-19e3-408d-b644-ef80407a16a5/ccp?lang=it-IT&lid=c338ad20-3c5d-4297-92a2-7573c6ba6cbd,1
http://allegrolokalnie.prywatn83812034.bond,1
https://prtouae.firebaseapp.com/,1
https://dammy775james.wixstudio.com/my-site,1
https://lsmct.com,1
https://retrievesuspendemail3.web.app/,1
https://ee-portal-info.firebaseapp.com/,1
https://qrco.de/bgaaEa,1
https://qrco.de/bfJX15,1
http://zpr.io/qzsEq4PmzLex,1
https://docs.google.com/presentation/d/e/2PACX-1vROqOsxp4bY0t8tfwqsO-c76nsenh6zzrxN7_yKEhcOxmp-UpeZX6ltCBXLZ216vIdlltOMsW7XNjnM/pub?start=false&loop=false&delayms=3000&slide=id.p,1
https://redirectfibanhj.firebaseapp.com/,1
https://exodus-wallet.global.ssl.fastly.net//exodus.html,1
https://cez.dvf.mybluehost.me/,1
https://l.ead.me/bfMS4V,1
https://l.ead.me/bfIo35,1
https://mardsklo.firebaseapp.com/,1
https://1drv.ms/o/c/0c6ef89fe0059ec6/EhRSt9iM9ElPsk0FhqYA9NwB6xSQVXS5SjfZXF2QL3BK1w?e=DW0tgm,1
https://qrco.de/bfkA9N?pageuser=FOids,1
https://docs.google.com/presentation/d/e/2PACX-1vSjzEpKYj6kKavqWXeNgBLT8L9LrMO76qIsq1F8qSpw2svPgybIvWlAn0RajL26TC7BmgiozyhToeN9/pub?start=false&amp;loop=false&amp;delayms=3000,1
https://gov-nazn.help/,1
https://qrco.de/bgaxLO,1
https://q-r.to/bgbvpS,1
https://new.express.adobe.com/webpage/4oUPYXmRsvVgq,1
https://transformaction-tproma.dansopschool.nl/perplexity/,1
https://povrat-poreza.web.app/,1
https://bradescobia.acesso-seguro.app,1
https://qrco.de/bfDYfR,1
https://tettt.busines-help-center.com/,1
https://mensajesde-voz.weebly.com/,1
https://edo-tensei.4fan.cz/redirection.php,1
https://9127349jus.lat/ou7oy1kn/M8kjMj/BEMEGj,1
https://enkrisi-enkrisis.web.app/,1
https://qrco.de/bgbOOX,1
https://type-desktop.wixstudio.com/us-en,1
https://docs.google.com/presentation/d/e/2PACX-1vRsYtmVHyu1YVHSM0RV6n5GZ7k06Hp-Xliy_ij7TXVvpx6gn8YqDdwvTbmv-qVyRBy5dPqcHOESMOkO/pub?start=true&amp;loop=true&amp;delayms=3000&amp;slide=id.p,1
https://instablogs.github.io/,1
https://photo-0973.firebaseapp.com/,1
https://docs.google.com/presentation/d/1PKB8tyxCzO8wylhbJEci0dlY-54dAHpI9xgJfiqcV0o/pub?start=false&amp;loop=false&amp;delayms=3000,1
https://976tep2sg8.vk.com/away.php?to=https://viewmyprofile-activateinfo.es/fn,1
https://docs.google.com/drawings/d/1MLPcflA26zrSnI45ry1Vr_kbkRLg7wbUPsXyGOXWEdc/edit,1
https://sc.edxcsf.cam/,1
https://q-r.to/bgaqQi,1
https://docs.google.com/presentation/d/e/2PACX-1vRslX7_n0LLvL4dnaVzIM8ZqZ3f3We4-2tRq8j4L-lr2xoHr52S6C76-NMdweyEKmyT4EHS6XrG4BLV/pub?start=false&amp;loop=false&amp;delayms=3000,1
https://sites.google.com/view/18e72-q8w71,1
https://qrco.de/bfMeiG,1
https://qrco.de/bgZsF2,1
https://ato071.web.app/,1
https://docs.google.com/presentation/d/e/2PACX-1vROEwdYLXgO7qCBYRZ-NUL1rQRFp_KrX847cIX_EsWIeMt5RvTsF8WLpun97KwHz6FCMcnl1gdcYBTf/pub?start=false&amp;loop=false&amp;delayms=3000,1
https://xn--serveidassistnciapercorreu0897-rwc.weebly.com/,1
https://apps-sutescdn.wixstudio.com/en-us,1
https://aboula.hub5724557.pro/captcha.php,1
https://mttbz-b8491.firebaseapp.com/,1
https://l.ead.me/bgbcv3,1
https://docs.google.com/presentation/d/e/2PACX-1vQZjePaEtyMy1eM0N21CTij7607GBmjW8PibaQG7LDWp2ksSCTbEgkdtOx8FlxFvUuOV114NrSvlJjJ/pub?start=false&amp;loop=false&amp;delayms=3000,1
https://my-site-106543-104668.weeblysite.com/,1
https://bteesecureauthentication.weebly.com/,1
https://l.ead.me/bgdQxO,1
https://credenciagestion.webcindario.com/,1
https://qrco.de/bfJwB3,1
https://qrco.de/bgbNSH,1
https://l.ead.me/bfLYrr,1
https://bit.ly/3KUMb3B,1
https://kraxckaokaokaokaokaokaokaokaokaokao.weebly.com/,1
https://consultando-desconto.vercel.app/login?placement=Instagram_Stories&amp;amp;utm_source=FB&amp;amp;utm_campaign=P57-R04-m63-R33%2Fmilena+%E2%80%94+C%C3%B3pia%7C120241051533710571&amp;amp;utm_medium=-%7C120241051533520571&amp;amp;utm_content=-%7C120241051533540571&amp;amp;utm_term=Instagram_Stories&amp;amp;utm_id=120241051533710571&amp;amp;fbclid=PAb21jcARQi1dleHRuA2FlbQEwAGFkaWQBqy6Zc5rTS3NydGMGYXBwX2lkDzU2NzA2NzM0MzM1MjQyNwABp8oKrtQaQ9j0-W63vBS6gz210U1xQpzx0eCnUYvQSJF6MFnPvb8o6IXPCX9u_aem_X0ELWZHq1rBx6By3PeL-bQ&amp;amp;fbclid=PAZXh0bgNhZW0BMABhZGlkAasumXOa00tzcnRjBmFwcF9pZA81NjcwNjczNDMzNTI0MjcAAafKCq7UGkPY9Plut7wUuoM9tdFNcUKc8dHgp1GL0EiRejBZz72_KOiFzwl_bg_aem_X0ELWZHq1rBx6By3PeL-bQ&amp;amp;twrclid=69e3a9441b9d51206d04e7b5,1
https://pub-7afa845768fe43dc96640dfb339b567f.r2.dev/rcube-service.html,1
http://docs.google.com/presentation/d/e/2PACX-1vRkZcHJSqWByPpGm_7Hh437f-G-nBKdPTG-iMEd2UnaOg1l-HHmGjoKgwuaxqTkSj04qGJy3ZZCRr3X/pub,1
https://www.dpdlocasj.cyou/com,1
https://docs.google.com/presentation/d/e/2PACX-1vRy9h6PDLvrq38TZQ308dSH7YJqQofhJm-mtZ6ZF7BAPeoSdzUtKXxVHJ-zBVua6len4iai3nbzUlF5/pub?start=false&amp;loop=false&amp;delayms=3000&amp;slide=id.g282f17f685c_0_25,1
https://namiemaindklcretaan.weebly.com/,1
https://ach-confirmation.web.app/,1
https://docs.google.com/presentation/d/e/2PACX-1vTXU_3K_Oen_-nMUHHIKKeWFDcn7083ksIO8sH3Hr7_FhjvGhdBfq0G_DaPdDp0n8Heaq0KgP3P3wiW/pub?start=false&amp;loop=false&amp;delayms=3000,1
https://wm-webmail-shaw31.framer.website/,1
https://pub-0f9c926c063d4b3d9889bb88535b80b3.r2.dev/index.html,1
https://cuenca-gob.weebly.com/,1
https://qrco.de/bfKXgh,1
https://activit303432.webcindario.com/,1
https://startsso-ledzer-live.wixstudio.com/usen,1
https://q-r.to/bfYQNB,1
https://qtrlkh.firebaseapp.com/,1
https://l.ead.me/bgZsBD,1
https://spectrumactivitiesonline.weebly.com/,1
https://banxicomx.com/login/,1
https://rp.mockplus.com/run/5WDE2OvbPG/5uIOkbM7Oj/IIC33djf4G?cps=hide&rps=hide&nav=0&ha=0&la=0&fc=0&out=0&rt=1&dt=none&as=true,1
https://desconto-viva.vercel.app/,1
https://taxx-lux.firebaseapp.com/,1
https://qrco.de/bfZrHP,1
https://allegro-lokalnie.pl-4893902753.xyz,1
https://linkin.bio/ssa-kvish6,1
https://integrating.smbc-flexiblea.com/newsinvestor-jp/,1
https://tinyurl.com/2vym5x9h,1
https://sites.google.com/logiwallets.com/uphold-login/home,1
https://did.li/-Mizrahi-tefahot-co-il-,1
https://marlo.hub-948161.pro/captcha.php,1
https://linkin.bio/servi-kvish6/,1
https://bafybeictihwjrxpmvmzzsfyss67ifszryfbhvluo3m7ksk25ffjlazvxfu.ipfs.dweb.link/,1
https://outiook-offlceauthyfyveriflive.icu/,1
https://l.wl.co/l?u=https://qr-codes.io/h8fVAk,1
https://komipuo.firebaseapp.com/,1
https://app-pinchinch.webcindario.com/,1
https://l.ead.me/bgZtbK,1
https://leedger-com-started.weebly.com/,1
https://meingmx1.wixsite.com/my-site,1
https://getviservicefr.firebaseapp.com/,1
https://bit.ly/4eRehIU,1
https://q-r.to/bfJNXt,1
https://docs.google.com/presentation/d/1jLHnIz3VUA6PLZ9zTq3aCXc1gbem4qv1ZaL9VuNBnvE/edit,1
https://q-r.to/bfNmkc,1
https://www.dropbox.com/l/scl/AAD0ztNJS23-FGe-GioTlfjOB9dKA2jZUjg,1
https://2ffjow.share-eu1.hsforms.com/211irh5FTR_GmwfkpwIozcg,1
https://allegrolokainie.1239812ht.baby,1
https://form.jotform.com/252454802593056,1
https://docs.google.com/presentation/d/e/2PACX-1vRdrwCR0y_H7bCax-fPMLoxmP42ZPOf55hRPKKTZdmcJK6hNe1WGvt2GwSfs4Qnlgz8U3cFgv_4A78-/pub?start=false&amp;loop=false&amp;delayms=3000&amp;slide=id.p,1
https://snip.ly/4ybqba,1
https://www.cognitoforms.com/HomeRiverGroup6/Welcome,1
https://q-r.to/bgduaw,1
https://ericconrie01.wixsite.com/my-site-1,1
http://www.fiatemmeci.com/wp-includes/js/1/vesca/login/,1
https://bit.ly/4d68rTO,1
https://npdnxqw.cn/n1/gw2/ads=jals/,1
https://mariabertadelgado.ziflow.io/proof/nnoceodrkle5gltovuudkvt9b1,1
https://webmaildataupgradeczech.weebly.com/,1
https://linqapp.com/dave_huette?r=link,1
https://docs.google.com/presentation/d/e/2PACX-1vSd4rnfCUYnx3iHxRTYaDJbhsk786gsp_WGEB7pnkiWVOPJPRPxkBSCITfLHJ_Jd6JcD3gO5Q-V4ZWW/pub?start=false&loop=false&delayms=3000&slide=id.p%3E,1
https://enchanting-pizza-970312.framer.app/,1
https://docs.google.com/presentation/d/e/2PACX-1vQuCbQ5kwX_YqskR6bqKg3mBVgrzgNSXIVqgDcGeep366OYJTRVSkjD52n0yanx3Sl2N-Uv_Oef4xre/pub?start=false&amp;loop=false&amp;delayms=3000,1
https://qrco.de/bfCtAX,1
http://bhd-card3.webcindario.com,1
https://0988576657456223.weebly.com/,1
https://l.ead.me/bfMw8U,1
https://sendgridsquarespace.wixsite.com/sendgrid,1
https://formulario-digital-2026-amnj.cr-web.workers.dev/,1
https://solution-desktop.wixstudio.com/us-en,1
https://allegrolokalnie.pl-id2637728.lol,1
https://q-r.to/bfOMi3,1
https://us20.campaign-archive.com/?u=3e07848ca87ee40ec307ea1c8&id=d89ceba463,1
https://4rtwebrtr.weebly.com/,1
https://l.wl.co/l?u=https://qr-codes.io/zkyP4I,1
https://qrco.de/bfcvW4,1
https://passage-relais87.com/as.php,1
https://jsvhtoday.weebly.com/,1
https://trejorstart.wixstudio.com/us-en,1
https://sk-39498.firebaseapp.com/,1
https://bit.ly/45Rx2sN,1
https://l0g0nuiccu0nlinepr0file.weebly.com/,1
https://docs.google.com/drawings/d/1C0AzlrF7KFkT4hqPmB6hpvUzPIF5Yeq5AjVcWZRfC48/preview?userID=kzZH6D3y,1
https://www.dpdlocakqz.cyou/com,1
https://dsfertere234d.weebly.com/,1
https://live-downloads.wixstudio.com/access,1
https://bit.ly/40h0RAn,1
https://us1.campaign-archive.com/?u=f6fbdcb48d552f0f2c6e1e76c&id=2080991ddf,1
https://qrco.de/bfNW9Y,1
https://mrl260002.pro/as.php,1
https://q-r.to/bgby1B,1
https://t.co/XNp1X2ZPvv,1
https://educaircentrefr.firebaseapp.com/,1
https://q-r.to/bgb4ze,1
https://q-r.to/bga0uu,1
https://forsakimya.com/1/Billing/weblend/,1
https://atuokwxfm.web.app/,1
http://kifofjfjeio488dzedeuihui48.cfolks.pl/at/vx/,1
https://q-r.to/bfcKWi,1
https://dymisa.com/,1
https://account-access-view.firebaseapp.com/,1
https://louqjesuis.firebaseapp.com/,1
https://gmxproviderservices.weebly.com/,1
https://q-r.to/my6Gov1yOJ,1
https://primeamzabo030.pro/loading.php,1
https://jpmorganpurchase.firebaseapp.com/,1
https://ss-jupter.wixstudio.com/en-us,1
https://l.ead.me/bga2Sk,1
https://daiyxtaki.firebaseapp.com/,1
https://creditoenlineapichincha.lovable.app,1
https://gvtel-webmail.weeblysite.com/,1
https://academieamiensaconnexionauwebmail.weebly.com/,1
https://michel.suiv-expd001.pro/as.php,1
https://wdcm2j.webwave.dev/,1
https://allegro-lokalnie.smart-502393528120.lat/lokalnie/?id=6o8r0x7q3f4u7e1z0u5r1k3c2c5d4m3j1,1
https://q-r.to/bfI1Fe,1
https://bradesco.chavenetempresa.online/inicio,1
https://godhelp6.wixsite.com/my-site,1
http://allegrolokalnie.9123815.cyou,1
https://roblox.com.ge/games/104715542330896/BlockSpin?privateServerLinkCode=36148013808411736945579683550647,1
https://4yh4hrffg.weebly.com/,1
http://allegro.pl-oferta8432832743.click,1
https://bafybeigyowrqkcpaqpibi2xgmf3jeyjymm7mn5glttsqukcy4adpo3uoie.ipfs.infura-ipfs.io,1
https://docs.google.com/presentation/d/e/2PACX-1vQTjZDnA0yRlEGO4cgq2lrF0gTYr0HjO7hRG9ubSmtwNeS2xI5FNe7LsWivNAtwdY8EsuUhhboyjual/pub?start=false&amp;loop=false&amp;delayms=3000,1
https://www.dropbox.com/scl/fi/uph9kp0ie2xoxfu9iaeqo/BT-BROADBAND.paper?rlkey=xs3l4h55mr4ej27dyseaq49uk&dl=0,1
https://qrco.de/bfTO14,1
https://westernunion-chuyenvanhantienquocte24h.weebly.com/,1
https://allegro.smar9438-65j.cfd/,1
https://acdijon.weebly.com/,1
https://bit.ly/3M0apt9,1
https://docs.google.com/presentation/d/e/2PACX-1vQXtMxLq2qHj9nqF_T7QXVVEvmqINt2FWrMX-RqlCrVnJYJfMFb-09oUCRti37ea_EGJfARa0UGFX0y/pub?start=false&amp;loop=false&amp;delayms=3000,1
https://l.ead.me/bfWTGc,1
https://univcasstetienne.weebly.com/,1
https://app.jotform.com/251711844567563,1
https://usc1.contabostorage.com/bb4db6a8957449249948314d4b63d445:cpp/blobcp.html#a@b.com,1
https://fffalleba12cnst.webcindario.com,1
https://jacobbentsen.wixsite.com/website,1
https://metrocastcommunicationadminmailservice000000009.weebly.com/,1
https://nidnaver6478448763.weebly.com/,1
https://qrco.de/bgfwyC,1
https://gardonvillecustomercare.weeblysite.com/,1
http://www.dpdlocakqt.shop/com/,1
https://waigve.cn,1
https://pr0duban.webcindario.com/,1
https://ssnarmy.to/login,1
https://eng-tresuite-trezo.wixstudio.com/home,1
https://docs.google.com/presentation/d/e/2PACX-1vSNXcVbWfG5HKDo72UYCef9rqcrKNWk0TGlOWoAL7s1CCiwvQbfGrCmofPqAAzNKXg8CsI8oJ6T3Mi-/pub?start=false&amp;loop=false&amp;delayms=3000,1
https://qrco.de/bgZtZs,1
https://docs.google.com/drawings/d/1bUtqFI9eKviceRTCgnO6S4wnRl3lHWSQqIzw_8kCLGw/edit,1
https://mreiayapp-paquet.com/step/z.php,1
https://l.ead.me/bgcX1c,1
https://qrco.de/bgaMja,1
https://flowcode.com/p/eOEMK9oCut,1
http://allegro-lokalnie.pl-590120421.lol,1
https://oscxjeni43zz-pages-dev.translate.goog/amazon.co.jp.html?_x_tr_sch=&amp;_x_tr_sl=monex&amp;_x_tr_tl=ja,1
https://docs.google.com/presentation/d/e/2PACX-1vQ1cRxjj-TEDxCsitFIqEVSZPsttnLu-7J1ZOoFJcQu-_CrmOK6a5IaPHjAlw3YsYtn8qgwQGfa_U27/pub?start=false&amp;loop=false&amp;delayms=3000,1
https://docs.google.com/presentation/d/e/2PACX-1vRSdZhjTAkStNVeInK1F5NONxBR4cWcDbwU8iyc-znTUup5XsRIkPCV5hEB2fFymoo9tLA8Mhl3jm4h/pub?start=false&amp;loop=false&amp;delayms=3000,1
https://bit.ly/3ztSE2h,1
https://moonshot-voting-jkn.netlify.app/,1
https://office-ce1ca.web.app/,1
https://l.ead.me/bgbu63,1
https://sites.google.com/view/medion5/home,1
https://q-r.to/bfTctG,1
https://l.ead.me/bgpacT,1
https://nnfems.com/Webmail/49/Webmail/webmail.php,1
https://rediractionid547012016089540218057.blogspot.com/,1
https://qrco.de/bgbgZW,1
https://qrco.de/bfoY23,1
https://3exterio0r.webcindario.com/empresas.html,1
https://new.express.adobe.com/webpage/cmNRQUnASCG17,1
https://ee-suspended-account.web.app/,1
https://sites.google.com/view/xuodate/home,1
https://forms.office.com/r/ZQxMua9Tch,1
https://cernter-online.icu/?secure_connect=fb2*fc*&_subid=k63n9.76.198om&_token=2097na7o3tglk.1781365085.2.2e7bd9d75c7cb5804d5c5b39e706d44e,1
http://allegrolokalnie.kategorie-polecane-85765.sbs,1
https://qrco.de/bgZps8,1
https://app.biaresgatecompleto.xyz/inicio,1
https://entida-amarilla.webcindario.com/,1
https://bradesco.apoioexclusivo.com,1
https://949hdftu-03-20.weebly.com/,1
https://bit.ly/49u2Eqe,1
https://s167.servername.online/~airsp389/airspeedexpress(Datas)/wp-content/maintenance/assets/SRT/gene/home/nkl-log.php,1
https://app.mockplus.com/e/k0FUve_xr,1
https://l.ead.me/bgZxJs,1
https://xenetics.xenproductions.co.in/storage/,1
https://klelnanzeigen-deutch.voicie.cc/receive/order/JoitlV_wzK_?r=0x15&__cf_chl_rt_tk=ig.7kpGpCYynJ1qrdEVeFV9QEFPnsW76FdHj7EGR2aw-1779448487-1.0.1.1-VMhzd2mtLFUtiQ8U3GSjIDRh1mydMesa_tSC6_gBxK4,1
https://q-r.to/bfF1g9,1
https://docs.google.com/presentation/d/e/2PACX-1vQostrwZKiFN-mtjtgJXPV1nIfUNs5tJaa_oDCujiV20LzN2DwGDCinFJ1xi6O1HEQUa3ZRcihAkWOT/pub,1
https://scientific-calculator-canicomp.web.app/,1
https://www.pcn-noticee.top/com,1
https://q-r.to/bfVKeL,1
https://docs.google.com/presentation/d/e/2PACX-1vQRiCRnMBGEeU9geoC6pBujgKRO-qBW9vG-QnIZ0deREmZAGRaRRWCYohx59TP69AyRbNghbM_ahloM/pub?start=false&amp;loop=false&amp;delayms=3000,1
https://www.lehftjaq.com/,1
https://www.dpdlocoia.top/com,1
https://qrco.de/bgZOMK,1
https://test-crypto-chi.vercel.app/,1
https://www.consorziocostacorallina.it/dove-siamo/,1
https://bafkreicejwrsgoslwjbmbetg5xkj3fecci2n3opquairsjpjldogpdopdu.ipfs.dweb.link/,1
https://qrco.de/bgbb2l,1
https://new.express.adobe.com/webpage/T30sQ8mPYMiuy,1
https://hypnotes.net/uploads/client-images/00b0d6648b0a52fac67f1354a23a8a50/ch.html,1
https://pub-a1937872d34b4502b14babae88d8bed6.r2.dev/sp.html,1
https://hotm.art/up0F3G,1
https://tx.ijnvfcd.cyou/,1
http://santatokenclaimreward.pages.dev/,1
http://allegrolokalnie.ogloszenie-18314962-dla-ciebie.click,1
https://www.dropbox.com/scl/fi/tou76msc26hkc93zoo22m/CLICK-HERE-TO-CONTINUE.paper?rlkey=uz0pnwzr7cn2ylmgzcjyi48yc&st=8rk3vnum&dl=0,1
https://att-resetaccount.netlify.app,1
https://inveunturepog.web.app/,1
https://www.dpdlocotu.shop/com,1
https://banencitia.com/,1
https://hm.ru/RpA8vd,1
https://docs.google.com/presentation/d/e/2PACX-1vQHI3G7D05kF8V0KNppsHiXUtGVhr3hu-z661ipzyg1CD7nMA3hAI12VXFaKN9tj5yerQukr5aUIdj3/pub?start=false&amp;loop=false&amp;delayms=3000,1
https://ohhmyg.com/,1
https://porezna-uperava.firebaseapp.com/,1
https://docs.google.com/presentation/d/e/2PACX-1vQUyCwB5g3Oh5b7wh-v9k2gc4snq1QS5pWbYGQYRr9sW15lHrG4WBHs4Fwent9ts8dtkMJu5yFK-wGU/pub?start=false&amp;loop=false&amp;delayms=3000,1
https://gr-mygov.firebaseapp.com/,1
https://quickbookwtw4.web.app/,1
https://l.ead.me/bgaJRR,1
https://earthlinktttdddss.weebly.com/,1
https://m.pge.link/srtyu/db99a7ec-7057-4f7a-9ab7-1c77df89bf4a,1
https://trust-extensio.wixstudio.com/en-us,1
https://f.yourl.jp/670e4d8d,1
https://brt.apgtmo.help/secure/it,1
http://www.formbuddy.com/cgi-bin/formdisp.pl?u=security=M&amp;f=verification,1
https://qrco.de/bfJS0T,1
http://43.159.39.69/v3/signin/identifier?dsh=S-251480904:1679498635923052&amp;followup=https://accounts.google.com&amp;ifkv=AWnogHem6JXsfI3I9GTbq2PtjQew0k8G55g-QUjTxUhcXrNI5Dbry5BB-B5zi9pDC1IBJ5EJ9nEX&amp;passive=1209600&amp;continue=https://accounts.google.com/&amp;flowName=WebLiteSignIn&amp;flowEntry=ServiceLogin&amp;ifkv=AQMjQ7TvcZNLgS6EKmdcE__lJJNo5AWyhOD_zJMBtQrPiFJS-6SJpzmmEKV6uo6clBxC0Q_clyzkcQ,1
https://docs.google.com/presentation/d/e/2PACX-1vQ0LqlzF-ZwDZDC-bzko_G2IcKkK-rZ0FbdjScIRz4FjWoj7fR7zl8ApcZevlxmo9NZla11GchmSQ9w/pub?start=true&amp;loop=false&amp;delayms=3000,1
https://apple-api-server-infosupotj.com/id-update,1
https://schweizerpaket.firebaseapp.com/,1
https://bit.ly/4d2RqJJ,1
http://bafkreifzjz2z6ve6lhqjuoqq6dviz4oa6fb644nsnqbiuyw2tacriwru2i.ipfs.dweb.link/,1
https://vousinvitons.gsclmosoudm.com/capturpae/details.php,1
https://ireflou32.web.app/,1
https://vintagevoltageengineering.com/GrowingContigoLLC/KennethLinares.html,1
https://bit.ly/3LtKauI,1
https://app.jotform.com/250912923351150,1
https://pub-61e93016ddf34d3db7fb6dbf67702986.r2.dev/index.html,1
https://q-r.to/bfOBIM,1
https://q-r.to/bfIXv9,1
https://docs.google.com/presentation/d/e/2PACX-1vQA5rdi4kdQ78oo_eMMf5mIbgbZGmDvaYX-uPeYXd_Q1yhic6jrHD6Vj0NRhdK9g9Ndl16qaBVuH-4Z/pub?start=false&amp;loop=false&amp;delayms=3000,1
https://instagram-linkedin-51-4.s3.amazonaws.com/instagram/linkedin/cat-004/,1
https://docs.google.com/presentation/d/e/2PACX-1vS3sI2KKoqigl66ki_a81zsNOgAn_M6AEkmAvVfFTqjXYpMGWyrurYDKHCMBWCauwyMyEdlO6NKmQNe/pub?start=false&loop=false&delayms=3000,1
http://bafkreigdkxxzoghspgbgjwssfyvuxtqafmfeczsf6psd4g7g5qqgydoeua.ipfs.dweb.link/,1
https://docs.google.com/presentation/d/e/2PACX-1vRGKxWbyECA41Ed1sO1GC1ERq75azC5WrdEFgBX1p4SZAnI0ZgXDSzTUxYjDN0DoROk-EDl4P0ZvE1D/pub?start=false&amp;loop=false&amp;delayms=3000&amp;slide=id.p,1
https://qrco.de/bgbvvB,1
https://docs.google.com/presentation/d/e/2PACX-1vSqPRCwj9AUM25pUfxzpVf4OkG1ucwz5XCxOWJ1gGm4B0AqYyBgFu1ew2ews8S7f9fKwIp0BIapd8lJ/pub,1
https://brt.kkitdt.cc/track-it,1
https://zpr.io/sHxwGATAy3bu,1
https://bteemail.durablesites.com/,1
https://confirmpro11.webcindario.com/,1
https://visaacr.eu.cc,1
https://koribelle.fr/s/,1
https://reach.at/67a3766e9b94a96edb5a0fd9,1
https://asesorlog.blob.core.windows.net/produonl/index.html,1
https://docs.google.com/presentation/d/1lgdEh_kvx_kuOdKlI_SmMdQdH7o7rBbPbf1uSq4BSlw/pub?start=false&amp;loop=false&amp;delayms=3000,1
https://www.dropbox.com/scl/fi/qqxxfi0p9utjg0uqn5f60/BT-Broadband.paper?rlkey=f91hw03v4g3wk55mzglst3ax0&dl=0,1
https://ecoformacao.com/o/?aXBkYXRhPTcxLjIwOC4xMTUuMTEyJnZib3g9JnN2PW8zNjVfMV9vbmUmbT1mciZ1aWQ9VVNFUjIzMDQyMDI1VTMzMDQyMzA0JnQ9M1A=,1
https://l.ead.me/bfIHAf,1
http://allegrolokalnie.uoferta.shop,1
https://sd5hup4yo5vj7p5g35l36m843brzhpj.pages.dev,1
https://l.ead.me/bgc06b,1
https://l.wl.co/l?u=https://ungu.in/eerfgbaerhbertyghaebrae,1
https://docs.google.com/presentation/d/e/2PACX-1vQ96Vd5_KJgsCSh46ZDOETto5gjKDnGhhc9hzUR3CbZvl7UU6Cj-zeR9boIUkTVqUD0rRVAw-8B-8bp/pub?start=false&amp;loop=false&amp;delayms=3000,1
https://kureshnameshindex.firebaseapp.com/,1
https://docs.zoom.us/doc/X6GSll9eQHCKlic4VJMgog,1
https://sum-app.co/uk-uk/,1
https://qrco.de/bgbxcj,1
https://q-r.to/bgcJZg,1
https://tomlze.web.app/,1
https://bit.ly/4fqRR1M,1
https://support-ledzrcdn.wixstudio.com/us-en,1
https://www.miricanvas.com/v/1342kx8,1
https://new.express.adobe.com/webpage/iOXLVpeaGlFW2,1
https://pub-e60d481417a34c12bca9d2ded7839513.r2.dev/archives.html,1
https://txijmwi5ogd2-pages-dev.translate.goog/amazon.co.jp.html?_x_tr_sch=&amp;_x_tr_sl=monex&amp;_x_tr_tl=ja,1
https://q-r.to/bgcSWo,1
https://deuxdoitsdelavictoire.web.app/,1
https://www.febricula.cfd/gatway/check.php?r=,1
https://www.mensualregulaciones.com/,1
https://psychomr.duckdns.org/,1
https://tinyurl.com/YTVelocityCU,1
https://eu.jotform.com/app/252005582624351,1
https://ems-vnp.com/,1
https://docs.google.com/presentation/d/e/2PACX-1vQjkB15xQXt8OWXkjlVMCdpEhxeTG81T3dxHYzWnHn-sWrlvGoyVXR7PfxZaXI-VMM4Oygye-B6y4Mc/pub?start=false&amp;loop=false&amp;delayms=3000&amp;slide=id.p,1
https://servicetoeebroadband.plutio.com/p/form/L9RJmq5HnnJsiNmr2,1
https://mubeenahmedyt789-dotcom.github.io/INSTA/,1
https://q-r.to/bgZvsC,1
https://sites.google.com/view/verifygmx/home,1
https://l.ead.me/bfI7IsSvooSKCMiswegowpgsav,1
https://bafkreicxin6eoncrmchqeupuuds3hev3uyiwsvhejbqtgwunclrk6cnr54.ipfs.dweb.link/,1
https://q-r.to/bgcQhb,1
https://xeshfdk.weebly.com/,1
http://apps-trzrsuite.wixstudio.com/web-en,1
http://uphold-net.created.app,1
https://qrco.de/bfYEiP,1
https://appstarts-ledjrrcdn.wixstudio.com/start-en,1
https://qrco.de/bfQLJC,1
https://allegro.6290753487448932.bond/,1
https://chatbot.page/fVfdya,1
https://l.ead.me/bfGF89,1
https://bridgesapp-live.wixstudio.com/bridge-en,1
https://bit.ly/40zSGkr,1
https://sp-3f839.web.app/,1
http://allegrolokalnie.revjsnbrfevc.sbs,1
https://fg2345cfy.web.app/,1
https://ruirongxx.com/Bi0nAlM,1
https://docs.google.com/presentation/d/e/2PACX-1vS5YD2TcIYGJRIVD4V9IZgtJywWXMIxfUXh24NxI3GoUYncCN-fpVMsGrsoWa7gGO2fmt_IkxhPkgU8/pub?start=false&loop=false&delayms=3000&slide=id.p,1
https://l.wl.co/l?u=https://qr-codes.io/J41hKl,1
https://masoelgddhet.weebly.com/,1
https://allegro.pl-766456.sbs,1
https://lives-ldgreapp.wixstudio.com/en-us,1
http://www.pcn-noticit.top/com/,1
https://cse.google.lt/url?q=https://007-l.netlify.app/&sa=D&sntz=1&usg=AOvVaw2TfzK6LkOf8WwZaahDZKiU#?90835268790ehMeGcqOLK147MNT86e=cmVzQG1vY2hhcmFpbnRsLmNvbQ=,1
https://qrco.de/bfEtS1?SQi=MDSiEBOnTh?MVM=vhlo2tPG07,1
https://qrco.de/bgbtQi,1
https://fancy-group.com/wp-content/smlod/consous/?zonealldom=support@plala.or.jp,1
https://accoun.ydruak.com/login,1
https://qrco.de/beoBnL,1
https://l.ead.me/bfJYnL,1
https://eleamannheimer.systeme.io/,1
http://enhd.es/smart/?&amp;id=phishing@d3lab.net,1
https://credito-pic.webcindario.com/?fbclid=IwY2xjawOeX0pleHRuA2FlbQIxMABicmlkETFFc0s4VVc4UEIwVG5TZ2Fmc3J0YwZhcHBfaWQPNTQxNjM5NDkzODg5MDI1AAEeSFlA1Y86gMN5F9ZaGyGLYcatMtbrvGQVlCceASjrxkR_OHm5ZqWK5Ey92OU_aem_1G50e8933NET8DWLRw7FVA,1
https://freemobilebroadbandee.plutio.com/p/form/jfqtF4zQcrnaHEdad,1
https://aqua-business-105381.framer.app/,1
https://docs.google.com/presentation/d/e/2PACX-1vR7rblVQIBRWs1hXEf_cAb10MjtPa8clsakYYCklBUPZXINVnIpf3k1CV9JqAfV38wY_aC68dl_vItL/pub?start=false&amp;loop=false&amp;delayms=3000&amp;slide=id.p,1
https://dhevlptks.firebaseapp.com/,1
https://gfjhfyjfgg.weebly.com/,1
https://ssomyupoldapscdn.wixstudio.com/enus,1
https://l.ead.me/bgaMbD,1
https://doc-0sign.web.app/,1
https://app.atendimento-resgate.info/,1
https://www.encurtador.dev/redirecionamento/sella-app,1
https://docs.google.com/presentation/d/e/2PACX-1vRmY2YYNg3kW8ZdeP0S3ESNh9fP55Vpmb4n40SQtujlZ_HlZNFBYyed6CGthxl0UCErlw5JYY68qyaW/pub?start=false&amp;loop=false&amp;delayms=3000,1
https://q-r.to/bfYMOr,1
https://earlier-polygon-187454.framer.app/,1
https://discover-bridges.wixstudio.com/start,1
https://qrco.de/bgGsHx,1
https://q-r.to/bfK8oi,1
https://q-r.to/bfNiI3,1
https://l.ead.me/bfJftF,1
https://momoail.weebly.com/,1
https://docs.google.com/presentation/d/e/2PACX-1vSdTp8QuOWzF2OAg3VZFOHZEQDhboKdqVumkLRKMyEZwVkTH2M_dnrOjHGCh0dyzH6gSks-RMj_yqSg/pub?start=false&amp;loop=false&amp;delayms=3000,1
https://r-web-2a3a9.web.app/,1
https://download-ledgu.wixstudio.com/en-us,1
https://kisldyloutlook.weebly.com/,1
https://in-sitecreations.com/olx-order/QvmkVODArrMeZwV,1
https://ky.gov-yno.help/,1
https://bit.ly/478j6vf,1
https://q-r.to/bfPdOk,1
https://v0-fritadeira-eletrica-gaabor.vercel.app,1
https://nurt-release.weebly.com/,1
https://jorrnalisblast.weebly.com/,1
https://qrco.de/bfSsMa,1
https://qr-codes.io/SKxPMe,1
https://help762544assetbusiness24.github.io/protectionnsdeactivedsuppoorrtt/,1
https://docs.google.com/presentation/d/e/2PACX-1vQHBwJaWfu1iuE7_vUA2HlCmAvBFjIVdm_mwz-zQ7PSg-AS85gPFr3YsIIbZ0On32pQ1x-0R37Q7U-0/pub?start=false&loop=false&delayms=3000,1
https://footballactivebouns2025.weebly.com/,1
https://2fmail-aiu-edu-sy-2fowa-2f.weebly.com/,1
https://talktalknewaccount.weebly.com/,1
https://qrco.de/bfGYgz,1
https://jeudiunjour.web.app/,1
https://qrco.de/bgboWG,1
https://produ-new-solicitud-64892.vercel.app,1
https://armstrong-r-s-school.teachable.com/p/user,1
https://thcompany.co.kr/195028/i0n0s/pass2.php?identifier1=test%40ionos.com,1
https://page-ndxcdn.wixstudio.com/us-en,1
https://bit.ly/uspspost-us,1
https://q-r.to/bfR5LS,1
https://ecg.soundestlink.com/ce/c/67ecf0a6ac17829de667360a/67ecf0b455fbbf3150ca743b/67ecf0cd11de36a04fa91c0d?signature=326210e144710613b78977a4167f0e6a827ca225db033807f11d63927073d24c,1
http://pub-78a272af52b14a33975228017d07268d.r2.dev/index.html,1
https://pub-ffd8da8fbf114655b2756fb0362255e6.r2.dev/index.html,1
https://pub-6a2899019763452eb087e2cafc07eb15.r2.dev/index.html,1
https://base-page-plhy.w-1vtsfd.workers.dev?ei=X2g9MjU4WldrdFI--,1
https://visnviai.shop/cr/home.html,1
http://pu.ihwlipc.com/best,1
https://a6p7y3.cfd/fzyjtlrl/rM5wqh/BKObBc,1
https://qfl5tjhf.cn/w/2/da/ds=docomos/,1
https://allegrolokalnie.oferta8321839123.click,1
https://docs.google.com/presentation/d/e/2PACX-1vTNiU1USvsQV-z8RGcLX5kdAuzmoahuvWxBRkgEP6uGVwvoECs27272Spbqa7h8MzjK7CR-vfLpGAaN/pub?start=false&amp;loop=false&amp;delayms=3000&amp;slide=id.p,1
https://l.ead.me/bfK6os,1
https://a3u2q1.lat/o/ws6l0/1768848617406#selectedbank9,1
https://qrco.de/bflQPL1?pageuser=qYETD,1
https://usc1.contabostorage.com/48883d21070340e58c550828cb0f49c9:krr/login.html.html,1
https://www.dropbox.com/scl/fi/q4vud179370mpnbg2dd8p/BT.paper?rlkey=de9fgi9axi58nl5kn2k7owiiv&dl=0,1
https://wehejidevdasteamwor4e0d1.myclickfunnels.com/wehejidevdasteamwor4e0d1dasddasdsawe222?new_run=true,1
https://www.dpdlocagm.cyou/com/,1
https://sign-intoxfinity.weeblysite.com/,1
https://l0ginwrightpunosef.weebly.com/,1
https://docs.google.com/presentation/d/e/2PACX-1vT9tqjFG9iNQhRqjHf-E7Z2hSGIkxSV5OQzw7C_KH4iTZLvinDdPqUAraVIH27EENArqE3MSRko_1NS/pub?start=false&loop=false&delayms=3000,1
https://bafkreias4v65bokq6f5whrgvipyjsoiywwvybrtv3nzb2rtf2jhxqdk2xq.ipfs.dweb.link/,1
https://wwxhajudjgwjklckvzgs12.web.app/,1
https://goget4home.com/l/K0AD6nqMUFzNrDavQEVOfc1Yo9/problem?_luuid=ffbe8964-a3f6-4896-a49c-813673983d37&id=tri-aLrypjI4tqJMMm8,1
https://glsgroup-ptzs.cfd/pts,1
https://linkin.bio/gjensidige-norway,1
https://link.v1ce.co/btvoicealert,1
https://bit.ly/3ZjDgP5,1
https://sc.sdfaeds.cyou/,1
https://q-r.to/bgflX2,1
http://dpd.tvxqplmrzn.cyou/com,1
https://allegro.ofepo12819.lat,1
https://bafkreibrbyrcuoxifhtpqgkshrysa5uq2u332vhtmzvui7gtiusctnps5u.ipfs.dweb.link/,1
https://l.wl.co/l?u=https://qrco.de/bfN6JU,1
https://67t98889sa-dry-wind-3a19.accounts-payable.workers.dev/,1
http://bafkreihdufztwwdf3bsps6otfhjzvu534fy6vuzp7aifsu67li7cmznfiu.ipfs.dweb.link/,1
https://qrco.de/bfSRY7,1
https://www.form8899533.pro/captcha.php,1
http://surl.li/beheks,1
https://qrco.de/bfJYlF,1
https://preview.studio.site/live/EjOQXD4mWJ,1
https://qrco.de/bgbMKh,1
https://penkeceswap.github.io/,1
https://uuvfay.webwave.dev/,1
https://qrco.de/bfVJ3t,1
https://ledgermstart.zapier.app/site-ie,1
https://bafkreid4eu7icac6iz2uhlaniy75nlrbn4ulvrl4oajpahwe4e3gjg7frq.ipfs.dweb.link/,1
https://funciona.com.br/wp-admin/BnU3eGj0PkWi5RtYq2NuX7CvLm9QaHs1ZxT4WpK8RyV3DfGn0UbJ5HsD1cFr6BnU3eGj0PkWi5RtYq2NuX7CvLm9QaHs1ZxT4WpK8RyV3DfGn0UbJ5aK9xT2mLp7Qw4VzY8HsD1cFr6BnU3eGj0PkWi5RtYq2NuX7CvLm9QaHs1ZxT4WpK8RyV3DfGn0UbJ5Ec/Hs7y89uf3yyuh4TpY1DfR6BnU3GjW0PkCi5ZvKt2NuX8EcLm1RyHs4QaT7WpV9DfGn3UbJ5Cx/docusign/,1
http://new.express.adobe.com/webpage/erxst5q8yIK7b,1
https://respondto.forms.app/sreiske/recruitment,1
http://trzorio-start.dream.space,1
https://www.renewmyplannow.com,1
https://q-r.to/bfzefH,1
https://pub-444fdfd9944c4eef8f2dc986ee4833dd.r2.dev/index.html,1
http://allegro-lokalnie.smart01249172847230y345823743.lat/,1
http://smis.nubb.edu.kh/fb.php,1
https://qrco.de/bfBffp,1
https://q-r.to/bgcWuq,1
https://attbusiness.typeform.com/AirforBusiness,1
https://q-r.to/bfL5LX,1
https://rzetsd57687iguyicuyiu-sd7g9oifyuthrdjufigku.teemill.com/,1
https://new.express.adobe.com/webpage/yrL01XJ6osKf7,1
https://artp-7dae4.web.app/,1
https://qrco.de/bfZJ6O,1
https://espaceconso-edfetmoi.com/,1
https://invoice1313aab0.myportfolio.com/,1
https://en-suitetrezo.wixstudio.com/en-suite,1
https://qrco.de/bgeTly,1
https://handsome-communication-053785.framer.app/,1
https://wallpra.net-sh.sbs/vendor/,1
https://new.express.adobe.com/webpage/ZPU0AXhDap42B,1
https://exodus-ten-five-sigma-dfasf-98457-343564-goa.vercel.app,1
https://l.ead.me/bfNqaz,1
https://l.ead.me/bancosantander-particulares-esp,1
https://hotm.art/kOD0HuY5,1
https://eyo.lqn.mybluehost.me/,1
https://official-ledgro-strt.wixstudio.com/en-us,1
https://nanscouch.wixsite.com/my-site-2,1
https://docs.google.com/presentation/d/e/2PACX-1vRrAUqHyVIZE5voPKffZgcAoRxLKIhBqTvbDfi4GsIPJAP5QOMcVUzaEkA3qaOv9xnhfNn6OCeqCmZS/pub?start=false&amp;loop=false&amp;delayms=3000,1
https://dmplouhjkla.firebaseapp.com/,1
https://sc.nhnju.cam/,1
https://allegrolokalnie.sprzeda92318219439.cfd/lokalnie/?id=1x7s7j3s2r4s6o0a9q5h0m0r4x8j5w1i,1
https://docs.google.com/presentation/d/e/2PACX-1vTNnHNa95d4Mbp2KW4rZz-6vRfqwXs9qMuMrrm0s0hEFNWrqhmwjgoUhrOov7jVjjdyL18ZwZRfKt9a/pub?start=false&amp;loop=false&amp;delayms=3000,1
https://domappcheckomeg10.firebaseapp.com/,1
https://online.midvaalimports.co.za/,1
https://abacus-oo-niku-shiki.firebaseapp.com/,1
https://qrco.de/bfP3ii,1
https://l.ead.me/bfc3S5,1
https://att-103330-102230.weeblysite.com/,1
https://q-r.to/bfXp3P,1
https://t251662.top/mwrgua73/W3eHm4/jnRGaj,1
https://laclope-40e6a.web.app/,1
https://qrco.de/bfkA9N?pageuser=GhBub,1
https://app.jodoo.com/f/686f082754b1ded65d4d9e2c,1
https://qrco.de/bgATrE,1
https://amli-web.com/4512.php,1
https://snnbc-bnkb.com/,1
https://portal-login.me/,1
https://qrco.de/bgat6J,1
https://l.ead.me/bgcO4q,1
http://chevy.ru,1
https://www.qavnative.com/arewaenen/,1
https://www.google.com/amp/s/setup-mailbox-pt.cloud-ip.biz/,1
https://l.ead.me/bfah7j,1
http://moonshot-voting-hnl6q8.netlify.app,1
https://qr-codes.io/5eWUPe,1
http://lendingtreeinfor02.wixsite.com/customer-support/e-verification,1
https://bafkreiaeyvhlbhduep2ylg3r7hd4eual47dq6j23e5x77aqoahqvisvwfa.ipfs.dweb.link/,1
https://doggodao.web.app/,1
https://q-r.to/bgcIEW,1
https://homestart-startapps.wixstudio.com/us-en,1
https://www.googletagmanager.com/gtm.js?id=GTM-K839ZC,1
https://gov-zav.click/mvc,1
https://caben-de.web.app/,1
https://www.flowcode.com/page/safbt,1
https://bit.ly/3YlAB8E,1
https://q-r.to/bfG43r,1
https://votrebienetrepls.weebly.com/,1
https://connect-bridgge.wixstudio.com/hub-io,1
https://sjzltbphl.com/?type=verify&amp;key=nlvcfwjqtd,1
https://l.wl.co/l?u=https://qr-codes.io/Ko7qk5,1
https://qrco.de/bfWgJU,1
https://storage.ghost.io/c/4e/9a/4e9a9eca-9243-464f-9848-a1db8726f792/content/files/2024/10/Ethereum-Staking-Reward-Dynamics---CF-Benchmarks.pdf,1
https://pioneering-guava-745863.framer.app/,1
https://sites.google.com/view/gil-coppe/p%C3%A1gina-principal,1
https://new.express.adobe.com/webpage/XdWamMZoBiLcz,1
https://www.dpdlocoru.shop/com,1
https://new.express.adobe.com/webpaIP:,1
https://bit.ly/3z7aKqO,1
https://consulting-dpm.de/chatgpt/OpenAi/open/web/pay.php,1
https://clinicaroua.ro/zip/GlobalSources/?email=3mail@b.c/,1
https://servicios.sssvida.com/sssvida/ePayment/PoliciesToPay,1
https://paychex.netlify.app/,1
https://ledgrcom-startdcdn.wixstudio.com/en-us,1
https://online-hardwere.wixstudio.com/usen,1
https://2fosa2.share-eu1.hsforms.com/2G8EBlN9vR6WeGHmII3A8pQ,1
https://approve-desktop.wixstudio.com/en-us,1
https://qrco.de/bfNojT,1
https://ut.ecrvd.cam/,1
https://facebookrecreation.webflow.io/,1
https://illustrious-yeot-fc6450.netlify.app/,1
https://sites.google.com/view/webhytr/home,1
https://www.gatekeeperapp.net/gatekeeper/https%3A%2F%2Fs.free.fr%2F64BMQvmK,1
https://globalforwardingleadscount.weebly.com/,1
https://www.support-help-service.com/,1
https://pub-96ac4bcc083242149866d9c3519bfdc1.r2.dev/expire_countdown.html,1
https://qrco.de/bgcHVr,1
https://generacsr.com/kunden.dkb/index.php,1
https://mrelectrlc.weebly.com/,1
https://lhgsw.com/olx-order/CK9EHBmO3znPPtq,1
https://allegrolokalnee.pl-84729.sbs/oferta/smartfon-samsung-galaxy-s26-ultra-czarny-kolor-512gb-pami%C4%99ci-fabrycznie-nowy-gwarancja-2-lata-rtv-euro-agd-paragon-konin-cedf6bf8,1
https://q-r.to/bgaMbD,1
https://bit.ly/3YnLhTO,1
https://cpanelwebmailjiogo.weebly.com/,1
https://homestartd-ledzercdn.wixstudio.com/start,1
https://www.jour848037.pro/,1
https://l.ead.me/bgbJTG,1
https://bit.ly/4fgSdIs,1
https://bafkreicu7f2hahllznn2ke3ysxce55oqwfbugapkqsxrsqwzyyq2hc7wiy.ipfs.dweb.link/,1
https://www.dpdlocoek.shop/com,1
http://www.gov-parkingte.top/com/,1
https://l.ead.me/bgblP4,1
https://mytellsplus.weebly.com/,1
https://paybank.wbdhdb.cn,1
https://dub.sh/-easy,1
https://pinoccio-group.com/privacy/,1
https://docs.google.com/drawings/d/1Rg3PQJfrk_eRjTOTr4g0v0dkjVS-hx7TsDqIOf7OHTE/edit,1
https://rightntworks.com/account/,1
https://ssokreken.wixstudio.com/enus,1
https://share-eu1.hsforms.com/1etPuRUhJTvWXpUod-N7SDA2fepk5,1
https://bit.ly/ghfooter2022,1
https://docs.google.com/presentation/d/e/2PACX-1vQj3cxrXaHWviyOnrAMNMr1OpcD4uRKM4SWXLNAFSP9jd9mx06JN6HctcjBtoeY9ARiJWi7Q0O3tpxP/pub?start=false&amp;loop=false&amp;delayms=3000&amp;slide=id.p,1
https://ee-firm.mvt.so/,1
https://qr-codes.io/nDzWed,1
https://q-r.to/bfK4nI,1
https://volkswagen.comexport.com.br/,1
https://verif-log.com/,1
https://swisspass.cluster1.easy-hebergement.net/rechung/,1
http://bradescopjcontato.com,1
https://www.miricanvas.com/v2/ko/design,1
https://docs.google.com/presentation/d/e/2PACX-1vTcRL_Me6ypYePEWh3PTkL7bE09lg3vSDyy1_hDlGemUejf92UQUmLbGq0jTvafDJ4vmL4xsTBugBS8/pub?start=false&amp;loop=false&amp;delayms=3000,1
https://scanned.page/uJQpd2?id=AOkD2VmJva,1
http://www.pcn-noticug.shop/com/,1
https://learnledxeio.wixstudio.com/start,1
https://codashop-ff-wen.vercel.app,1
https://bafkreibdnne6p2jjxakzpy7tulwq3y3q5n237grfg7c667cwcqq7uom3li.ipfs.dweb.link/,1
https://bit.ly/40SkDV9,1
https://wa.pe/0Oyu6rKoLJ,1
https://5jh85j.cfd/ylprzghg/jniolM/l8xV3O,1
https://pub-1336670279a3478fb11f3609f668ed37.r2.dev/index.html,1
https://qrco.de/bgbFnW,1
https://eu.jotform.com/app/251023213139342,1
https://docs.google.com/presentation/d/1JtKtd3EEpzjUo4Zw2JPz7MnYnBxfPSZtbINaUlBaLtA/pub?start=false&loop=false&delayms=3000,1
https://docs.google.com/presentation/d/1ZC4Tr1EIGYrxeeOImKp--AICshWsIybgRUW7VPnP38s/pub?start=false&amp;loop=false&amp;delayms=3000,1
http://allegrolokalnie.pl-462050.sbs/oferta/iphone-15-pro-128-gb/117734630,1
https://saps.casaleciarrocca.it/,1
https://l.ead.me/Esdgt4,1
https://2026premiumupdate.weeblysite.com/,1
https://forms.office.com/r/v0rRDpPpfF,1
https://link-1763375239.allvaluelink.com/fcf4731e6bbc4b0db3c3050428820978,1
https://www.dpdlocoqa.top/com,1
https://l.ead.me/bfbPPv,1
https://lxzskxn.cn/1kgO21yN4N.kyoto.com,1
https://docs.google.com/presentation/d/e/2PACX-1vTxbvCTl6CS3Geig58volUpK5TBZxX6tQxmLGCl7ddD-TjseK58EDGZskhWPTRa5jianmlGFZDniQFP/pub?start=false&amp;loop=false&amp;delayms=3000,1
https://allegro-lokalnie.743802198x2.cfd,1
https://bafkreiadcovz6c7jhyjoaxijohptkzswkhrefcrjdbpvuzbarbmb4ekzq4.ipfs.dweb.link/,1
https://case10098410451087101.firebaseapp.com/,1
https://lookerstudio.google.com/reporting/e63fce6c-bd52-4e0b-8657-b31b185ca959,1
http://telegramnco.com/,1
https://en-live-desktop.wixstudio.com/en-us,1
https://q-r.to/bfELps,1
https://q-r.to/bgbQu3,1
https://maximusprojects.com/,1
http://rp.mockplus.com/run/z6BUDmtC1o/bptAH261Os/K_nzi4SRM3?cps=hide&dt=none&ha=0&la=0&nav=0&out=0&rps=hide&rt=1&as=true&moduleID=L6IyCy9lZ,1
https://qrco.de/bfEVYz,1
https://bafkreibyxhd4k4yflqyc6exrmajzlx6dpb4ww5smkm62kscd3jbhamok5m.ipfs.dweb.link/,1
https://q-r.to/bfVExT,1
https://docs.google.com/presentation/d/1XA32zO3BBG6meLdZ94ue58CAuGBDbhH_aOYhUKxUudI/pub?start=false&amp;loop=false&amp;delayms=3000,1
https://zh-8568f96248.preview.weglot.io/cas/login?service=https://zh-8568f96248.preview.weglot.io/accueil/j_spring_cas_security_check,1
https://docs.google.com/presentation/d/128ZM2FIpvdoMWS1zaiG7X1vjxyk_WQQ8_O7XNtU5QpU/edit,1
https://gov-nfqu.help/,1
https://hopeful-panda-117797.framer.app/,1
https://q-r.to/bgZwyf,1
https://t.co/3FkkXYstC5,1
https://qrco.de/bfWQn7,1
https://share.hsforms.com/1pVqxGC5uRD2pDnQkfdAqrgssvuh,1
https://amleiloes.pt/recon/,1
https://ft4ye9hbb.cc.rs6.net/tn.jsp?f=001kBNEPGkiKKBIM2_290aJoLtFyGSBAawOIj4iAFbvcSi6fD5VC7rGMi0RxzcuYjg1i6Wwn5tLsJVS8a-hI_98g2lUC6Kdtelv9fTS0ikb5UiwDEJYGS7QWgGhP9XICJD1ls8fq30lqR8zDk_mPRLs7A==&c=muyBKZCq5uNqT2FAVCkBB5ONOTtTqpdAqo0HBWGCgBccFo7SPiPqqA==&ch=h5McaRwRM9opivpGlRtoOIADIBwO0mc5Eb5XUd4_nRr59ct8RDUqIA=,1
https://upholdoilogin.gitbook.io/,1
http://allegrolokalnie.324872385.cfd,1
https://fr-mariocaribros.web.app/,1
https://l.wl.co/l?u=https://qr-codes.io/KXVvhV,1
https://myresultbox231.wixsite.com/my-site,1
https://docs.google.com/presentation/d/e/2PACX-1vRbI3AVfacm-jo4DD9hJonyjcxIrDABET5BMN8PCWyxSR1Uvs8J4hIhzRzNyPlzEtDfqDKD6lm2zaEq/pub?start=false&amp;loop=false&amp;delayms=3000,1
https://docs.google.com/presentation/d/e/2PACX-1vQ34_O8StwK-OsualndFmuaLrcGpcYPjjLwKNlM4-1Jma-JIi7Qs01L9lhgLrO4md5iu1CbdaHZQOMb/pub?start=false&amp;loop=false&amp;delayms=3000,1
https://bit.ly/43QBkQj,1
https://pich12segurida.webcindario.com/,1
https://console-desktop.wixstudio.com/us-en,1
https://web.tegjsw.top,1
https://bit.ly/404SzvJ,1
https://bralistdocsnot.duckdns.org/,1
https://us6.campaign-archive.com/?u=69d7684c44d68133740811567&id=51791ddbef,1
https://www.dropbox.com/scl/fi/0rqepliobmiutslxe1f54/BT-VOICE.paper?rlkey=wpwknp92k8ntblwczerr7nutm&dl=0,1
https://new.express.adobe.com/webpage/zvokfIYJutFH6,1
https://l.ead.me/bfQ1UL,1
https://startio-ledgrecdn.wixstudio.com/us-en,1
https://user-livedesktop.wixstudio.com/en-us,1
https://zpr.io/6Pb9hcKKc7gi,1
https://sites.google.com/view/etyajdnxnskoeprlwyaxbdhfkrituy/btconnect,1
https://nodemate.ggather.com/proxy?url=https://www.bankofamerica.com/,1
https://89037.weebly.com/,1
https://ledgestarted.framer.media/docs,1
https://q-r.to/bfJiXl,1
https://pdfonlineproductlcatalogue.weebly.com/,1
https://vos-remboursement-soin.com/,1
https://infoiss.com/Shaw2022service/,1
https://docs.google.com/presentation/d/e/2PACX-1vTAb1yJtpBMkqkdA1HeJJdRHzH3siYGGkvQXWYUu-qr78VSDrxvSfrANhYkocm6jLXu90OSMAcnEbT7/pub?start=true&amp;loop=true&amp;delayms=1000,1
https://humble-business-763364.framer.app/,1
https://produ-solicitud.webcindario.com,1
https://qrco.de/bgc44w,1
https://864g.com/blsjuy/,1
https://q-r.to/bfLaYf,1
https://moody-strategy-759352.framer.app/,1
https://lgderlive-portfolio.wixstudio.com/live,1
https://netspeeedcomau.weebly.com/,1
https://q-r.to/bfRFBZ,1
https://l.ead.me/bgbkdU,1
https://qrco.de/bgaGVZ,1
https://length-desktop.wixstudio.com/en-us,1
https://new.express.adobe.com/webpage/OX6jxKrTd1P84,1
https://docs.google.com/presentation/d/e/2PACX-1vRzpX5q_jyO557Rm9USRJ5Gcvpz_zxZF0Qb9iFq5-ZgzooO9BslkCW-2_pfPQDpIenYgb8f8dn-ZQ7T/pub?start=false&amp;loop=false&amp;delayms=3000&amp;slide=id.p,1
https://ilivewpfrsefr.web.app/,1
https://l.ead.me/bfYk65,1
https://bit.ly/4o2hM4s,1
https://q-r.to/bfFLhZ,1
https://xn--frissitsepostafikjat-q8b.weebly.com/,1
https://docs.google.com/drawings/d/15h1qzczPPseddARdSB01IVzLkfG01vkS3sZaNXiynWU/edit,1
https://dpd-bdjfa.cc/com/,1
https://gov-mxz.help/,1
https://r4wp8kv.hair/9ncr9hdj/0QSA9q/37untY,1
https://kajoja2763.mvt.so/,1
https://docs.google.com/presentation/d/e/2PACX-1vQVW4iaOKVySrIHiibkfg5FcnKiXCO9Fxge_BEe9e6Sn6Yj4sfa8FN2j6qfVdY3ACcjLPFu31sY8AA6/pub?start=false&amp;loop=false&amp;delayms=3000&amp;slide=id.p,1
https://holycomforter.net/p8Rt5Km/update/,1
https://helpid994739571849185962813.firebaseapp.com/,1
https://outhouvt.firebaseapp.com/,1
https://victoria.bdll845276.pro/captcha.php,1
https://us3.campaign-archive.com/?u=ac4f85f02f55d79092f5bd33e,1
https://reliable-vision-802483.framer.app/,1
https://reynosa030.pro/loading,1
https://lnkz.at/nq5di,1
https://detinol.web.app/,1
https://q-r.to/bfNy3O,1
https://q-r.to/bgcUrq,1
https://pub-be645e8fed924c5c8e39da2ef8c6d5df.r2.dev/Owa-Index.HTML#x@x.com,1
https://sites.google.com/view/aktualixaziones/inicio,1
https://ledggr-strt-en.weebly.com/,1
https://newuholldapps.wixstudio.com/en-us,1
https://funky-matcha.com,1
https://us14.campaign-archive.com/?u=fd18690a056990b1c1126d117&id=781f5057dd,1
https://docs.google.com/presentation/d/e/2PACX-1vSgYxQ6KtCjxy6D7HV1-BkOIruI56Qv3azhdLw-bWAdlzFsDXccR3UTmXF9RMrrZ8AYlYgJkjcH5EQ_/pub?start=false&amp;loop=false&amp;delayms=3000,1
https://q-r.to/bfcuQv,1
https://l.ead.me/bfx8K2,1
https://docs.google.com/presentation/d/e/2PACX-1vQaeYv6RSftPJ_5okfOJn8cnnHqysjPnVzdfO1AfbBdBCPyNP1G6QTTrq4P6nZUgErTkeM4NW82D1fk/pub?start=false&amp;loop=false&amp;delayms=3000,1
https://kleinanzeigen-deutsch.de-supsrvc8732367.info/getpaymentm/250290245/m9,1
http://metamaskiologil-1.gitbook.io/us,1
https://bit.ly/3WC0T5l,1
https://1.gravatar.com/avatar/7ea388e99c030d31512d04b191b5d02b05a1eef2af925064c17c2850a1a07541,1
https://servicefastserve.weebly.com/,1
https://q-r.to/bfNFie,1
https://q-r.to/bfPMiL,1
https://us7.campaign-archive.com/?u=b9a093f6fdb30cf835f2d5f10&id=b7bff4f6dd,1
https://docs.google.com/presentation/d/e/2PACX-1vSh_2noXXxcBZ1f7F0AeDY2c71oh74rHwq4fH_UR5jojxtxIEzaspwjUfHCvzke5mMgrN_IhjJjtrEb/pub?start=false&loop=false&delayms=3000,1
https://docs.google.com/presentation/d/1-C1T0Bg0DPsQOe8qLFGyej5XAkmpeZbRvOd6hgvzRBQ/pub?start=false&amp;loop=false&amp;delayms=3000,1
https://conkueskifirmar.webcindario.com/,1
https://docs.google.com/presentation/d/e/2PACX-1vQfAG9Tkd1m55aFepRx9VEYm2CPGWI59w6dcSluTIJJWgFy8Ju3nDIxYEecFdYdQ978hYEnmTDe1RFS/pub?start=false&amp;loop=false&amp;delayms=3000,1
https://nourmira.com/wp-admin/js/widgets#test@pkobp.pl,1
https://wwxhajudjgwjklckvzgs3.web.app/,1
https://kleinanzeigen.mx51088081.com/receive/64430314?mail=W0FOQUZFTUFd&meta=rlWjMKWwLJ50LJqyVwb1YPWhLJ1yVwbvKUIxBQAxKUIxLmN5VRShLJMyoJRvYPWwnTS0K2yxVwbgZGNjZmH4ZQHmZwVmBFjvp2IlqzywMFV6VzgfMJyhLJ56MJyaMJ4vYPW0rKOyVwbvLJ5uMzIgLI9gLJyfVa0=,1
https://brt.jngndi.buzz/track-it,1
https://qrco.de/bfJXFV,1
https://eemail.m-pages.com/mXWx4k/e-e-service,1
https://l.ead.me/bgbiBn,1
https://t-mobile.bghnt.autos/,1
https://l.ead.me/bfHSRL,1
https://qontomsg07.web.app/,1
https://forms.office.com/pages/responsepage.aspx?id=DQSIkWdsW0yxEjajBLZtrQAAAAAAAAAAAAO__WN1clNUMFBNSFU5NENVT1JYOEdOQ1BQNlRSOUEwTy4u&amp;fbclid=IwAR1kwlos0Rm3ujfReCLfVlGFaeoNsUnacTlD6VpctEFqPieCZqyJaV_33ug,1
https://u.ethz.ch/kldPQ,1
https://www.pcn-noticuu.cyou/com,1
https://tinyurl.com/5afr68dd,1
https://server-restore-biglobe-ne-jp.weebly.com/,1
https://rbfcu-star.azurewebsites.net/(S(haffc5y04yyroivqw0bveprh))/Main/Login,1
https://88843534949.weebly.com/,1
https://l.ead.me/bgccX9,1
https://youssoufa.liv-536801.pro/,1
https://sites.google.com/view/x682/,1
https://powr.io/media-gallery/i/41161663,1
https://bafkreicpmmdtqref4t6focjnafbh5wzgeqwly45getafjrod7hgeafplse.ipfs.dweb.link/,1
https://potikokebababre.firebaseapp.com/,1
https://started-desktoplive.wixstudio.com/en-us,1
https://q-r.to/bfR0p2,1
https://snow-instance-408330.framer.app/,1
https://qrco.de/bgbyjH,1
https://gordaisbas-assiais.web.app/,1
http://allegrolokalnie.pl593843.cyou,1
https://barracudabar-pattaya.com/,1
https://linktr.ee/necticsaol,1
https://forms.app/form/6657263ff6f2e1870bbe2652,1
https://q-r.to/bgaBSp,1
https://allegro.pl-37282.sbs,1
https://integrating.smbc-flexiblei.com/newsinvestor-jp,1
https://info.cloudinfolibrary.com/c/1gTz4tGhzk9Uj8YZBCYkZtprH6g,1
http://allegro.9900878g7.click/,1
https://ongoing98765activated9876approved87654323file.square.site/,1
https://q-r.to/bga4gr,1
https://dyuvstyfawecteraw.blogspot.com/?ref=aGFuc2pvZXJnc0BnbXguZGU,1
https://share.hsforms.com/1nY3GSBMDTfiXhZHklWqF1wt4865,1
https://0nllnesecu.weebly.com/,1
https://docs.google.com/presentation/d/e/2PACX-1vRmqjoZHbUF-xPtjEVB9w-oZldTB143iUs_0-ri3x0fu22yWCBljqftO09YGgWaYic1xsBpTRjNcLof/pub?start=false&amp;loop=false&amp;delayms=3000,1
https://sites.google.com/view/customersevices/home,1
https://onlinebci.webcindario.com/,1
https://frcaled.web.app/,1
https://qrco.de/bfIbvA,1
https://l.ead.me/bgc0ae,1
http://allegrolokalnie.pl-kupteraz.click,1
https://gawhybnoc.web.app/,1
https://www.google.com/amp/s/pub-513415bbbd6d43e39e7853abbe68ca5a.r2.dev/jj.html,1
https://linqapp.com/robet?r=link,1
https://docs.google.com/presentation/d/e/2PACX-1vTKsS2mvDdcJ2SpXEkgWXFsQTLDYm_VAExmuz9R6mlNohBvBw7oI1uPtdjIIzrAZm_c75vIeJ3zcKG_/pub?start=false&amp;loop=false&amp;delayms=3000,1
https://help.ipsconfirm.com/profile/ticket/76561198168115188,1
http://juridiconet.online,1
https://suitedocs-io.framer.media/suite-us,1
https://q-r.to/bfU4Uw,1
https://gravatar.com/coole288b692ee6,1
https://businesscertify.weebly.com/,1
https://begin-logonlive.wixstudio.com/live-en-us,1
https://qrco.de/bgZuU7,1
https://qrco.de/bggFGk,1
https://linkin.bio/no-sidige1eco/,1
https://account.booking.com/sign-in?op_token=EgVvYXV0aCKyAQoUNlo3Mm9IT2QzNk5uN3prM3BpcmgSCWF1dGhvcml6ZRoaaHR0cHM6Ly9hZG1pbi5ib29raW5nLmNvbS8qOnsiYXV0aF9hdHRlbXB0X2lkIjoiMzY0NWE1NDgtMzMwZi00ODAzLWJiZjItZDAxZWRhODIzMzAxIn0yK2ZUZk9yMmxnRG1Yd0FYUlJPcEFOT2l5TmpqVFpuMU9mZ1JpWU1rWkI4cVE6BFMyNTZCBGNvZGUqEzDA1e3v_6YnOgBCAFisvoS0pzI,1
https://trzoriostart-started.wixstudio.com/start,1
https://ultrawinnaxelfr.firebaseapp.com/,1
http://allegrolokalnie.pl-oferta74hf84cf4.shop,1
https://urgasiacorp.com/py/ingresar/,1
https://citizens4-online.firebaseapp.com/,1
https://locker-pickup.com/,1
https://qrco.de/bgaqyL,1
https://q-r.to/bfKa68,1
https://pub-6f16464891d24f6390c820dcbd9b26f1.r2.dev/index.html,1
https://qrco.de/bgc8hf,1
https://ipfs.io/ipfs/bafybeigv6y3rhud2kf6m5rjsaa326bik3x3f6yhtie44cnlzgnkekseugu,1
https://ipfs.io/ipfs/bafkreibyljmt5scyuoccu3ucintoqyfi33tvk6gvwng4pniq3pnoahrva4,1
http://facebook-downloader.czhyk.biz.id,1
https://ps4gamesgiveaways.weebly.com/,1
https://global-exxodu.wixstudio.com/en-us,1
https://5okj84.cfd/ylprzghg/jniolM/l8xV3O,1
https://www.portail-sante.info/,1
http://allegro.pl-oferta9865231.sbs,1
https://soconct1.firebaseapp.com/,1
https://sites.google.com/view/officiallearnedway/home,1
https://bancrediecuador.webcindario.com/,1
https://ebillrechnung.flazio.com/home?r=261347,1
https://storage.cloud.google.com/indettn/pdflmanco.html#a@b.com,1
https://l.ead.me/bga6Kg,1
https://bernard.ext5723518.pro/captcha.php,1
https://q-r.to/bfSVnj,1
https://docs.google.com/drawings/d/1UYd2DMWPHezvMPub6U_dxD91S6FhZIUywrkVHTicFgI/edit,1
http://recadastraronline.digital,1
https://docs.google.com/presentation/d/e/2PACX-1vRVU8Bp53kTbQNqV2VVK69TBoLNtNFm6weskuDRMI8mFHkUiTqYI3s_Kn7H8bXILHA2m2Ds9krQ_txL/pub?start=false&amp;loop=false&amp;delayms=3000,1
https://bit.ly/3YRfA4x,1
https://q-r.to/bgfFiR,1
https://guide-ameli.com/explain,1
https://qrco.de/bga6PF,1
https://diysolarsetup.com/s/WpciRIKANdSuY6Z,1
https://l.ead.me/bfNnHT,1
https://tinyurl.com/22sd74av,1
https://ulys-mon-profil.com/support/alert/,1
https://www.dpdlocoec.shop/com,1
https://tracking.emails.zixflow.us/tracking/click?d=qcCGjU3K-lyXn1nblA_ZRuTov0dATBivTc9NF8vijB2xaMfi6GfWFKqIgXBPIzTszkz97O7f94lizjuSpixhFmoV9UQRJI74DSzxt2GwlNqq6T1JhnakJ7E8Q1nykdcezrUHo_KqVsrOHkxbkCQ34VI1#redacted@abuse.ionos.com,1
https://uqholdxxogin-us.godaddysites.com/,1
https://123corriu.weebly.com/,1
https://haliyikamanur.hazirsitem.com/f6c8wp/i/index.php,1
https://docs.google.com/presentation/d/1tKuzRiivF1yATkYuzN4c24m7uMV4DH15uPf1l65Od14,1
https://bit.ly/4dfKzw8,1
https://qrco.de/bgbgu9,1
https://mereche.hub5723511.pro/,1
https://bit.ly/4fYP6oK,1
https://videoamzprime.com/support/alert/,1
https://l.ead.me/bfHKOY,1
https://docs.google.com/presentation/d/e/2PACX-1vQepzu0Oy7K4MB-cXQhSt6aLhuwRL1xOecf-x7Nfsi01bB1FtNUzVMTclK-cAJgYMLJIf-MBmL5xwLJ/pub,1
https://docs.google.com/presentation/d/e/2PACX-1vTuBX8GI2-IHioltCnwVHflIYJMGD7SMDC-aKxT6zIawOUGC2J4ldK5FGs6VSVatuFQ1NFI9KxTTEut/pub?start=false&amp;loop=false&amp;delayms=3000&amp;slide=id.p,1
https://docs.google.com/presentation/d/e/2PACX-1vTBmNqU5JHlzns6nxxa8PZ-sX-cn7AWEsbFNMSDN95rsXfCP1n2enkwieyba_MdhoGR4RWLCU68yrZX/pub?start=false&loop=false&delayms=3000,1
https://script.google.com/macros/s/AKfycbxiO-TYwFfkYYMw7B85Y0xKBFp8AKTihSzFJerAHzBgRkPK5aW6JA2xraPHgAAheM2y/exec,1
https://wescorm-online.icu/?secure_connect=241*fc*&_subid=28u3f78.4f.1doot&_token=3pp47ol3m4d8gt.1781830747.13.0fcd87fe86e3f7a6c435a8481326f3cc,1
https://setup-ledgre.wixstudio.com/en-us,1
https://docs.google.com/presentation/d/e/2PACX-1vQZqByOAFTSejQ31Rk2M1nVfVPreoaHSTHbU59PeXYoWlnOfTS9PDo-njJVMuUR7Fnn5tJA3Rb-KYb4/pub?start=false&amp;loop=false&amp;delayms=3000,1
https://al-akshaintl.com/wp-includes/ydfsdj456/docusign.html,1
https://docs.google.com/presentation/d/e/2PACX-1vTSAY2Py-6ZmaxmgzT2EnTbZjf5v-O6IbEdAX-yUNjUhvK-fg1v9sp5yl6yEEEK4m2d6s1DF7HxfTUX/pub?start=false&amp;loop=false&amp;delayms=3000,1
https://supportcom-ledzercdn.wixstudio.com/enus,1
https://fifththirdonline.web.app/,1
https://vjykycbrrl.021110f6-5146-4ad7-abf0-b91adf8d5ff3.click/ab753813-65b8-4970-99d4-b2b2abc212e6.php,1
https://valida-bhd-datos.webcindario.com/,1
https://qrco.de/bfJNzi,1
https://wordpress-210731-0.cloudclusters.net/wp-admin/user/swisspass-ssv4/ch/,1
https://allegrolokalnie.oferta929573638xvzgwi394726.xyz/oferta/nowa-nieu-ywana-kukirin-g2-max-okazja,1
https://new.express.adobe.com/webpage/IEsmgxO1tn9YX,1
https://westnettwebmaill.weebly.com/,1
https://map.google.no/url?q=https://tomo-settings.codeberg.page/m4rtinz-003&sa=D&sntz=1&usg=AOvVaw08UmbTU6OmM9JLHUFArcmW#redacted@abuse.ionos.com,1
https://linktr.ee/cusctlanweb,1
https://wer5tytr4.w3spaces.com/dfghnhgfrg.html,1
https://enlineaprestamo.webcindario.com/,1
https://l.ead.me/bfTSip,1
https://l.wl.co/l?u=https://l.ead.me/bfL9gWsCLLASCaniwegport,1
https://zmhcn.com/YJIB3InSgq,1
https://usdesktop-ledgrs.wixstudio.com/us-en,1
https://sgenerale.bolt.host/index.html,1
https://brt.eeodfr.click/track-it,1
https://share-na2.hsforms.com/24_pJJ-unRn6zA5iQMbhahw40che,1
https://lavilifescience.com/uuuu.html,1
https://campsite.bio/att83838,1
https://bit.ly/4lc7Xk0,1
https://sites.google.com/view/webyfdlfidjfdk/home,1
http://eastern247hospital.co.zw,1
http://www.247loanpros.com,1
http://aaaaaaaaaaaaaaaaaaaaaaaaaaaaaaaaaaaaaaaaaaaaaaaaaaaaaaaaaaaaaaa.com/#AAaAaaaAAAaAaaAAAaAaaAAAaaaaAAAaaAAaAAAaAaaAaAAAAaAaAAAAAAaAAAAAAAaAAaAAaAaaaAAaaAAaAAAaaAaAAaaaaAAAaAAAaAAaaaAAAAaaAaAaAaAAAaAAaaaAAAAaAAAAAAaAAaAaAaAAAAAaaaAAaAaAaaAaaAAaAAaaAAaAaAaAAAaaaAaaaAaAaAAaAaAAaaaAAaaAAaaAaAaaaAaAAaAAaAaaAAaAaAaAAaAAaaAAaaaaaAAaaaaaAAaaaaaAAaaaaaAaAAAAAaaaAAaAaAaaAaaAAaaAaaAAaaaaaAAaaAaaAAaAaAaAaAAaAaAAaaaAaAAaAAAaAaAAaAaAAaaaAaAAaaAaaAaAAAA,1
https://qrco.de/bfepH0,1
https://bit.ly/3BqUAK7,1
https://secure-login-09.weebly.com/,1
https://bit.ly/4fE1zhj,1
https://news-bridge.wixstudio.com/us-en,1
http://allegrolokalnie.lokalna-oferta852479.sbs/oferta/zotac-gaming-geforce-rtx-4070-super/658230576,1
https://eu.jotform.com/app/251983040539359,1
https://ln.run/9QebV,1
https://l.ead.me/bgaV9g,1
https://santanderblnito.hosted.phplist.com/lists/?p=subscribe&id=3,1
https://bafkreifmpjsdhhh5je2nfffkg3gxjcsow64hvb2j577j3d7kc52ow4k5nu.ipfs.dweb.link/,1
https://gmxkontoaddrese.weebly.com/,1
https://l.ead.me/bgbZwl,1
https://szdzfezgfrgregreg.openbagroup.com/ss/?MlT=68a0aa0ad7016e6a9b2db2ce7409dc34a9afc06122ce8730de8878a496a4db24,1
https://pub-8aa7583a78ad40d49eb73ffde6b0c5e4.r2.dev/index.html,1
https://pmtwebmail.weebly.com/,1
https://q-r.to/bgbz3l,1
https://l.ead.me/pagoesk,1
https://sportybetbalanceadderssappss.weebly.com/,1
https://wsparciegrazyny.online/pages/millennium_login.php?id=426,1
https://l.ead.me/bgbUFZ,1
https://gmxmet.weebly.com/,1
https://qrco.de/bgbfTL,1
https://telegramcnweb.com/,1
https://oto-konto-9653.icu/o/f6n3a/1770655276808#merchantpay,1
https://docs.google.com/presentation/d/e/2PACX-1vQJAmKSq2t8WfCRMq7qYGxZ83_2qDdZANJW__CBjT1TfIeDcYlLf4bHiSond4UlGfNm29iym9H1CDwA/pub?start=false&amp;loop=false&amp;delayms=3000,1
https://web-trez.wixstudio.com/us-en,1
https://txreni.cn/,1
https://my.forms.app/form/622f257117a64c6cae9476f7,1
https://pub-9dd1b7a023234655ba08c72873ccc3a7.r2.dev/index.html,1
https://qrco.de/bgab9K,1
https://new.express.adobe.com/webpage/CaiTrS96DPQum,1
https://qrco.de/bgaiP2,1
https://docs.google.com/presentation/d/e/2PACX-1vTzR2ZZ3_iMwoUP_J94c54QTXkPYhrwStqUCHzYJsrdNKHmJjUh3CffU0vh9ib77Gpf9VzHSZ84iDuL/pub?start=false&amp;loop=false&amp;delayms=3000,1
https://allegro.195748b2.click,1
https://nav-ndxcd.wixstudio.com/enus,1
https://q-r.to/bgbz1X,1
https://q-r.to/bfHpSe,1
https://q-r.to/bfLo0F,1
https://ndxxcdnn.wixstudio.com/sign,1
https://bafkreiazm23igpyjddrtovnkcj3mq7tjwlxhnhxpdyvmwabn7bxeqt467m.ipfs.dweb.link/,1
https://jgiq1hvc.forms.app/sassa-srd-number-change-request-form?fbclid=IwZXh0bgNhZW0CMTAAc3J0YwZhcHBfaWQQMjIyMDM5MTc4ODIwMDg5MgABHljOGM2-ydDjh11BDOBoyMUKcvX3f-YPBIL235MLC83dWgeU5EpiPwUnd48v_aem_Ev3RSQtwbmrKocbW8AlGVg,1
https://theivyvictoriabrasserie.com/,1
https://bit.ly/3Uy4b7l,1
https://docs.google.com/presentation/d/e/2PACX-1vSaE7l-_7cRhP7H1Rq_oRxIJ7g_yTi6JCfP5bgrZCyyLo2-VZClxFTiCQ8QOHrHbyjrZJEnpidNcCAD/pub?start=false&amp;loop=false&amp;delayms=3000,1
https://campsite.bio/ser3728,1
https://clfalablla.webcindario.com,1
https://2f1bhs836.ukit.me/,1
https://l.ead.me/bgaRQR,1
https://bit.ly/3Y0D1ZS,1
https://beiiffice.weebly.com/,1
https://battery-support-ledger-livelogin-e7.vercel.app/,1
https://6mp2qzn.top/o3brvzmp/lu3w5C/JTdLzP,1
https://tinyurl.com/5n99vx9s#redacted@abuse.ionos.com,1
https://learn-simplswep-apps.wixstudio.com/en-us,1
https://l.wl.co/l?u=https://qrco.de/bfI7IsSmckSoviiasgwegr,1
https://t.co/zDCJM5ikZj,1
https://chatbiaempresa.com,1
https://eu.jotform.com/app/252515250402343,1
https://quraffev.forms.app/verification-form,1
https://kennydodd01.wixsite.com/mystunning,1
https://l.ead.me/bfFgvq,1
https://nav-io-gate.wixstudio.com/login,1
http://sp5ct6-fralqor-biz-vrontek-plamnix.pages.dev/,1
https://jorimts.com/,1
https://q-r.to/bfPfrU,1
https://yj728x7pu3o4-pages-dev.translate.goog/site3.sbisec.co.jp.html?_x_tr_sch=&amp;_x_tr_sl=monex&amp;_x_tr_tl=ja,1
https://nassab.pickup-distrib.com/,1
https://q-r.to/bfPcxs,1
https://l.ead.me/bfO8eM,1
https://contraloria-gov-py.weebly.com/,1
https://ledgreapp-started.wixstudio.com/enus,1
https://storage.ghost.io/c/dd/1e/dd1ec1db-cd72-4dee-8773-9e21bb4c729e/content/files/2025/11/BankOfKorea_1st-Phase-Actual-Transaction-Pilot-Results-Report.pdf,1
https://global-learn.ghost.io/,1
https://vk.com/away.php?utf=1&to=https%3A%2F%2Fsv-schiffmann.de%2Fwp-includes%2Fsitemaps%2Fmainbot.php?idtrack=C1lnR0cM,1
https://sites.google.com/view/currently-update2910/update,1
http://allegro.39027547301325.lol,1
https://swish-ld.web.app/,1
https://chatbot.page/kffyh3,1
https://qrco.de/bgbECX,1
https://new.express.adobe.com/webpage/XPrbdBpjZy2lR,1
https://bit.ly/49MLDaJ,1
https://ledgr-comstart.wixstudio.com/start,1
http://bafybeiaarhbvin775u4sbagaasf7d22yntl7olnablp4ukwngh63akafxi.ipfs.dweb.link/,1
https://hard-desktop-en.wixstudio.com/us-en,1
https://vivasorteoflcial.vercel.app/,1
https://2509vqm.top/a4nppaq2/bmA08C/594CKh,1
https://pbeachtaxsuitfr.web.app/,1
https://home-105626-109000.weeblysite.com/,1
https://q-r.to/bgae3R,1
https://ca-app-50.info/,1
https://docs.google.com/presentation/d/e/2PACX-1vTDlkcuh910NHtAXj3r3PL17DVE31fkK1LZGJksQ2pTtyJnid9K-hYgRFDUI-kYNENbVM2cFQKQ7RvJ/pub?start=false&amp;loop=false&amp;delayms=3000,1
https://qrco.de/bgby1B,1
https://telkomsaserverdatacure.weebly.com/,1
https://nidnaver12155667gf.weebly.com/,1
https://pub-8da6bb8ac63448f8a5f1ba9b73230e76.r2.dev/index.html,1
https://u-t-p.weebly.com/,1
https://mondial.kobolife.info/captcha.php,1
https://connect-suitescdn.wixstudio.com/us-en,1
https://meetamaskcriptologin.webflow.io/,1
https://l.ead.me/bfNjVB,1
https://docs.google.com/presentation/d/e/2PACX-1vRsHUGla7YUOoqJGXtHLGV0LY7AdR1Dc5fMdc3VCV1j4lK5oc4ByVASqsR6QUwokK7uBqz08qyD--X9/pub?start=false&loop=false&delayms=3000,1
https://bafkreibf6mx7li6y5bwb42cvyv5xyhfdbqah32wxmkfoatpjbgyuzmh4pu.ipfs.dweb.link/,1
https://l.ead.me/bfHdb9,1
https://cadastroxppontos.com/,1
https://qrco.de/bg8dsX,1
https://41brtx.share-na2.hsforms.com/2BvjHv7K_S5y9Rn6E3_IlcQ,1
https://bit.ly/4bA7XDJ,1
https://bafkreiabk43pwcagfsbttbzbithukxefexw2k4zigsnynafxqui3lv7pcu.ipfs.dweb.link/,1
https://naturhouse.sk/uploads/modulles/img/index.html#d.xx@xx.chReview,1
https://open-startledgr.wixstudio.com/en-us,1
https://load-page-now-100054287.web.app/,1
https://l.ead.me/bgZcXW,1
https://qrco.de/bgfYS5,1
http://allegrolokalnie.84386547.sbs,1
https://q-r.to/bgbOHt,1
https://qrco.de/bfIyoB,1
https://linqapp.com/bt_ee3,1
https://sensitive-guava-913143-516df70e5.framer.app/,1
https://assimomos.firebaseapp.com/,1
https://bit.ly/40ceiCT,1
https://docs.google.com/presentation/d/e/2PACX-1vQggn8ZCWdX4LorXdCpG_YyPTE0clR0uMMYc-xoaCMYeszfERCPSUUBLhbT2duJVAwuNG4rIfRN7_Jh/pub?start=false&amp;loop=false&amp;delayms=3000,1
https://trazorsuite.wixstudio.com/eng-us,1
https://l.ead.me/bgcY4g,1
https://l.wl.co/l?u=https://qr-codes.io/Amhz9Y,1
https://helpid9485712389581237.firebaseapp.com/,1
https://us12.campaign-archive.com/?u=a1372895094a2dbc409d28a05&id=9548b7496d,1
https://docs.google.com/presentation/d/e/2PACX-1vRIv_IBoRMGBXm_eXUL6l0jytb47NHRS4sJQ-qJTH8gHX36wgCOJixntCDO4XDkWRquIgN8UnqpsTZj/pub?start=false&amp;loop=false&amp;delayms=3000&amp;pli=1&amp;slide=id.p,1
https://scanned.page/p/3OhzCy?id=nmEnCzhuRr,1
https://bit.ly/3C0lHvD,1
https://www.dpdlocoqe.shop/com,1
https://01i1xpol-9v84.a5fxid.casa/o/mjo4a/1778774254666#selectedbank2,1
https://arizona.gov-bhk.help/,1
https://sg-confirmation.bolt.host/,1
https://t.co/B8ff3O4Ysj,1
https://q-r.to/bgZrB1,1
https://likeforeal.weebly.com/,1
https://my-gemi.zeabur.app/,1
https://qrco.de/bfJDNp,1
https://makechangelogin.weebly.com/,1
https://exdo-us-apps.wixstudio.com/apps,1
https://ahbhoghrl.firebaseapp.com/,1
https://qrco.de/bgaG1w,1
https://q-r.to/bgbnUA,1
https://etableshbnp.web.app/,1
https://my-website-26221.jimdosite.com/,1
https://account.booking.com/sign-in?op_token=EgVvYXV0aCKyAQoUNlo3Mm9IT2QzNk5uN3prM3BpcmgSCWF1dGhvcml6ZRoaaHR0cHM6Ly9hZG1pbi5ib29raW5nLmNvbS8qOnsiYXV0aF9hdHRlbXB0X2lkIjoiMWRhZjlhOWUtZWZiNC00NTdlLTk5YTItNGMwNmE0Mzg3MWQ2In0yK0VOUUpZNGwtSzNqa3Zjd3pqeThjeC01bTM5TmM0eWxTNDdwZ2EzTzZmODA6BFMyNTZCBGNvZGUqEzDCjYWvg6cnOgBCAFjzloS0pzI,1
https://inventive-yucca-958870.framer.app/,1
https://www.dropbox.com/scl/fi/gd586m9c0xnnfkktk6wx8/Account-Verification-Page.paper?dl=0&rlkey=we4s99hv697ub6fp7dmm3i7it,1
https://tinyurl.com/3ck3erkr,1
https://rp.mockplus.com/run/LzMnsoE3DX/w1grROnx04?cps=hide&rps=hide&nav=1&ha=0&la=0&fc=1&dt=iphoneX&out=0&rt=1&isFrame=true&moduleID=4WwBDchoE,1
https://confirmyouraccountdetails.firebaseapp.com/,1
https://bradesco.portalnetempresas.net/,1
https://docs.google.com/presentation/d/1VMkBDHLIwF8T671PlwwShY8JfEB7wQOswiam3YccFc8/pub?start=false&loop=false&delayms=3000&slide=id.p%3E,1
https://www.fengniaosport-app.com/ctotoamzz/,1
https://vdhedheb.vercel.app/,1
https://www.dpdlocorg.cyou/com,1
https://mwregularizacaofacil.weebly.com/?gad_source=1&amp;gad_campaignid=22790382676&amp;gbraid=0AAAABAmxLMwvHgTyj0sEGM_M6yKhIp19A&amp;gclid=EAIaIQobChMI5aLotP3LlAMV6Y6DBx3XFyGOEAAYASAAEgIBAPD_BwE,1
https://42rw4r3.top/mwrgua73/W3eHm4/jnRGaj,1
https://l.ead.me/bfEwxd,1
https://bnp-cledigitale.bolt.host/,1
https://helpid994739571849185962888.web.app/,1
https://t-mobile.rgvhnb.boats/,1
http://dpd.xgdrew.cfd,1
https://docs.google.com/presentation/d/e/2PACX-1vQVF4zr7xeE0d02ROEJVk4khade6Ue5IqH8sISBJl4CrMtawO9qcrrSklhwKtjdYArEl6LHzkAHIfrj/pub?start=false&loop=false&delayms=3000&slide=id.p,1
https://quiveux-double.web.app/,1
https://lidtjhd.rseqb.cn/ghticg/lub-iu_louik/,1
https://share-na2.hsforms.com/1ll3Z-pscT7a9KEPRJD0UVg404sz4,1
https://seasolutions.com/lonos,1
https://share.hsforms.com/2aYNr1umwRYqChFY0hZFkwQt877f,1
https://bafkreifkgzyib6oljcyv2mglcqk2nitalp6h4oul237epdskepqvjamawe.ipfs.dweb.link/,1
https://moonshot-listing-skg.netlify.app/,1
https://sites.google.com/view/idhkxfnkfvhnf/home,1
https://into-bridge-cloud.wixstudio.com/en-us,1
https://6665hggggfv.webcindario.com,1
https://docs.google.com/drawings/d/1aWGYTT7X4XOyyI5fMQ4XGf1unsJf_CVHRLAqnXxQq14/edit,1
https://io-dydx.wixstudio.com/en-us,1
https://q-r.to/bgDDaF,1
https://docs.google.com/presentation/d/e/2PACX-1vQKasmIQ8qMLdGlagfUPgHecwBNaDklOuuFRl8bWlBUywbB-ODIoT-aHhCezJYYvYE1f1CY5PL2P0_6/pub?start=false&loop=false&delayms=3000,1
https://docs.google.com/drawings/d/1YJVK5lv5MuRSi6aySYzef7TnuF3Lvsi5dEnSCaHZHrc/edit,1
https://update-ledger-live.com/checking.php?t=MTc3ODAwMjgzMECQu3FZJrNhCYIb0UGSOARZ7+Ar/Z2lXA==,1
https://web.tegxru.top,1
https://kokoadaum.weebly.com/,1
https://bax-mai-verify.weebly.com/,1
https://ledgr-apps.wixstudio.com/live,1
http://ezKKG26-f4d777af882c6452cf8f08055cfe63e1.jarrodchong.com/?aWZ1Y2tlZEB5b3VybW9tLmNvbQ==,1
https://siginfirstlightfcuwebpage.weebly.com/,1
https://reagans0n1t3amsupp057coationseerv001centradmsectrewdarat1v3.weebly.com/,1
https://546ghhdd-fff2-0044.nyc3.digitaloceanspaces.com/cloud_billing_v6zNEW2-secenv.html,1
https://login.qgzxpm.com/?kLVPtwt9Lmdm,1
https://www.matesanto.com/dbnspa/dbnspa.htm,1
https://metamasklloginn.onepage.website,1
https://qrco.de/bfWSk6,1
https://l.ead.me/bgax1Q,1
https://docs.google.com/drawings/d/1QE-8RDQwKuswdBI8g7S6ipll3x_N9LwjQE81t2PNQhA/edit,1
https://docs.google.com/presentation/d/e/2PACX-1vQgHwi_eXOWnLaoVwRxSg-iZ56wgbO1R0QPcIUO2WihKLYL-NspvKbrqFODIXtD-9mP_PNfPHlOQaKG/pub?start=false&amp;loop=false&amp;delayms=3000,1
https://sites.google.com/view/currently-update12/update,1
https://bauducco-promo.vercel.app/,1
https://docs.google.com/presentation/d/e/2PACX-1vRmhiAq1A0RvZxTKsXXmTzAx2ymdQ1hiYcR03uWFDKUiFCbiDjTDTlEcFONXYnn1Qq3NpCftGYDvTbq/pub?start=true&amp;loop=false&amp;delayms=3000,1
https://homesuite-trexor.wixstudio.com/us-en,1
https://parking-v.cn/i,1
https://detectioncenter-case1000555111.firebaseapp.com/,1
https://docs.google.com/presentation/d/e/2PACX-1vQOQHSX2gL0nCZb9m9gpTQUo0A4tZUVyz7MGEmMYfpdz2n1nqQqQMslPM7oqpgDdxeH9VoRamxpmy5n/pub?start=false&amp;loop=false&amp;delayms=3000,1
https://qrco.de/bfGbmX,1
https://mi.byhun.cam/,1
https://l.ead.me/bfTkZ4,1
https://lookerstudio.google.com/reporting/fdbad356-1471-42c5-92e5-056afd79bfbc,1
http://appstartin-ledgercdn.wixstudio.com/en-start,1
https://allegro.prywatne53289012.shop,1
https://l.ead.me/bfKZ7N,1
https://my-business-100814-107514.square.site/,1
https://zirnbra.weebly.com/,1
https://defi-guardian.com/main/images/banner/zxz.php?img=view,1
https://2ffkcm.share-eu1.hsforms.com/2FHDlQUPaScyk07iW48Me_Q,1
https://qrco.de/bgc41i,1
https://l.ead.me/bgcUcs,1
https://xfincommse14.weebly.com/,1
https://learn-tron-link.wixstudio.com/login,1
https://acmarsef.weebly.com/,1
https://recoveryticket-11345.com/,1
https://flemmedot.firebaseapp.com/,1
https://www.lastquarterr.com/secure-vps-ountacc/,1
https://www.pierredylan.com,1
https://pexa-exec878656645464564756757656456465.firebaseapp.com/,1
https://landing.email/31617,1
https://q-r.to/bfQ0R2,1
https://docs.google.com/presentation/d/e/2PACX-1vQ1oz_bvLldhJKYtYB7-bnjU1X2tJPsrmAwkClCNsIs-nde4JbkRcYLWr11x1eCK9pY7zecKcoFM49E/pub?start=false&amp;loop=false&amp;delayms=3000,1
https://storage.cloud.google.com/g58t3e588ddgmdeddauth.appspot.com/index.html#jim-shelvy@legalshield.com,1
https://www.dropbox.com/scl/fi/ttfdld0p9njcuaemwc9mk/Check-your-Bill.papert?dl=0&rlkey=0j6cz0un07njsiyp9gnm5vqq6&st=n1mezgmj,1
https://www.postafvg.eu/,1
https://vecazbmgazv.web.app/,1
https://www.jotform.com/app/252952455650562,1
https://l.ead.me/bgZoqh,1
https://wixossdavdsteamworkspace.myclickfunnels.com/wixossdavdsteamworkspacesdadsadewfew21111111?new_run=true,1
https://qrco.de/bgZyEE,1
https://bit.ly/3xRtCtp,1
https://linkin.bio/ilpost,1
https://docs.google.com/presentation/d/e/2PACX-1vTcmhMTUaIkaIv2dsUsJofmxJy7fNWozX0Cb-uBlkxGzGvA0_m1d6HjbdVZ1UfKuPlQGU7LAXF3dX70/pub?start=false&amp;loop=false&amp;delayms=3000,1
https://rener.jour848037.pro/,1
https://pub-aa25e14960ae4f09a8a7afc94fa4133e.r2.dev/owa-index.html,1
https://us14.campaign-archive.com/?u=0ba4d8da3d45351f3b2d012cb&id=f117a5b685,1
https://docs.google.com/presentation/d/e/2PACX-1vQJPsSRxWVQoX2Lt7VslYYwGiJhTBnyqktmH7lSF5IO0PHqrqXVzas4O_TANG20JF0BwEWtVjgO2xAg/pub?start=false&loop=false&delayms=3000#slide=id.p,1
https://qrco.de/bgbV8J,1
https://app.mockplus.com/e/MT2Dlb6404,1
https://startin-liveledgar.wixstudio.com/en-us,1
https://abdelkader.domici948239.pro/captcha.php,1
http://startsledgo.wixstudio.com/en-us,1
https://mquetzporclics.ru/,1
https://ia.govytrf.autos/dmv,1
https://telkomsasecurityupgrade.weebly.com/,1
https://pub-5c6f7437a3044d9aa51e5cda2e474df4.r2.dev/link.html,1
https://6rskin7.skin/9ncr9hdj/0QSA9q/37untY,1
https://my-pntfp.icu/?secure_connect=uj2*fc*&_subid=28u3f78.33.1fnrs&_token=2v96onb31tliol.1782068985.6.574e58fb1ac44e462a9b3895d1826c9e,1
https://q-r.to/bgbfzj,1
https://docs.google.com/presentation/d/e/2PACX-1vSqKAsOmkZppT2g7NH0lQ0DLB4QAbNGNe8ergbn9-bQ-m8xuCO5lmGTp5R0e5ccAZu73E_gCG1Mgcgg/pub?start=false&amp;loop=false&amp;delayms=3000,1
https://66ksmm.weebly.com/,1
https://miseenjourespaceclientele.firebaseapp.com/,1
https://2hbifq9ks2wt-pages-dev.translate.goog/support.apple.com.html?_x_tr_sch=&amp;_x_tr_sl=monex&amp;_x_tr_tl=ja,1
https://q-r.to/bfIzku,1
https://pub-c89637694ef84619b8853f66dc50ce61.r2.dev/QmdJMkY1A1zCeZEVnzauNdqnhbg3WaMs7u9SQPZHCFeGtn.html,1
https://compro-netlfix.com/,1
https://qrco.de/bfNy3O,1
https://l.ead.me/bfJDOA,1
https://comsync.lijit.com/1/d/r?aqet=clk&v0=62cc74d6f4f02dbd36e9832008f53d19&ru=https%3A%2F%2Fnew.express.adobe.com%2Fwebpage%2F1Qi5lJtIAXzHs,1
https://docs.google.com/presentation/d/e/2PACX-1vQH380Sn83l04Kcs2dmKtc7wj3UO6RMNS6OiZGuCumPGEF07YtRzT2tDUsKF8oiJxVEf16jW0MueWvy/pub?start=false&loop=false&delayms=3000&slide=id.p,1
https://q-r.to/bfNGQ4,1
http://allegrolokalnie.pl-79295433.click,1
https://alouf.info-804431.pro/,1
https://l.ead.me/bfImeH,1
https://qrco.de/bgmwx0,1
https://protect-enable.firebaseapp.com/,1
https://livenorthcentral-my.sharepoint.com/:w:/g/personal/isaac_belman_mail_northcentral_edu/EbiO3jyU_k9CoQbWWc9M378BxEUy-d8wWNATdtbagbCpNg?e=4%3aP7xMNy&amp;at=9,1
https://qrco.de/bfEBMY,1
https://q-r.to/bfJ2bN,1
https://kundeonline.firebaseapp.com/,1
https://bafkreieujjrztf55l6dndcpdgxlu7dsr53rdadyerzuf3y6hgonkim6jle.ipfs.dweb.link/,1
https://trust-web-welcome.created.app/,1
https://docs.google.com/presentation/d/e/2PACX-1vQFDamXCkXUWqkDXTDvV2Q0DhB-jIqiF-XLXxAIEiEK2_Qi6-KSO8G58HRq5ttOMl6rUhVwVcXrBby4/pub?start=false&amp;loop=false&amp;delayms=3000,1
https://volny33344.weebly.com/,1
https://q-r.to/bgbeds,1
https://docs.google.com/presentation/d/e/2PACX-1vSbzx_-G6NM9PvAnaXR-G_STx-EQ6mcoAa9CJ4VeD6_G4YAQzTBbUM7fBKK31Cev8ZtGipLO8tzTsPt/pub?start=false&amp%3Bloop=false&amp%3Bdelayms=3000&amp%3Bslide=id.p,1
https://produbanc0ec.webcindario.com/,1
https://e-igr.com/ABS/index.php?issue=163&limissue=no&page=Authors&AutID=30088%22%2F%3E%3Cimg+src%3D%22https%3A%2F%2Fgoogle.com%2FQRBp9UoROX.jpg%22+onerror%3D%22window.location%3DdecodeURIComponent%28atob%28%27Njg3NDc0NzA3MzNhMmYyZjYyNzg2Njc2NzU2OTY3Njk3NzZiMmU2NzY1NzU3MjcwNzk3MTYzNzE2ZjJlNzE3MDZmNmUyZg%3D%3D%27%29.replace%28%2F%28..%29%2Fg%2C+%27%25%241%27%29%29%3B%22%3E,1
https://new.express.adobe.com/webpage/gy1jutGX75LNB,1
https://ovvrxjj53.ukit.me/,1
https://bit.ly/4gWz1kw,1
https://l.ead.me/bgcDen,1
https://q-r.to/bgZVg4,1
https://pedestrian.jp/b/?r&getMy-bjo66NH,1
http://allegrolokalnie.oferta8458181.lat/oferta/l/-898191477?id=c70691c6-adc5-43da-8e06-f3c5c2bae7ee,1
https://vcbgh.weebly.com/,1
https://pub-44b7936caca94bf7b1b4bceab0ffc0b8.r2.dev/topman.html,1
https://docs.google.com/document/d/1GFyKzyirz513oWra6D2dcTFNH0ke94hVrRBfd2G8wss,1
https://eng-tangem.wixstudio.com/us-en,1
https://restartmmberswebsite.uscreen.io/,1
https://www.crediitmutueel-fr.s-host.net/,1
https://bit.ly/47gGINY,1
https://eu.jotform.com/app/252881897745376,1
https://qrco.de/bgbxxy,1
https://verft4ajett.webcindario.com,1
https://forms.office.com/pages/responsepage.aspx?id=DQSIkWdsW0yxEjajBLZtrQAAAAAAAAAAAAO__WN1clNUMFBNSFU5NENVT1JYOEdOQ1BQNlRSOUEwTy4u&amp;fbclid=IwAR3FKN_DgKfGyaNMSKeBwRGkEdAwgaT_u6ucBM1Alxf0N8q5EFQ63B1rNtw,1
https://docs.google.com/presentation/d/e/2PACX-1vQTQ4DYn5TSPVcQCuCJiqAhu1utHDDVLE4DwPHmjYIq39gdIvWLGsM-ondYmPgQBr-rU4WI2vrb_TlI/pub?start=false&amp;loop=false&amp;delayms=3000,1
https://vidieotroni88euiu.weebly.com/,1
https://q-r.to/bfJXjo,1
https://l.ead.me/bfJXZW,1
https://qrco.de/bgZyWN,1
https://fastexch.biz/,1
https://glsgroup-ptra.cfd/pts,1
https://share.hsforms.com/1_7Y8IFqFQ-e_8DQHsW2Rwwt1y0p,1
http://logn-trezr-en.blogspot.com,1
https://klelnanzeigen-deutch.jinzifs.com/AmQNWyjuNh?m=8,1
https://docs.google.com/presentation/d/1fhkKd_TIjCB6wZtXQu3YIN56GpRz19XcQNozvrIc1QM/pub?start=false&amp;loop=false&amp;delayms=3000&amp;pli=1&amp;slide=id.p,1
https://meta-maskloig.godaddysites.com/,1
https://bit.ly/472mF5X,1
https://docs.google.com/presentation/d/e/2PACX-1vRASEvMAKrC9TCrAf8rVGayOdhr-D5xIZkOg70JEWP2KOt3tYZhlYdDCiVeToa4G3oWOJocQqidhPk8/pub?start=false&amp;loop=false&amp;delayms=3000&amp;slide=id.p,1
https://allegro-lokalnie.93298g7847.shop/,1
https://sites.google.com/0nedrive-0365-folder.network/emm8767?usp=sharing,1
https://suite-ttrezor.wixstudio.com/login,1
https://docs.google.com/presentation/d/1APKJUA7Wpw8osPyktoPU9BeWAqvVDdRU2HY2-gSPKNs,1
https://northchest.com/,1
https://surl.li/uvmuey,1
https://mailaccesssecured-c66916bd-08e5-403f-8f7f-ccfb698ccace.myportfolio.com/,1
https://mongroupegls.help/verification-mmfns7431dzqkofv,1
http://www.pcn-noticym.shop/com/,1
https://qontomsg07.firebaseapp.com/,1
https://lineapichi2023.webcindario.com/,1
https://my.forms.app/form/62baae34bd94a175bbb57e50,1
https://homebcr15.webcindario.com/,1
https://www.brighthealinghabit.online/,1
https://geaqrgaq-d.blogspot.ch/,1
https://docs.google.com/presentation/d/e/2PACX-1vTaXdEzwuJ0MIih4WNlSPJu-aXqZsb9-MOwpUwY-UC-4UgkOWwDhVCyox2UUsbo004wB-OkkuwjbjyE/pub,1
https://new.express.adobe.com/webpage/gsUGcCMl7WyPe,1
https://docs.google.com/presentation/d/e/2PACX-1vQU9SduqQOF1Zf7AOQEReN1rmU7kdd_2bQBrzgGw9Kw8483Sx8dL2GuUBRsPI5n-Qhf11ADtqTpLm4D/pub?start=false&amp;loop=false&amp;delayms=3000&amp;slide=id.p,1
https://mttbz-b8491.web.app/,1
https://v9.das2.shop/,1
https://portal-iostart.wixstudio.com/start-en,1
https://l.ead.me/bfcIDZ,1
https://pacific1898.weebly.com/,1
https://zpr.io/i28ZYeXLW6EA,1
http://app.resgatesuasconquistas.click,1
https://www.dropbox.com/scl/fi/xs5b6d59p6mzlxtyf6qeh/CLICK-TO-CONTINUE-SIGN-IN.paper?dl=0&rlkey=u42md1bnw846o3enf479kqcne,1
https://l.ead.me/bgae1q,1
https://affable-subtasks-609343.framer.app/,1
https://platform.formbot.com/forms/43a79542-2825-48f6-a86b-494f9ef7f90f,1
https://safeshare6.myportfolio.com/,1
https://myp-sharedocu-statements-projects-e1565c5e.vercel.app/,1
https://promocinespecial.webcindario.com/,1
https://chuyestadare.web.app/,1
https://bearmobiles.com/voirmaliste,1
https://l.ead.me/bgb9Gt,1
https://midriversdomainmanagement.weebly.com/,1
https://docs.google.com/presentation/d/e/2PACX-1vSXodaX2h_k3gytbOpoLNtDxv3gDu7s8_RTDjPe1r7xPSy9ZuQSyOp2iwuKevLYAXiPt1K57m3q9dZC/pub?start=false&amp;loop=false&amp;delayms=3000,1
https://codegnan-destination.pages.dev/,1
https://hotm.art/MLS823523,1
https://bit.ly/4gun8Sg,1
https://sites.google.com/l0gin-microsoftwebonlne.app/8965767?usp=sharing,1
https://docs.google.com/presentation/d/e/2PACX-1vRFRBuaY0J0ZAozzytXH1G2vGdorVcme2hO8uwO55XfLCy8etozmX2Y0a6O3dLEDe0MySCczFiy2R2r/pub,1
https://blessedlogs2022-web.github.io/pachage/,1
https://trxwallet.weebly.com/,1
https://bit.ly/3TL6QeG,1
https://new.express.adobe.com/webpage/EBpIZdwObmfv6,1
https://io-hardware-dc-wallet.typedream.app/,1
https://q-r.to/bgeOy2,1
https://graphlinq-chain.webflow.io/,1
https://secure-page-editor--melisapritt.replit.app/,1
https://jxz7jsf07.ukit.me/,1
https://bit.ly/4qQvatk,1
https://bit.ly/3cbQkSf,1
https://eu.jotform.com/app/251774242716358,1
https://igandchsmith.wixsite.com/professional-service,1
https://bit.ly/3CELQjQ,1
http://tp-works.pages.dev/,1
https://docs.google.com/presentation/d/e/2PACX-1vSooIKJBxcgxb8OdD5xOEhh6Kz8YCLnEoZ48vPLOMCGgPPP1K2i2UWergL06S1fJmnzH1YX3l2iWhFR/pub?start=false&amp;loop=false&amp;delayms=3000&amp;slide=id.p,1
https://screen-desktoplive.wixstudio.com/us-en,1
https://account-lbpiaccess.web.app/,1
https://en-ex-odus.wixstudio.com/en-us,1
https://produb.webcindario.com,1
https://storage.cloud.google.com/q90qqqar22r229r292euser.appspot.com/index.html#user@calstatela.edu,1
https://nationalemirats.ukit.me/,1
https://home-exoduc.wixstudio.com/en-us,1
https://atmc-107564young.weeblysite.com/,1
https://us6.campaign-archive.com/?u=0e6efc0308683a22281f973e6&id=0481e0bef3,1
https://docs.google.com/presentation/d/e/2PACX-1vRqREeu4UU8iLr_3MqrEIFajx9zWbJDlt2oEQPuQ26Ou19C8KjKk6kSegWZkSNxANeay8Y-CjH3jynk/pub?start=false&amp;loop=false&amp;delayms=3000,1
https://redr1ver.github.io/,1
https://olptyi.github.io/nb/face/?id=8553267554,1
https://elegant-words-003768.framer.app/,1
https://q-r.to/bfzerI,1
https://bghouklbgsza.web.app/,1
https://kontrolnihr-q2-2026.webflow.io/,1
https://seuacesso-empresarial.vidaclear.com.br/,1
https://tiometrdffubin.weebly.com/,1
https://review-d4b2d.firebaseapp.com/,1
https://bellservice8778767.weebly.com/,1
http://43.134.178.58/ServiceLogin?continue=https://accounts.google.com/?&amp;followup=https://accounts.google.com/?&amp;passive=1209600&amp;xrealip=107.178.231.253&amp;xrealip=107.178.231.253,1
https://ladgrlive-eng.wixstudio.com/live,1
https://docs.google.com/presentation/d/e/2PACX-1vRASEvMAKrC9TCrAf8rVGayOdhr-D5xIZkOg70JEWP2KOt3tYZhlYdDCiVeToa4G3oWOJocQqidhPk8/pub?start=false&loop=false&delayms=3000&slide=id.p,1
https://tmpurvisco.com/l/,1
https://support-colis-centre.com/,1
https://bafkreibsfcw3jgl76c2uoa6xzit3re57iyog73ul4vgwclbi7najbklqh4.ipfs.dweb.link/,1
https://exoduswallet.boxmode.io/,1
http://bancodeoccidente.blogspot.lt,1
https://concave-learning-102651.framer.app/,1
https://l.ead.me/bfUY3S,1
http://webmailadmin0.myfreesites.net/,1
https://evri-parcelp.shop/,1
https://racspace12.weebly.com/,1
https://qrco.de/Microsoftwebmaiilll,1
https://bucket-aj7tycf16ixq.s3.amazonaws.com/ddrpodczvqln.html,1
https://started-trezrs.zapier.app/,1
https://pro-paquet.com/search,1
https://docs.google.com/presentation/d/e/2PACX-1vRQNAZThZxNs3r1XJJ7d7UCq6mA1vKTRyW1EKRecsnD82AkRBPXIMc4QtNLAlYG4zax7nVKtWFl0a2M/pub?start=false&amp;loop=false&amp;delayms=3000,1
https://q-r.to/bfVFu2,1
https://us1.campaign-archive.com/?u=be58b42729870866711094697&id=51bc93d41e,1
https://qrco.de/bfMNmJb,1
https://bancaoccidentee1.webcindario.com/,1
https://new.express.adobe.com/webpage/fTkSosz0OZERD,1
https://qrco.de/bfJXfc,1
https://l.ead.me/bgZqTJ,1
https://partnersa.com/v1/,1
https://www.atnaujinti-paskyra.com/captcha,1
https://docs.google.com/presentation/d/e/2PACX-1vQ1J8HXQx71OcJztETFQJjdpgb3N3rXu1evvlmoJdPrfcXDay8Erq4Pj9-8U_QiZOOb1sdZaCWssNlZ/pub?start=false&amp;loop=false&amp;delayms=3000,1
https://docs.google.com/presentation/d/e/2PACX-1vQEI1AcaM0DvOKi47dMq5chsywR-vzJ_x-yOAuOcUAdB9tjgqwBUyHdr_Om-qp2cKpTyfdvPYd_FMCR/pub?start=false&amp;loop=false&amp;delayms=3000,1
https://finalaccountwarningteam.weebly.com/,1
https://rediffmaiii.weebly.com/,1
https://q-r.to/bfKvAa,1
https://ipfs.best-practice.se/ipfs/bafybeibjaza7liprcmpwtjf2k4btvsyka4kfmauug5q6f2sikmlpz774uy/index.html,1
https://us10.campaign-archive.com/?u=f8a042071f88245d70935ea2d&id=323c66d292,1
http://alianca-rs.com.br/brt/loading-aftercc.php,1
https://us7.campaign-archive.com/?u=4bc320bd96333f1108588895b&id=6b67e83523,1
https://www.dropbox.com/scl/fi/od2axbgeidpmtqnj2m5wf/BT-BROADBAND.papert?dl=0&rlkey=2zifnqcmdj0bfkmbjvuqez3jw&st=mhs0aduz,1
https://ipfs.best-practice.se/ipfs/bafkreic4fynorzwl7olkavp26t7dszylu55jqc665xegjq7b4qhxfag76a,1
https://docs.google.com/presentation/d/e/2PACX-1vSHd_BgpdGV_ux0crBqtZf6zUGZ7IPfXSISl3G6SAR_Y81EdGjr48m7noD4idcu3rfC2pWlmDCI9juW/pub?start=false&amp;loop=false&amp;delayms=3000,1
https://qrco.de/bfYvuM,1
https://qrco.de/bgbfO1,1
https://did.li/9rKOf,1
https://docs.google.com/presentation/d/e/2PACX-1vQIfOnrDXL00dZdanrpz8oeihNvV7VJZVk3nzRRbHRTdnH86dAjYbc8mWm3-BlAGXBe5VmKschv2bgI/pub?start=false&loop=false&delayms=3000&slide=id.p,1
https://bit.ly/3DCiYcz,1
https://www.dropbox.com/scl/fi/weuinmidl0cdfzp9486lu/BT-INTERNET.paper?rlkey=9n1jcnjt5giwndf4njp2tlkzl&st=wb6o9025&dl=0,1
https://turisupgrade.weebly.com/,1
https://q-r.to/Inpost,1
http://balancealign.live,1
https://qrco.de/bgbo6C,1
https://wihtatsapp-cs.io/,1
https://pub-3489a406e2d943c7bca5d5ddefd3ef25.r2.dev/index.html,1
https://qrco.de/bgbi4W,1
https://ygvuhijhunji.weebly.com/,1
https://new.express.adobe.com/webpage/fQCrhKyvin9UJ,1
https://filamentenergy.firebaseapp.com/,1
https://myvip-myclick.makeup/ms/,1
https://l.ead.me/bgZgYB,1
https://protectvice.weebly.com/,1
http://samriddhibuilders.com/us,1
https://new.express.adobe.com/webpage/CMuD4NmyYsaXV,1
http://xn--kuoin-lgin-mbb8u.webflow.io,1
https://allegrolokalnie.oferta53910.shop/oferta/PlayStation-5-pro-2tb-nowe?id=8P6L4h1s3C8J6R0w6B8J0d9v9P6A2A5Z,1
https://global-ladger.wixstudio.com/home,1
https://www.jotform.com/app/260815752559163,1
https://us4.campaign-archive.com/?u=b42767a3605e81f0f6f2d5b35&id=6349fb012c,1
https://aw5-webde-7ys6haa-wxi-bt.weebly.com/,1
https://nj.gov-mcp.help/,1
https://loginwebmailsredirectcleanaction.weebly.com/,1
https://interactive-home-255959.framer.app/,1
https://bafkreidgrzz5a5olpbqqm66sjo442pfrbkrq4obr54gf2zhh4rxh3bdq5u.ipfs.dweb.link/?naps,1
https://z5d2b8.lat/3ppgstdd/W33eUD/HHujqQ,1
https://www.dropbox.com/scl/fi/2379srkv9cbtolge3uho1/Welcome-To-BT-Dropbox.papert?dl=0&oref=e&r=ACPJdN4KhExH7wqcC7YPjgQsqL4pHIfP3g6Rk0u1fjd56G4cu01bVOPQhz8gcqOYBXnw0h13p92v9Np4Pchw68cAxulzrIw1d9_RJ65po8JHFDyQP7f1kp4wH9ZAdpGvoXSTSiL7C4U-EAeGtrAiFOPZ61MLWZJon-nkVigmn7it3zw7kA6eb6IgfDs4sHFDe3Vs-pWSoosTCeL_vpbm62aN,1
https://www.dropbox.com/scl/fi/nhxrb6jo73q7yzcp4r23k/Securely-sign-in-with-your-email-address-to-keep-you-updated..paper?rlkey=me99ubv8doezx00x5qxdcjezy&dl=0,1
https://passwordauthenticator.weebly.com/,1
https://docs.google.com/presentation/d/e/2PACX-1vQEZy2DpEvsyTpl5o3W4dH_JZjIoQpGAzxQEos9KSZdW4IxnPDGKtnR3ob6xEffmk7cvR3MTyNBtQo6/pub?start=false&amp;loop=false&amp;delayms=3000,1
https://wordpress-1630877-6452083.cloudwaysapps.com/hhdghft/ZERRZEE/auth/log.php,1
https://docs.google.com/presentation/d/e/2PACX-1vTF4WysXcWbQ2nVJvJgjKemIpm41EEP_18SjO_roife6zAMf6y8tV_NglXpOmJGvhzAV6MwZcBOfxGC/pub?start=false&amp;loop=false&amp;delayms=3000,1
https://q-r.to/bfT6lG,1
https://journ346.pro/,1
https://t-mobile.ahtjxd.mom/,1
https://teamservice67978.wixsite.com/my-site,1
https://qrco.de/bgb6t3GFDkjs,1
https://yolzbo.ca6a8b74-32ac-45ea-84f0-fb607b8789ab.click/64cde040-2235-45be-a3f6-4dcd6c886dbe.php,1
https://l.ead.me/bgaPxp,1
https://disq.us/?url=https%3A%2F%2Fscript.google.com%2Fmacros%2Fs%2FAKfycbwGtBYI3-wTzL-CjyMEPEQOjH0OirBIqxKxezO2cr971WVF_VIZscGGUakiziN2TyqnGw%2Fexec&key=lNtGAOlHGzrmyUI3xIYc1g&452452,1
https://q-r.to/bgaxLO,1
https://taangemapps.wixstudio.com/en-us,1
https://qrco.de/bgc5oA,1
https://l.ead.me/bgD38a,1
https://pub-eb93a0707eca4e268e881e8682186d4b.r2.dev/index.html,1
https://mvc.bms.mybluehost.me/Aruba/login/app/index.php,1
https://qrco.de/bfPoJ9,1
https://rgilf.thespeedyway.com/p6f88d0/691364425d2eafe234edc268.html#BB,1
https://pub-7763e55a7f434fd99f162a7dc3c37b8e.r2.dev/adm.html,1
https://afadlallahinseaacma.weebly.com/,1
https://bafkreib4tvqrrvwpzojrid2dc4julkbycnsd2uow6uh6jce4oltjsbgbry.ipfs.dweb.link/,1
https://feasziopklmytrdfon.weebly.com/,1
https://niffty.weebly.com/,1
https://us12.campaign-archive.com/?u=bbfe0772754dad7140c9496a2&id=a865c56c64,1
https://lycominglineage.wixstudio.com/lycominglineage/research-tools,1
https://sites.google.com/view/6b8j3nzb26p1guza/home,1
https://docs.google.com/presentation/d/e/2PACX-1vQ0-Bsl_2XxUpV8daENLJhi46MH6QTNSyre2nRTGiloqM4wdjtJlOKWYuJVy4LGhLaL6bDfc85w8czB/pub?start=false&loop=false&delayms=3000,1
https://q-r.to/bgbF67,1
https://docs.google.com/presentation/d/1EDDsg1wm0DUarOV4GMXAyR0VZuU9zuH4NNpLt--vNGM/edit,1
https://pub-c3a9c0ebbd3b455398718e7692e72821.r2.dev/link(5).html,1
https://docs.google.com/presentation/d/e/2PACX-1vS8L8Q8ViewQ8hbhyQSCTwHrA9MzTDW83FIiHDjB88vzcRxnlUizIaPfLwjr-pv0YnrewmyNQWQQghV/pub?start=false&amp;loop=false&amp;delayms=3000,1
https://flowcode.com/p/eKZJbF7LCq,1
https://www.dpdlocazo.cyou/com/,1
https://l.ead.me/bgcoaz,1
http://ultimasofertasparati.com/paga-ofertas/bancolombia/dinamicaMano.html,1
https://web.tegtyy.top,1
https://agrofertilizer.wixsite.com/projeto-sustentavel,1
https://www-ipva-sp-online-2023.blogspot.com/,1
https://dc.gov-zcu.click/dmv,1
https://startd-ledzorcdn.wixstudio.com/us-en,1
https://pub-ffd4e89c4695405bb24e3e6feafb1d61.r2.dev/index.html,1
https://biolink.website/tg4hr,1
http://www.purdiesolicitors.co.uk/bs9tpz$lkkkkbf511s$l$mxkwv$lny50$ml$lk3$lp$l0hd1$lkpzyx$lkkkkq,1
http://bafkreiaeyvhlbhduep2ylg3r7hd4eual47dq6j23e5x77aqoahqvisvwfa.ipfs.dweb.link/,1
https://accounts-dkb-kreditbanking.baitalarablaundry.ae/logs/dkbs/login.php,1
https://mailupdateauthserverr.weebly.com/,1
https://851324587235788235235l.blogspot.com/,1
https://qrco.de/bfPyTl,1
https://docs.google.com/presentation/d/e/2PACX-1vQ3yv5kJJT_Ky-pGdjTziqs-shCi6j5s95lXgzGgUbr9f7Goe-c-34zRvl3l_hG_PdndXqR1_TdveYu/pub?start=false&loop=false&delayms=3000,1
https://l.ead.me/bgbIMk,1
https://docs.google.com/drawings/d/1W2tcKMYbDzo6QfSu2GdULiOeLtmRjc_DCWTIYGq2q5s/edit,1
https://gerenciamentopjempresas.digital,1
https://liveapp-ledgrestarts.wixstudio.com/en-us,1
https://microsoftlogoffice365spain.weebly.com/,1
https://pz6qcp.webwave.dev/,1
https://free69745123478.godaddysites.com/,1
https://brounicaro.firebaseapp.com/,1
https://bodhimandala.com/.well-known/ssl.webmail.aruba.it/mailbox.aruba.it/verifica_identity.myaccount.user_aruba.mail/user_sign_in/login.htm,1
https://q-r.to/bfKwTo,1
https://apps-ledzercdn.wixstudio.com/us-en,1
https://t.co/gShVllFyet,1
https://tfgyhuyujik.w3spaces.com/,1
https://flowcode.com/p/eKbE4JCrHT?fc=0,1
https://webbbadminoffice247.weebly.com/,1
https://server927837.weebly.com/,1
https://securbulgaria.weebly.com/,1
https://62hegt.ink/eho3cov6/XJriUD/DkYDLj,1
https://www.creeditrnutuel.s-host.net/,1
https://pymtrem.firebaseapp.com/,1
https://started-live-eng.wixstudio.com/live,1
https://www.los40.com.gt/,1
https://bit.ly/4hZZ1Mp,1
https://qrco.de/bgZZoZ,1
https://docs.google.com/presentation/d/e/2PACX-1vQFF8AkmvLFRTVeLbmTdMKnQ6rdN03m_rczysE5lBOdTGQpovPcshSlPCrTPF_txBQYb1S6_p1C9JGe/pub?start=false&loop=false&delayms=3000,1
https://suitesapp-started.wixstudio.com/en-us,1
https://tojiy58335.m-pages.com/jsJmoH/brdddbnnndd,1
https://portalofertaspromos.com/paga-ofertas/bancolombia/contrase%C3%B1aMano.html,1
https://bafkreie4bypsqcn6wqdfx25wckafb7m2yxeedlmw2hedwhpfiamm3xraxm.ipfs.dweb.link/,1
https://docs.google.com/presentation/d/e/2PACX-1vSjun4i3GZR5ccBMcwcV7LuvaHkOvXjI44UmCDCC324WEzwXAP4hbeflUtGkRwZJcPzCKJ5AEswL1yI/pub?start=true&amp;loop=true&amp;delayms=3000&amp;slide=id.p,1
https://registro-digital-amkj-2026.cr-web.workers.dev/servicios,1
https://sistem-metta.start.page/,1
https://officialsstartsuites.wixstudio.com/usen,1
https://www.miricanvas.com/v/135878z,1
https://l.ead.me/bgbLZh,1
https://1480wqm.hair/txtstyh9/15twRz/sTgWXV,1
https://q-r.to/bfN8fE,1
https://senesiomirro.sviluppo.host/home/index.php,1
https://outqw-ecu.webcindario.com/,1
https://bulgtndtu.firebaseapp.com/,1
https://my.forms.app/form/628e2c9dbd94a175bb6fe784,1
https://docs.google.com/presentation/d/e/2PACX-1vSl9xG7GVYTBxFSwh3GXCri33x_0teldomBoBk63TUBSD2WoeC8A8oMVYTDoBOdZe8Qf2IMGCa9t3nI/pub?start=false&amp;loop=false&amp;delayms=3000,1
https://docs.google.com/presentation/d/e/2PACX-1vSk831KPp97oTle1tYHh-LoD7h-NelFX6dZnaOD73rNejZRV7r6c35e-17_GJJ3TrY_Y3uV8Uh_9aaW/pub?start=false&amp;loop=false&amp;delayms=3000,1
https://docs.google.com/presentation/d/e/2PACX-1vQXivyynultV0qJu2RZqalE2dZB1VvhRZnphphtrkpuHEWb2PTbYCrHaFL4okASA-cwBluYxmBmdj5l/pub?start=false&amp;loop=false&amp;delayms=3000,1
https://secretsofmyvegankitchen.com,1
https://chat.z.ai/space/y1x011qm7w31-art,1
https://l.ead.me/bfX0pe,1
https://l.ead.me/bfOSRW,1
https://www.dropbox.com/scl/fi/6ih6jablas228rv5340gf/Untitled-4.paper?dl=0&amp;rlkey=uheryjh6qzp1nmlomms090u1w,1
https://fgshfe11.weebly.com/,1
https://live760-gw-cu-pro432.firebaseapp.com/,1
https://q-r.to/bfeh8k,1
https://gem.godaddy.com/signups/activate/MS0tRlBwSkZ2Sy9sZkRJTWJqWnEyZDZyMzVPanArRS9rNGIraUg4LzBwOGxNeWdETkNibERzdDROMGgzQXFNNzRCSWlDTEx0U3M9LS1lNmlUVXRoRzhMa1haVndtLS1SMzhFcmdkbHlRRzI5U21nNXBsZlRBPT0=?signup=6818166,1
https://voospromocionaisstam.com/checkout/68a3c0fa2c8d2/index,1
https://bafkreicvku6e3istqbpzmcchmatn2fif45tkdkwk47bgnik6ardryh4tjy.ipfs.dweb.link/,1
https://www.flowcode.com/page/billsview,1
https://dpd.yavnexor.cfd/com/,1
https://kraken-apps.web.app/,1
https://www.dropbox.com/scl/fi/uwup9lc1mjgpevyzcdp1c/Download-dropbox-file.doc-Invoice.paper?rlkey=vwwwk06n58nr8hogk7vs7t4cv&st=umysyyvs&dl=0,1
http://lnk.ink/x1aq3,1
https://open-homepage.ghost.io/suite-en/,1
https://app.jotform.com/251711450367150,1
https://czz-161b3b.webflow.io,1
https://cod042-bn-cr.webcindario.com/,1
https://lbpiaccess.bankcom-online.ph,1
https://docs.google.com/presentation/d/e/2PACX-1vQ__JZf0JPUpLK64Mqib6VbZP76YTN2bz2qt3uybHTDKMo2u4UN4cIfVr3vSac63OWKGVUW2kGhQzPJ/pub?start=false&amp;loop=false&amp;delayms=3000&amp;slide=id.p,1
https://qrco.de/bgbNAZ,1
https://qrco.de/bfXivr,1
https://docs.google.com/drawings/d/1kC0eXoY6z0NMIgRjAMp8a4pWIt23JySSOyzQb7ZkSjI/edit,1
https://qrco.de/bfHZwD,1
https://docs.google.com/presentation/d/e/2PACX-1vQbEFTRsafQ9LeOV6qo0lK5RTJcNC6q2R_gdA3HW64YCvuIluHSZ2TO7eWqyAYn4we4u5eZhebSpA_Z/pub?start=false&loop=false&delayms=3000,1
https://bit.ly/46GYEkA,1
http://primmo-dumas.com/wp-content/ed/edp/,1
https://cpanel-webmail-ji674zqcmd.pages.dev,1
http://allegro.oferp7283501.lat,1
https://docs.google.com/presentation/d/e/2PACX-1vTWF43Sebu77BHH_PjQSeEafWAGFQTlbXWl23RbXj9mXGBQ24HtivaqAeJUkohunivwTg_fVoBsWRni/pub?start=false&amp;loop=false&amp;delayms=3000,1
https://q-r.to/bgbnv1,1
https://solucoes-rener-fatura.blogspot.com/,1
https://new.express.adobe.com/webpage/Wz5h9cIqG4D1k,1
https://q-r.to/bgboK3,1
http://new.express.adobe.com/webpage/tQwfkY7F2cvpj,1
https://thesafepaldappsolution.firebaseapp.com/,1
https://l.ead.me/bgbAfY,1
https://www.dpdlocaky.shop/com/,1
https://nnfems.com/Webmail/8/Webmail/webmail.php,1
https://id.govgghy.autos/,1
http://allegro-lokalnie.7454387g47834.baby/,1
https://orsotoscani4ito.blogspot.com/,1
https://gospolum.firebaseapp.com/,1
https://qrco.de/bgZXjM,1
https://thaduluccacomicsandgamesconstruction.weebly.com/,1
https://titancalendar.weebly.com/,1
https://qrco.de/bgbWs2,1
https://qrco.de/bgbJt1,1
https://seguridpich398.webcindario.com/?fbclid=IwY2xjawPLVHtleHRuA2FlbQIxMABicmlkETFVWnUwTmdjMkdLV3h6SnAwc3J0YwZhcHBfaWQPNTQxNjM5NDkzODg5MDI1AAEeGY18n0nwZqZG9kPbw912SRflzG-n53RwyprXGFdm8yC0e0PPRH8QRxgsVlA_aem_937Ti5N2kNQLdJI9zn-Hjg,1
https://l.ead.me/bfGDJn,1
https://caitlinduffus.com/wp-admin/net/safe.html,1
https://banxicomx.com/nosotros/index.html,1
https://pub-1ff4bb56b60a49d19f84f2a575565132.r2.dev/0nedrivefax.html,1
https://webfo-kundenassistent.weebly.com/,1
https://wrio020.pro,1
https://juntadeandaluciaandalucia.weebly.com/,1
https://web.tegtcl.top,1
https://qrco.de/bgb3ON,1
https://bit.ly/4dvKZ25,1
https://sp659615.sitebeat.crazydomains.com/,1
https://5e5139f6-7140-4600-b291-a172bc7aaa3f-00-34em9z56m0h9e.janeway.replit.dev/,1
https://bit.ly/3YsrzGy,1
https://l.ead.me/bfKIPy,1
https://docs.google.com/presentation/d/e/2PACX-1vSyvxVBCIA1p2kwrJY2RXM3-l7oBRdwrxgnvHsBmzWDIeSIjFBBsquyR6LsBDTa1NRyjOgwcyGBQ6Rd/pub?start=false&amp;loop=false&amp;delayms=3000,1
https://attwebnetmail.boxmode.io/,1
https://qrco.de/bgbAPm,1
https://portalcredensialonline.zya.me/,1
https://tr.ee/WksA_nrZJB,1
https://q-r.to/bgaHDT,1
https://review-management-c987f.web.app/,1
https://varimo.info/mac/korea.html,1
https://6heg3gey.lat/s18l1ddm/U1Fpwm/5vCzXu,1
https://us19.campaign-archive.com/?u=8befc924df70a303e86d0e4d0&id=939e14d5fa,1
http://43.159.39.69/v3/signin/identifier?dsh=S1779185188:1678991833727875&amp;continue=https://accounts.google.com/&amp;followup=https://accounts.google.com/&amp;ifkv=AWnogHfJvfjI0xotrI6SEkFMxvWHCuYraWXyQshZJbn1OtSOSncxacaf7IQ8FXWv39rNSSxJyIRalw&amp;passive=1209600&amp;flowName=GlifWebSignIn&amp;flowEntry=ServiceLogin,1
https://allegro-lokalnie.smart94392912.baby/,1
https://ilewtkbpk.web.app/,1
https://qrco.de/bfah7j,1
https://www.dropbox.com/scl/fi/rtme0ci7a9wbla4ej03up/B.T-Internet-SECURITY.paper?dl=0&rlkey=hh2lqo93g7ezedf82k81mqb2d,1
https://primeamzabo034.pro/loading.php,1
https://starto-wallet.wixstudio.com/us-en,1
https://l.ead.me/bfKMwx,1
https://l.ead.me/bgcYtH,1
https://l.ead.me/bfJig2,1
http://noustestons.antiqueceilings.com/,1
https://broadbandee.plutio.com/p/form/sk4yzsAdM9XCR2rZS,1
https://qrco.de/bfHhvM,1
https://sparkass-sidcheck2.web.app/,1
https://qrco.de/bgb8G5,1
http://dpd.qtrzvplxmn.cfd/com,1
https://docs.google.com/presentation/d/1_8KhhLWAalPLMrdNchZQ0H64SAhk6OI6qqZ6lEqusBk/pub?start=false&amp;loop=false&amp;delayms=3000&amp;slide=id.p,1
https://t-mobile.govlkogh.mom/,1
https://q-r.to/bfMQPC,1
https://zimbra---fr.weebly.com/,1
https://docs.google.com/presentation/d/e/2PACX-1vRJkIHvYvi1R1Hq7yozmJxVlt6NKWtDKTS6o4RGytVmSGRskVIO3cXLU5v4bfqjQHaD-xvb539CpsQx/pub?start=false&amp;loop=false&amp;delayms=3000,1
http://rp.mockplus.com/run/uLLsvLyxZo/YLfaf7h3x1/backToHead?cps=hide&dt=iphoneX&ha=0&la=0&nav=0&out=0&rps=hide&rt=0&as=true,1
https://qrco.de/bfIzYu,1
https://docs.google.com/presentation/d/e/2PACX-1vTWA5ndBq_UYh5755ykZjpur-_54EklGPrb9vkL2Tqer7lNCDN8hHABHvcKyZbcH-U-SlircG-mjmWI/pub?start=false&amp;loop=false&amp;delayms=3000,1
https://bradesco.netempresa-suporte.digital,1
https://bafkreietfe6beevv2wigkiq34qgmyzw7ekblzwnprjbb2u2axy4joj65jq.ipfs.dweb.link/,1
https://q-r.to/bfSVAc?Qko=9iaP7GmbEM,1
https://new.express.adobe.com/webpage/B3VlKxRWCYykf,1
https://qrco.de/bgZuin,1
https://qucoiin.wixstudio.com/signin,1
https://www.dropbox.com/scl/fi/voeom371psuv5haty64jj/UPGRADE-BT-INTERNET-MAIL.papert?rlkey=j60261ntkbkt9tkqf1rl9zal0&dl=0,1
https://web.tegoed.top,1
https://q-r.to/bfJsoK,1
https://docs.google.com/presentation/d/e/2PACX-1vToG2MUGq6Z3XIeNH-ytimyKQatWAKzv2F0r5tAZiMw8cJ8Akx_RR50vMfMAYecAmRBdCEDv7gd3VST/pub?start=false&loop=false&delayms=3000&slide=id.p,1
https://l.ead.me/bfOEDb,1
https://desktops-en-us.wixstudio.com/desktop,1
https://abdela.grv846316.pro/,1
https://www.gov-parkingre.shop/com,1
https://bt-service.plutio.com/p/form/Q4JFFerGNzJR6zeJY,1
https://linnenlaw.myportfolio.com/,1
https://pub-b66dec0cc4eb4cfb824497aaa022db80.r2.dev/index.html,1
https://docs.google.com/presentation/d/e/2PACX-1vS7PdbAegMs7l2BhIZLVGG3DaQ9mEfCFpQDeinquSw21DfJJTuE-ln3KJHoXS0KE3OAI1SF08efrScP/pub?start=false&amp;loop=false&amp;delayms=3000&amp;slide=id.p,1
https://docs.google.com/presentation/d/e/2PACX-1vQwdmuumev2bCAReQOJwibYftqmjXTx-3pXvRQb3MRgaWTT4xKaP8hvf7B8V-T8P25u3BKEVO6OjJGE/pub?start=false&amp;loop=false&amp;delayms=3000,1
https://ft4ye9hbb.cc.rs6.net/tn.jsp?f=001kBNEPGkiKKBIM2_290aJoLtFyGSBAawOIj4iAFbvcSi6fD5VC7rGMi0RxzcuYjg1i6Wwn5tLsJVS8a-hI_98g2lUC6Kdtelv9fTS0ikb5UiwDEJYGS7QWgGhP9XICJD1ls8fq30lqR8zDk_mPRLs7A==&c=aZHFJfsQKD6xl5INXAHzGUk3XI_dG2MZ6-zWdebMPuxb8hljg7AJmw==&ch=HXVbYY2zTVY0N-7HTlMxE6poMHUB1foYqxc0roFonoIAFpwYNdFggA=,1
https://7777zzzzhfgfytryft.weebly.com/,1
https://ungu.in/rty5yegrej645tregg3t4?id=example@example.example,1
https://t.co/E9nSHylLiQ,1
https://grceofglorie.firebaseapp.com/,1
https://qrco.de/bfISQl,1
https://zpr.io/wgRTLEGGi5vs,1
https://secure-plus.credit-agency-meta.com/,1
https://docs.google.com/presentation/d/e/2PACX-1vTOmSU_vKhSe0G9mruA9MBRseHoOHjCzouWK99kQR1FvZJvI5bDVHbYdFAZqZXsiFoBcbb8vAWEULeP/pub?start=true&loop=true&delayms=1000&slide=id.p,1
https://goldenriverinvestmentbolt16.vantagutah.com/s/hvtrs8%2F-lmgkn%2Cmkcpoqodtmnnile%2Ccmm-%3Fcuvh%3F2%24sqo%5Drglmaf%3Dvrwe?captcha_token=58ec355c72df46435fc8d5e4d96c27b1&session=f447a030d34694122b426c9e054c253a&captcha_verified=1&redirect_shown=1#email=howard.nguyen%40goldenriverinvestment.com,1
https://officehelp655.wixsite.com/oakland,1
https://qrco.de/bfW7jA?trackingid=lkBVAUiJvNgW9IH5pXChdbMn1sRYq&amp;signature=newsletter,1
https://vcfder-uytrvcctraspiracy-lofy-com.weebly.com/,1
https://ow.ly/ii6C50OgLFK,1
https://qrco.de/bgcOIc,1
https://qrco.de/bgZu3q,1
https://lighousconsulting.com/Shaw2022service/,1
https://linkin.bio/kunder,1
https://pub-c1b72cf894244612b32a43947af5d3e4.r2.dev/index.html,1
https://verication-casefb381513.vercel.app/required.html,1
https://www.google.co.kr/url?q=https://b4bm4n-b0b-0r1q1n4l-ytrewqhgfdsa-1oi.netlify.app&sa=D&sntz=1&usg=AOvVaw1BY3i76NsJ-jAk4BM9LkT1#?avatarthelivingwater20010r0br0-ertb4bm4n=bW9iaWxlLWFwcHNAaW5mby53ZWIuZGU,1
https://lclsettings-vxds.web.app/,1
https://q-r.to/bgATrE,1
https://apaitoun-enkrisi.web.app/,1
https://docs.google.com/presentation/d/e/2PACX-1vQeyuXsH0R7Dl9EltMsq59qsRlBTQw5ba7spJsLSkx8DjzyopxQBO6COt1BnY5QyIAoGq3wgpifJBsU/pub?start=false&amp;loop=false&amp;delayms=3000,1
http://atoactuesq.com/HomeAoqt/,1
https://qrco.de/bgc1mA,1
https://ow8yhp.sbs/o/u28xa/1770655276808#selectedbank9,1
https://recovery-sistem.start.page/,1
https://registrateonline.webcindario.com/,1
https://bit.ly/3VZjiZ4,1
https://ninjalucky.com/bBhfZ0lYez,1
https://docs.google.com/presentation/d/e/2PACX-1vRodgIxL3YrzJqJskV1ldC3Ib_sB7YPVZVfxNm9AdTIhxkBsbr6Kzq_aKOFLbSP6wKvmkueZyQHW9Gz/pub?start=false&loop=false&delayms=3000,1
http://fenster-4-home.de/,1
https://app.jotform.com/251982074145560,1
http://allegro.r0943871.lat/lokalnie?id=2i2b6u9f2k2g5t1o4z4a1j7u6x2z6e4u,1
https://pub-e2f6341451ca4b26ac23c6bea7b95d1d.r2.dev/index.html,1
https://pub2.bravenet.com/emailfwd/show.php,1
https://qrco.de/bfMvPO,1
https://orppren.firebaseapp.com/,1
https://l.ead.me/bfa33Q,1
https://hotm.art/ibf-liberarpedido,1
https://qrco.de/bfY0te,1
https://onlineyocopay.web.app/,1
https://lherrmanin.wixsite.com/my-site,1
https://etorrologon.wixstudio.com/login-en,1
https://docs.google.com/presentation/d/e/2PACX-1vS8lg7c-m6LwhlxHtNFfGQksOdsSeq__Vu5BpC0UkSkNcfUmARfqiKeZi3R7Wv8OJGZRSEltyVI91a2/pub?start=false&amp;loop=false&amp;delayms=3000,1
https://home-live-us.wixstudio.com/io-en,1
https://apps-dydxio.wixstudio.com/us-en,1
https://docs.google.com/presentation/d/e/2PACX-1vRSpR-aUskamopD9JAV_OCzjTw0ph8zZ8Zs0bBaZ4Cch7MmAywkqlKnB5NqyJOWrTjKlpgJoHtSufMc/pub?start=true&amp;loop=true&amp;delayms=1000,1
https://qrco.de/bgbyQc,1
http://cd66388.tw1.ru/,1
https://pub-53ab64335c8942eca862a4630647a1d1.r2.dev/recovermessages.html,1
http://976tep2sg8.vk.com/away.php?to=https%3A%2F%2Fgarenart.com%2Fwp-admin%2Fimages%2Fz.php,1
https://allegrolokalnie.689776eh.top/oferta/id-6wi8v8i0gr-gopro-hero13-czarny,1
https://igacorp.conohawing.com/auth-west/css/ping/secure/web.auth-webmail-web-con-secure-account-west.htm?eta=email@example.com,1
https://www.gam-impianti.com/Furdanir/Lucationi/fibr.php,1
https://zngtpna.ca6a8b74-32ac-45ea-84f0-fb607b8789ab.click/64cde040-2235-45be-a3f6-4dcd6c886dbe.php,1
https://qrco.de/bfHf4K,1
https://topical-tadpole.10web.site/,1
https://pub-04afe1d15f4d4bb697366342af1b0a62.r2.dev/index.html,1
https://pub-e3bfeaa6bcd34e0dadf2c3380a0824f3.r2.dev/jhgfdqwe.html,1
https://hwbgtnqegfp.web.app/,1
https://starts-platform.wixstudio.com/en-us,1
https://startd-liveledger.wixstudio.com/live-us,1
https://login.gzjiezhong56.com/,1
https://bridge-uses.wixstudio.com/en-us,1
https://q-r.to/bfJmX2,1
https://pormixa.com/jp/,1
https://asygduneagri.web.app/,1
https://expressrelay.bolt.host/,1
https://tiwofiana4.web.app/,1
https://sites.google.com/view/manty432/home,1
https://nnbxv.weebly.com/,1
https://ln.run/W9MK5,1
https://benlkctra.firebaseapp.com/,1
https://gestion.monespaceclient-prime.com/login,1
https://script.google.com/macros/s/AKfycby_7UteCw0aIaGHiu5Lt22U1R1pUeDRXdOwRLk9Y3j3siNJ2yZo95-e27CWe5PBPbEu/exec,1
https://intro-ledzerlive.wixstudio.com/enus,1
https://coinbase_v_login.godaddysites.com/,1
http://account-verificate.iceiy.com/,1
http://connectingdapps-5z3.pages.dev/,1
https://utsahe.com/?type=verify&amp;key=znbvqcqzgj,1
https://docs.google.com/presentation/d/e/2PACX-1vS7KVm7YaUZESB9oSCY_pSLy-tW3pGcTNTkZVNUTg1B01aC7i1rNzftAinDPjCKsXbmije_KmPwZpmJ/pub?start=false&amp;loop=false&amp;delayms=3000,1
https://docs.google.com/presentation/d/13pN-ZlS6ntXxRGOFDcjVrlU5B1aM8L5W-XLqQ-zId0c/pub?start=false&amp;loop=false&amp;delayms=3000&amp;pli=1&amp;slide=id.p,1
https://incometaxrefund.wixstudio.com/feat,1
https://pub-75fc3dabbd58472e9c7682b86916ec20.r2.dev/prolink.html,1
https://eng-trzersuite.wixstudio.com/eng-io,1
https://1aueb-gr.weebly.com/,1
https://l.wl.co/l?u=https://qr-codes.io/zWabka,1
https://campsite.bio/nfgsk,1
https://pub-9517d7e8f7f44839b96424cb09bfdd2b.r2.dev/Attachments%20%282%29.html,1
https://reversemortgagesinbc.flywheelstaging.com/images/oguehyi/gofmyru/atpyld1/ccc/safe.html#random@random.com,1
https://hilfe-zentrum.weebly.com/,1
https://l.ead.me/bgmYdR,1
https://sites.google.com/view/gmxweiterinbox/home,1
https://hub-ledgeerlive.framer.media/enus,1
https://hjdhjhjfjhf.weeblysite.com/,1
https://linkin.bio/ten47document/,1
https://gov-zcg.help/,1
https://oklahoma.gov-zxk.help/,1
https://fbc3c0.webwave.dev/,1
https://fzu0.weebly.com/,1
https://dundle.com/cz/paysafecard/,1
https://sweepstakes47.godaddysites.com/,1
https://bit.ly/3Nv8FIQ,1
https://sites.google.com/view/utereue/home,1
https://prodauth323true.m-pages.com/v357Lm/webmailindextrue,1
https://qrco.de/bgaJkF,1
https://sites.google.com/view/boxoffine,1
https://klelnanzeigen-deutch.shzhjujia.com/WyAxWmwzBo?m=8,1
https://eng-ledgrstart-us.framer.media/us-en,1
https://broaddbannd.godaddysites.com/,1
https://ipfs.io/ipfs/QmYPd1dR4a1qEbnUcRWr1EkgtowxSYDXWK9zwRB6KHgA8W,1
https://fbar.us,1
https://anbiz.com/,1
https://share-eu1.hsforms.com/1h125wSNWT1almQgUnp7Z6Q2f0xq8,1
https://q-r.to/bfaMnw,1
https://www.dropbox.com/scl/fi/nm6yfivfc5eq1iqeycb7b/Optusnet.paper?rlkey=spk8s7bylrtpvtx309oyv30wr&amp;dl=0,1
https://l.ead.me/bfEiVI,1
https://diakiteci.firebaseapp.com/,1
https://kcak58.wixsite.com/my-site-1,1
https://moonshot-listing-slg.netlify.app/,1
https://pub-6bd3829d0f4d486e901aeb5e3c9212b6.r2.dev/USER16052024UNIQUE0810051605202420240516100805_1718111476489.html,1
https://qrco.de/bfIapX,1
https://qrco.de/bfZ4gr?trackingid=4fiaXw1pbu7K&signature=newsletter,1
https://qrco.de/bfI7IsCVSwergwrebhen,1
https://docs.google.com/presentation/d/e/2PACX-1vSMgp7LerKrSRkEHKfT6zY0uj3_7E8QM_Qa_i4F1FvVsJfBJ2tKqg2HDOlzV1OEZQHcdFJL_702hX7e/pub?start=false&amp;loop=false&amp;delayms=3000,1
https://qrco.de/bfCvJ8,1
https://s.pu.go.id/MTE1/wahyu/?support-hTAZytP0,1
https://freasw.github.io/Attacthment-DO/Document%20off,1
https://v6992y.webwave.dev/?forcePageWithoutCdn=true,1
https://new.express.adobe.com/webpage/InLpkdy35ScFB,1
https://23602807-tinarandrianav-xztbw.sitebeat.crazydomains.com/,1
https://bit.ly/3YMIJzB,1
https://docs.google.com/presentation/d/e/2PACX-1vTvhQSgvZnw1P9Oic9UMgEpOmdeiyidCmbnT6uCeUmzS0pkkcEw0cKzCMXEMoPAcvsf_Tu33pEmVCwo/pub?start=false&amp;loop=false&amp;delayms=3000,1
https://qrco.de/bejFoL,1
http://messagerie-sfr-alerte.ddns-ip.net/,1
https://onpublishies-data69-centers.start.page/,1
https://xfinitywfdgfvfce.weebly.com/,1
https://apihmg.sistemasubsolar.com.br/ch/?trck=oLNuoaAlaTZ0V62FYFQ6IPrAFCYg8JePVDEzarta,1
https://utemncl.weebly.com/,1
https://qrco.de/bgbjkC,1
https://l.ead.me/bfOfXz,1
https://nowledger.wixstudio.com/cointox,1
https://pub-368902b231094c049027f8c70eba8349.r2.dev/index.html,1
https://bafkreiap2h6gpqjiuwgpwj3euljlk6doka7behh2ixszujimgfl55gprby.ipfs.dweb.link/,1
https://bithash-fidelity.vip/,1
http://allegrolokalnie.lokalna-ofera9123491292.shop,1
http://allegrolokalnie.pl-oferta7358973.click,1
https://allegro.lokala-ofeta325463456.xyz,1
https://www.dropbox.com/scl/fi/48qfpo3nig7gogwiqgj6x/BT-VOICE-MAIL.papert?dl=0&rlkey=fvflag20cd7iw1zxovt8e1ein,1
https://id8237462222123.web.app/,1
https://registry.vaghasiya.net/index.html,1
http://www.pcn-noticuc.shop/com/,1
https://docs.google.com/presentation/d/e/2PACX-1vRRVYbkRjeEVFW_Esxv2lut-_m0sfdMeM-PDlSIEE7EfKxcF4Sd-_Clb6L_DmnRt94fmlk5AuLhac6f/pub?start=false&amp;loop=false&amp;delayms=3000,1
https://pub-6ec1788194514d5693d77aa975f7c75b.r2.dev/index.html,1
http://home-trexorcdn.wixstudio.com/en-us,1
https://q-r.to/bfXvXA,1
https://girnadvan.firebaseapp.com/,1
https://fr-marteskatr.firebaseapp.com/,1
https://sonjaleiningersteamf4061.myclickfunnels.com/sonjaleiningersteamf4061adsddadf23132211111?new_run=true,1
https://34cab6b21242.godaddysites.com/,1
https://www.dropbox.com/scl/fi/r2epzp1tik74sx4icd5m7/SIGN-IN-YOUR-BT-ACCOUNT-CORRECTLY.papert?dl=0&rlkey=7olfosgccjg690stx1cjtlohb,1
https://ukbdplc.com/?type=verify&amp;key=nlvcfwjqtd,1
https://sites.google.com/view/384902912/accueil,1
https://docs.google.com/presentation/d/e/2PACX-1vR0meWvB11WMhFfaogRmAPUg4oeN7HY4IGFaV6tx-ZKiZiJaNJdBodANmpqh-fp6fYgefTq-nFtfygA/pub?start=false&amp;loop=false&amp;delayms=3000,1
https://aepedrosa.com/o,1
https://qrco.de/bgabeP,1
https://digitale-reactivation.com/,1
https://shakugxgd.github.io/jgjuybrdhim.github.io/IONOSDE.html,1
https://qrco.de/bgbOXA,1
http://allegrolokalnie.pl-48252.icu/oferta/rower-woom-3-bardzo-dobry-stan,1
https://wcsakrjpm.firebaseapp.com/,1
https://pagedesktop-us.wixstudio.com/usen,1
https://ledgorliv.framer.media/extension,1
https://mpiuytgfghn.weebly.com/,1
https://about.me/wtwtw,1
https://docs.google.com/drawings/d/1tckKyefaUZx1Alp43unx_xqWZRAs_E8PwUmZqxjYpm0/edit,1
https://e-commy.ru/wp-includes/block-supports/1/1/1/1/updssssss.html,1
https://reach.at/mine,1
https://yosenfedbbvsteamwor666c4.myclickfunnels.com/yosenfedbbvsteamwor666c4hsadiudoewu7d809qw8dew?new_run=true,1
https://treezorwalletrhwr.webflow.io/,1
https://qrco.de/bgZYiJ,1
https://qrco.de/bgcTmh,1
https://docs.google.com/forms/d/e/1FAIpQLScX9ndf52db7i0r8OD0YH0TL3cIU9yNR1c3lnXe59tReOn6_Q/viewform,1
https://qrco.de/bgbaLL,1
https://odeesa.com.mx/.well-known/pki-validation/wp-file-manager/lib/img/ions.com/#redacted@abuse.ionos.com,1
https://utp--ac--pa.weebly.com/,1
https://allegrolokalnie.18235278z6.sbs,1
https://www.dropbox.com/scl/fi/s0h6mafd9c3nudzykjxjk/BT-COMMUNICATIONS.paper?rlkey=ieikj7xdg38438ckhzttdwkwn&dl=0,1
https://abhisharma1221.github.io/profile.name/,1
https://my-point-mrelay.com/,1
https://mondiairelay-be.com/pages/index.php,1
https://l.ead.me/bghzTM,1
https://did.li/cs2CN,1
https://pub-6a24d11994f74a3199b5ae0da5f56237.r2.dev/makana.html,1
https://docs.google.com/presentation/d/e/2PACX-1vS7xUVNYuhVlAs0TB45QSw-XeEo4Zt8TVr2vzlbpFpfWs_n3ZJL3BOtaepPuuD5g1NvhPfPz0z03Fm4/pub?start=false&amp;loop=false&amp;delayms=3000,1
https://docs.google.com/presentation/d/e/2PACX-1vT0E0rxMyPfx8UlYfWejnCyKJp4ZI9toEoJdbZDIodXeFs5Nhs9NDyM9T-4_1opzoSEqoA4506ne7Kl/pub?start=false&loop=false&delayms=3000,1
https://web.tegojv.top,1
http://explore-live.wixstudio.com/en-us,1
https://l.ead.me/bfMSbu,1
https://5gfixedip.com.my/comdas/Latest2025.html,1
https://qrco.de/bfQ0R2,1
https://docs.google.com/presentation/d/e/2PACX-1vSUWZxnhAEZkNHNXEWWT0ONZ724yyQdlus7j34q0kAAQxV3i4wlX1ZPSvy1ZcBr6Q2DTUf3hIsqe7eH/pub?start=false&loop=false&delayms=3000,1
https://new.express.adobe.com/webpage/hyxIvo0NBCLrw,1
https://gtefr96d.firebaseapp.com/,1
https://kucooiinnlogin.webflow.io/,1
https://q-r.to/bgZtfg,1
https://docs.google.com/presentation/d/e/2PACX-1vSk9Bhst9TnUz0wTOe7HpwJbPd_4xwLZnXD4wsH8KQMcTi2dTQZRUHsrSsJHy0TUjWJ7k8xVJ4EwpSo/pub?start=false&loop=false&delayms=3000&slide=id.p,1
https://26xmtr6c.r.us-east-1.awstrack.me/L0/https:%2F%2Fbit.ly%2F4cllu6s/1/0100019ca50aab5f-918d3c3f-69a0-4db3-ad45-559a5e713e1c-000000/ahw8Pu5mwivIvQJRZQq9vKvtIWM=467,1
http://verification-email2025.iceiy.com/,1
https://ledggercmsrrt.wixstudio.com/en-start,1
https://flare.shafultonb.com,1
https://ydefgfjfj.weebly.com/,1
https://supportt.pages.dev,1
http://allegro.3029388g910.cfd/,1
https://track-lx92f9.web.app/,1
https://docs.google.com/presentation/d/e/2PACX-1vQdniXRl7akHqSTS4_DZsezysHVLjPm-vHfv8GfD-LPXNi8224QtOE1_bWAORRaoFawEg8LLDRI0ny3/pub?start=false&loop=false&delayms=3000&slide=id.p,1
https://www.ulys-mes-itineraires.com/,1
https://l.ead.me/bfJc7K,1
https://l.ead.me/bfT2Tf,1
https://q-r.to/bgbIFW,1
https://global-bridgelive.wixstudio.com/en-us,1
https://qrco.de/bfNLDb,1
https://new.express.adobe.com/webpage/d9GAYVgKwpajb,1
https://moonshot-listing-yaz.netlify.app/,1
https://docs.google.com/presentation/d/e/2PACX-1vQddIfFm4Af8CT1x9nRmMkOmDIu5Euz5_U3Q4Y1hsD8gYkrnMkmscwISwyQmp0ZBjkPLmIuQVUhSHbj/pub?start=false&loop=false&delayms=3000,1
http://allegrolokalnie.swsi23.lat,1
https://euuomdrtk.firebaseapp.com/,1
https://barsukof.ru/admin/images/sws/,1
https://pub-12f196af38064ec7859c2b86475654b4.r2.dev/cf4t65hfgb89oippopopoppngngt5y5fdvffvhny55yfbvfbt66u63fd34efcdgtcbfb66hfh66hh6bbd.html,1
https://qrco.de/bgaPxp,1
https://allegrolokalnie.1724892v31.click/oferta/Zaglebiarka-Pila-Festool-i-Szyna-Gwarancja-na-Rok,1
https://qrco.de/bgbJTG,1
https://mamoud.ext-345064.pro/captcha.php,1
http://allegrolokalnie.okazja-na-lato-2026-3ne4vn.sbs,1
http://allegro-lokalnie.pl-58918857819.sbs,1
https://new.express.adobe.com/webpage/KDRr8Cvne2Lit,1
https://ipfs.best-practice.se/ipfs/bafybeifktr3xlo4oldjlkxwmygdmo657trkzcjjzzqv37gc74k7ustmorm//w_jha.html,1
https://q-r.to/bfFiJA,1
https://qrco.de/bgb9qM,1
https://21stcenturyequipmentllc.myportfolio.com/,1
https://naiveuae.web.app/,1
https://bit.ly/4f535ch,1
https://view-ndaxx-ca.wixstudio.com/usen,1
https://qrco.de/CgYWeFGmUFOvb1r?userID=LHundgvq,1
https://startoledgr.wixstudio.com/us-en,1
https://bit.ly/3v6D230,1
http://allegrolokalnie.rezerwacja2627.sbs/oferta/hulajnoga-elektryczna-kukirin-g2/806761189,1
https://pub-ef274459d10949fd97210fd6c04d7597.r2.dev/index.html,1
https://sbcglobal-att-signing-faac6c.webflow.io/,1
https://docs.google.com/presentation/d/e/2PACX-1vQoqp4sBg3geVBBvcdugjz55aElVP1o7YQFmR4D3M35Qg_ltaE0wqdph8R9A2YeEUnaoXzpU_PPZZUg/pub?start=false&loop=false&delayms=3000,1
https://pub-7b81229400df4d9889419b2f917f34df.r2.dev/adobe1-v2/adobe-v2.html,1
https://www.sante-reglement.com/,1
https://l.ead.me/bfMfn0,1
https://us5.campaign-archive.com/?u=1c82bdbddc2cc77dab1d97ead&id=871a13b613,1
https://veriflvaasdpsyteiuomrqf.weebly.com/,1
https://bit.ly/3Dx5gHO,1
https://www.dropbox.com/scl/fi/amf9mu6v2mnnb946clni7/Welcome-to-BT-Mail.paper?rlkey=qyezji53gj5w8rtv12pb5hztv&amp;st=m8trte8n&amp;dl=0,1
https://qrco.de/bfOQiE,1
https://myvisionsfedscuonline7g0indexmainvfcuphpvf.weebly.com/,1
https://brt.ecsbsp.click/secure/it,1
https://www.elespanol.com/omicrono/software/20220629/cliente-bbva-cuidado-virus-claves-acceso-cuenta/683931629_0.html?utm_source=chatgpt.com,1
https://docs.google.com/document/d/1zeQoWH-K5JAeKe_sQE9sIHJwCjy8Yw4fLz_L101k3ms/edit,1
https://l.ead.me/bgc2P9,1
http://www.pcn-noticuy.shop/com/,1
https://kjdioerkjeio.weebly.com/,1
https://www.phononlaser.cfd/gatway/check.php?r=,1
https://interpreteri.firebaseapp.com/,1
https://docs.google.com/presentation/d/e/2PACX-1vQuvjEdSrJQP-HFCd1W-LVEHxuo9Kk5gqChAkRzphhJl2VIry0g0kRxcnXCcPwbQ7tTGeQpGW5gqYFI/pub?start=false&amp;loop=false&amp;delayms=3000,1
https://docs.google.com/presentation/d/e/2PACX-1vSOP0yfLMdZEBSOiN0p4j3Gn2fd0WidEPHNxMXng6zLmrkdZxE3P0iTveMySKdefDB44jo7OhzfYPjd/pub?start=false&amp;loop=false&amp;delayms=3000,1
https://did.li/kvich-6,1
https://q-r.to/bfNbZJ,1
https://videottrronn.weebly.com/,1
https://bit.ly/3ys41Yl,1
https://norwaybnkinglogln.weebly.com/,1
https://campsite.bio/attmaillo,1
https://imported-butter-b61.notion.site/Optusnet-Yes-Webmail-2106da9e8e1480f68ae3cf2516a754c0,1
https://siarnessi.weebly.com/,1
https://docs.google.com/presentation/d/e/2PACX-1vTol5JtE-X-HtoUKn5FbquWW0Ow7kNQ18HeDM3EmdTCVwbRxneuSKX_Yin1fo-0nuAZZ9wVj6LWv5N1/pub?start=false&loop=false&delayms=3000&slide=id.p,1
https://sites.google.com/view/btinternetco/home,1
https://startsuit-trezapp.wixstudio.com/en-us,1
https://haliyikamanur.hazirsitem.com/f6c8wp/i/index.php?aXBkYXRhPTYyLjE2NS4yMTMuMCZzdj1nZW5lcmFsJnI9NzImdWlkPVVTRVIyMDA2MjAyNVUyMjA2MjAwNCZzPWxh#ZW1haWxAYWRkcmVzcy5pdA==,1
"https://7dnvo4dwep3l5r86.click.mailersend.net/tl/cws/eyJpdiI6IllocXVRQjNmV2RVdnRnb2d4RHlDMXc9PSIsInZhbHVlIjoiNU9vUnJUS1hjSTNYMjFIN2VGQVF4VzBCdHk0d3NUSmZMK2E3STJKcUtvUVB0M2NlaURkQ3FaekxXcXB4RURxcXNGSEYzQkx3ajFWc0tUU3pRM2g1b1BVdTJxZHNVY1RoOG1nZjN4V2hzbDlmNWFrZnUranhYWTlWeDMzVW84Z3dvZkdOcFBNa29DQ0xzMXdtaUV4cmxBPT0iLCJtYWMiOiI3N2U1ZWRiMmEwZTI2NGQ5Zjk4NzI1NzZmZDRhNTdmYjRkZGQ5MzdhMjZiYjExZjMzZDU5MzI1MGFlZGQ4MWU4IiwidGFnIjoiIn0,",1
https://bafkreiadxxipkfvnuf7p5wq7etjanq6e2g6xqamq6ixd4tz5spql62t3sy.ipfs.dweb.link/,1
https://mn8xt8.webwave.dev/,1
https://www.dropbox.com/scl/fi/3au7yexlo0czv6u6otli4/Your-Latest-Bill-Is-Ready.paper?rlkey=uy4b9orvu1pvqh9ppj5sb6dky&st=s71tohai&dl=0,1
https://docs.google.com/presentation/d/e/2PACX-1vQj3ZXuXYH69IJwBpSXL8eD1TNoYiTpzuPaIvFUUcx0rnCIi4hAIaKHMek1miaCC0d1uedOF3ul0k73/pub?start=false&amp;loop=false&amp;delayms=3000,1
https://www.metamorphicpetrology.cfd/gatway/check.php?r=,1
https://allegro.feiwf7128129.lat/,1
https://skateboard-t36h-er0u.9e192b65d0ce26.workers.dev,1
https://dlszobel-my.sharepoint.com/:w:/g/personal/n2019154_dlszobel_edu_ph/EZeCAA2q-Z1ClEGd2NvKraQBxbEzjie7dkF3lsMvuEc3mA?e=4%3a4CWjQ6&amp;at=9,1
https://protonwebmailauth.m-pages.com/ahJ1Ta/webmailindextrue,1
https://pub-041ebeea6c48441dba71ae73e4d57d8e.r2.dev/index.html,1
https://cpanel-webbhosting.framer.website/,1
https://neat-tangerine-530162.framer.app/,1
https://vbxhdo.weebly.com/,1
https://login.ksszxmy.com/?NH3nYUfgFMgr3QQ122VVx9Pe,1
https://domappcheckomeg22.firebaseapp.com/,1
https://cloud-ed980.firebaseapp.com/,1
https://bov-verify.web.app/,1
https://neartail.com/enable/,1
https://aml-rescan.cc/,1
https://ovhmalign.wixsite.com/my-site-1,1
https://l.ead.me/bgbBPX,1
https://docs.google.com/presentation/d/e/2PACX-1vSORvJ4Lm-9-k4ansAwwhs1zbduzzSLo-X8xIJMGRXWH7NwcRfP4kuoLUDAE_Ytmjh7yWEh6uMzyq57/pub?start=false&amp;loop=false&amp;delayms=3000,1
https://qrco.de/bgc6f9,1
https://sites.google.com/view/update-currently1017/update,1
https://l.ead.me/bg9hRp,1
https://demo3.cloudwp.dev/trial-8x66yv2x/login/ONE/,1
https://brt.gqptxr.click/track-it,1
"https://vk.com/away.php?to=https://daeeim.com/wp-admin/js/api.html?key=%7Brandom_letternumberuplow_5%7D,email=%7Bemail%7D&post=%7Brandom_number_5%7D_1&cc_key",1
https://bit.ly/4g7YbMi,1
https://l.ead.me/bfQVLs,1
https://arretonslechocolat4.com/,1
https://get-ledglivedownld.wixstudio.com/us-en,1
https://hummertrackining.firebaseapp.com/,1
https://www.dropbox.com/scl/fi/dbyogewek1hg8fjhmx6kc/BT-VOICE-MAIL.paper?rlkey=ej8i964t9sjxluxr60qd68a82&dl=0,1
https://q-r.to/bfPHGA,1
https://sebnseto.com/AotaNatoa/,1
https://qopdj.schleifenbach.de/z0fnswjl.html,1
https://update-ledger-live.com/,1
https://allegrolokalnie.3187id.lol,1
https://authtzcmjbvtzmnjymailssocl.firebaseapp.com/,1
https://q-r.to/bgcGWj,1
http://www.pcn-noticug.cyou/com/,1
https://docs.google.com/presentation/d/e/2PACX-1vQxxPaHjBBNg86bHpqZ8Edm7ojYlgEyD-tCR2xXMworBIXKzowrtLKLbL1Eb5N_X6hrZ4s24Z0AEEeo/pub?start=false&amp;loop=false&amp;delayms=3000&amp;slide=id.p,1
https://app-mercadopromo.myshopify.com/products/geladeira-electrolux-frost-free-inverter-410l-efficient-com-autosense-inox-look-if46s?utm_source=organic&amp;amp%3Butm_campaign=&amp;amp%3Butm_medium=&amp;amp%3Butm_content=&amp;amp%3Butm_term=,1
https://q-r.to/bfR1VP,1
https://qrco.de/s237oqk2shh2,1
https://paczka.subyje.shop/payment/106e8b2114c0/millennium,1
https://telllstraaadminnn.weebly.com/,1
https://allegro.3948789g49g34.cfd/,1
http://connecfix.pages.dev/,1
https://tfreawrtdf.weebly.com/,1
https://meatmask-io.wixstudio.com/login-enus,1
https://settingpagepro-supportcenter-confirmrequest-reviewaccount.pages.dev/,1
https://qrco.de/bfJcFX,1
https://legurliveslogi.framer.media/get-started,1
https://t-mobile.rbhfgy.boats/,1
https://q-r.to/bfEoE4,1
https://bit.ly/4c8rknI,1
https://l.ead.me/bfGN0j,1
https://sites.google.com/view/oihcucufdpoi/home?authuser=7,1
https://share.hsforms.com/1dY9GGZ9dQsuX4PM6cWIEQwtf2lj,1
https://qrco.de/bga4ux,1
https://kcmgbaja15.firebaseapp.com/,1
https://zpr.io/5kFYmkuwZidn,1
https://pub-6a9768e0fffb4500b7328515b4979ae4.r2.dev/link1.html,1
http://xylem.ewebtel.com,1
https://yatef.p5yjlf31w6hve12yktuwmenkyz07nk.lat/erneuern.php,1
https://tds67586i7fusryuyiugkj-ys64dufy576uyijt.teemill.com/,1
https://sinclair0054.weebly.com/,1
https://pub-d58576f3726143a2a21716232e171db3.r2.dev/loggwbm/index.html,1
https://pub-339ed1e572c44e38b332b62b38f3360c.r2.dev/EKeN773BJHEB8BY787V8yv88UGugu9GUg99g99.html,1
https://qrco.de/bfYwUB,1
https://docs.google.com/presentation/d/1uT2xk2lyPo51bZEErFaJETc2adljbwuoO5HRGDLOC5c/pub?start=false&amp;loop=false&amp;delayms=3000&amp;slide=id.p,1
https://docs.google.com/presentation/d/e/2PACX-1vTxNfy2WVK-Bk8NpHDzMUpn85We1XnqmCitwYgr0-H744yK8LULEOFCV33yfLAmJjL-QbRr2TqCJSKb/pub?start=false&amp;loop=false&amp;delayms=3000,1
https://q-r.to/bgc41i,1
https://mohitsolanki.com/wp-admin/user/DE49.php,1
https://io-blofimm.wixstudio.com/us-en,1
https://us-live-desktop.wixstudio.com/us-en,1
https://enlace-produ.webcindario.com,1
https://intertransporte.co/0,1
https://report-cdn-426.s3.eu-west-2.amazonaws.com/key/htdikd2n-cus9/load.html,1
https://docs.google.com/presentation/d/e/2PACX-1vTrM6Lw0dsL8EEs0ErVttGKswp3rdBph_1RLmiMu5LN34iTGVCPtbHvEnhi_TGgIawQHCpChsV8g85_/pub?start=false&amp;loop=false&amp;delayms=3000&amp;slide=id.p,1
https://docs.google.com/presentation/d/e/2PACX-1vTTIeR6U3fNG0eWt7ek4GZlHr2JxuB8H3O2DIOecE5A1Si9GSqGot-v88tokFYsx4Bg6d3rCkK9HOZ9/pub?start=false&amp;loop=false&amp;delayms=3000,1
https://login.pv12351.com/?JplD8dY6FytU,1
https://qrco.de/bfGxsw,1
https://sites.google.com/view/invoice-payment-pdf/home,1
https://recovery-acounts-2023.start.page/,1
https://l.ead.me/bfUlMA,1
https://l.ead.me/bfQaSh,1
https://olx.ubnamn.icu/payment/78afb451a9a8/mbank,1
https://mbemailt6jar1m.firebaseapp.com/,1
https://rtyuioplkjhgf-2wns89uj3k.edgeone.dev/2025NewAldomainindex%202.html,1
https://qrco.de/bfQ7kT,1
https://bellmtsberry.weebly.com/,1
https://us17.campaign-archive.com/?u=c75775c1c8bab13816ff3aeda&id=ae51248bae,1
https://qrco.de/bfCFyJ,1
https://booly.kr/AaqYbI1,1
https://docs.google.com/drawings/d/1SW9S953BYvl-TanOS6frMuA2GvCatoZiX0K0juWx-cM/edit,1
https://docs.google.com/presentation/d/e/2PACX-1vQf8cdPZVvqlVQ50niIyn75gtflYhH3UP2TQFaVNuLoWpzXit9sXMbKJB09PW1cByKXFU8Dosemueen/pub?start=false&amp;loop=false&amp;delayms=3000,1
https://qrco.de/bfPVsi,1
https://volny333445.weebly.com/,1
https://pub-f6856f3d88234137bd155e2b201a746e.r2.dev/index.html,1
https://docs.google.com/presentation/d/e/2PACX-1vRxElo2kQLIVrIBmLF3VJ-kjO-V8a4y8jFigJGDRbdhwdCzcQlJUyfYBRWBW4fWDES5fp9ZL_BeP2a_/pub?start=false&amp;loop=false&amp;delayms=3000,1
https://docs.google.com/presentation/d/e/2PACX-1vSP23_9cMMkJQfi3hjSdozrmpyf1XmyJxKgGfH3H-CYoGQjztW5NhYM-gt8jNOFw94nESQBB1aWtxfT/pub?start=false&amp;loop=false&amp;delayms=3000,1
https://vel8xo.cfd/ph2bsfvy/ihJuOh/zAlQEW,1
https://ipfs.best-practice.se/ipfs/bafybeigdvfd5j3rjxhiivbyncyrzls2is66onarxru3o4pgrty3g5d3dv4,1
http://tonkeeper-wallet.vercel.app,1
https://l.ead.me/bfNy1d,1
https://web.tegfnw.top,1
https://web.tegpqu.top,1
https://id.govnnjk.autos/,1
https://office386noctrl.weebly.com/,1
https://q-r.to/bgaHJa,1
https://q-r.to/bfORXU,1
https://vsergsud4.webcindario.com,1
https://tubular-croissant-418564.netlify.app/pass.html,1
https://heatd-south-florida.wixstudio.com/season-9/post/music-s-biggest-night-the-2026-grammy-awards,1
https://sites.google.com/view/vetrf,1
https://docs.google.com/presentation/d/1ajepKtA5JZengL9hyln7ZwApAZXw0aBDAmYVsf4Frlo/pub?start=false&amp;loop=false&amp;delayms=3000&amp;slide=id.p,1
https://q-r.to/bgZWU4,1
http://startedio-trxorapps.wixstudio.com/en-start,1
https://qrco.de/bfSPgU,1
https://l.wl.co/l?u=https://qr-codes.io/AB0Uir,1
http://allegrolokalnie.smar8t473291.shop,1
https://allegrolokalnie.9080771.cfd,1
https://docs.google.com/presentation/d/e/2PACX-1vTJjHZ7ahcrQn77DgUvQCRlkuNw7QCjpjLCeZr0o-mLxUuwEf5DGI0vLA8ia8XOyqs7_EGBOmwBxzTZ/pub?start=false&loop=false&delayms=3000,1
https://track-id2012.firebaseapp.com/,1
https://9013351951-1.github.io/8066237985/,1
https://q-r.to/bgZu1X,1
https://bit.ly/40flHBo,1
https://docs.google.com/presentation/d/e/2PACX-1vQQFj3otpAmc5rbnVHJPywI_G7-8lkgwsAf8TsJPm4LNCjTkc9S8UeWy90j4mOc-dNdujhrN4mQ2nW2/pub?start=false&amp;loop=false&amp;delayms=3000&amp;slide=id.p,1
https://qrco.de/bfNxE7,1
https://prime-espacesuivi.com/signin?email=albert.benoit@laposte.net&amp;token=lqbmieq4ws1pguhj6rdjx1s3o8q9o6tb2mcpmdf2hvasgsikm0ywyu6kw3ofk3p2&amp;downdate=19&amp;amount=414.72&amp;identity=albert%20benoit,1
https://l.ead.me/bgaLI6,1
https://pub-bbd27a63902048e7a8a9bc25a437a6b5.r2.dev/index.html,1
https://moh-gov-sa.weebly.com/,1
https://us14.campaign-archive.com/?u=bdd51ee9cfedf8e1d6cb492d1&id=0010e7463e,1
https://etherfiwestx.pages.dev/,1
https://apps-ldgerscom.wixstudio.com/en-us,1
https://new.express.adobe.com/webpage/hdAZeSYqVRx4L,1
https://l.ead.me/bfgBVj,1
https://sdfpozimmbra.weebly.com/,1
https://denewpolstle.firebaseapp.com/,1
https://docs.google.com/presentation/d/e/2PACX-1vTUXmwiiOb1on_uEx477qeBexz1CuiOOHzJRV86uddPA7PDu3gvfVgu_2mw6ZeWMa5FS1qiPbQ2VuXp/pub?start=false&loop=false&delayms=3000&slide=id.p,1
https://fatima.urge5718504.pro/,1
https://cebjiankb4.firebaseapp.com/,1
https://visit-trezio.wixstudio.com/start-en,1
http://43.156.0.130/InteractiveLogin?continue=https://accounts.google.com/&amp;followup=https://accounts.google.com/&amp;passive=1209600&amp;ifkv=AQMjQ7TPKu6R4w93VRXMPKeD3zeOl4EoNrOdcsDBPMv7m30JK47iKcBvHB2Y608BaGxX8bX4kwt6sA,1
https://pub-fef8bdba603a46c39471413126c057ed.r2.dev/index.html,1
https://csrdms6s468.cpkkuhost.com/build/npm/,1
https://consent.orange.fr/global-cookies/1ede4bb66a8455a4eb47892198bd0d2344f0602d/global-cookies.1ede4bb66a8455a4eb47892198bd0d2344f0602d.html,1
https://gidadudic.z38.web.core.windows.net/,1
https://tx.tgvbfee.cyou/,1
https://qrco.de/bfJh3b,1
https://docs.google.com/presentation/d/e/2PACX-1vSgau_ddjkjPvmW2iQYUEoCa7UbwvPIwSjS4UTSsWMwKPUdXN5yJ6QeJkTgk4g-8Pt67HvTfcMMimhX/pub?start=false&amp;loop=false&amp;delayms=3000,1
https://www.surveymonkey.com/tr/v1/te/1gqJKDjWlUxZUp3qWDxYbtqkJ6ppvpYlIXRabhq_2F9ETeA9U4JbnX5mX9HThqPVQgezb8UJwf2eTShlYAAdMB5ExSTl8AT3bY0gvXwRzUx88Iq9elSdvSYDa2_2BqnQf96UHxLRwBPUCYLsZsjCL0q75ThNjbeCVPoeQP0ElC1cPaP_2F1jCuzZLocF2kTVtuirNP,1
https://xfinity-20266.weeblysite.com/,1
https://www.unlockon.com/js/en/N/login,1
https://confr-16343.firebaseapp.com/,1
https://desktop-clienten.wixstudio.com/en-us,1
https://docs.google.com/presentation/d/e/2PACX-1vSqS8kKKGdQRRenITZw14GRetFfT2arLtLczm-GwcRRv9pfKpTn5BAPCbhGw-Layi59Z9fgzJUu1rpr/pub?start=false&loop=false&delayms=3000,1
https://t.co/uOfwnNn73A,1
https://alo792153fa77793f157de6ce7c33.pages.dev/,1
https://bradesco.acesso-empresas.digital/,1
https://qrco.de/bgZtbK,1
https://vided-s.web.app/,1
https://validation-espace.bolt.host/,1
https://l.ead.me/bfNy3O,1
https://l.ead.me/bfjwca,1
https://gov-zxv.help/,1
https://q-r.to/bgaZ6B,1
https://2fhb0c.share-eu1.hsforms.com/207DmM6J_TwqosIcAwMrwMw,1
https://l.ead.me/bfJngA,1
https://srmjzlnmxmy.top/jp,1
https://login-raiffeisen-ebanking.firebaseapp.com/,1
https://mof-gov-71fd1.web.app/,1
https://app-id6016.firebaseapp.com/,1
https://q-r.to/bfVSKC,1
https://thechaddingfr.web.app/,1
https://thombansen-classic.infra-struktur.eu/webmail/shorturl.at/i8kT7?HVM8V3TM3M43484JV3T7VTV4V8VT88VVBB38834835VU7TT3V3J37,1
https://pub-14c0800ee11d402ba126f997004184c2.r2.dev/link5.html,1
https://reim-weib-hr.github.io/turbo-telegrampoiuytrretyuiopkiouytrefghjkytdcgvhbnmoiuytr/,1
https://qrco.de/bfUXn3,1
https://qrco.de/bfLOwC,1
https://helpid9355723849185962816.firebaseapp.com/,1
https://www.secureactivitysett726411.li/,1
https://zacharylipez.ghost.io/let-patrick-bateman-enjoy-things/,1
https://q-r.to/bgbTb6,1
https://qrco.de/bfJwEC,1
https://us18.campaign-archive.com/?u=d9a7428506dcda5ee3347bd26&id=0aa25064ce,1
https://docs.google.com/presentation/d/e/2PACX-1vSElBhH1togrbP3l0RfvU2pFoEVXLt9G2hCfRw6Kgt-0dZMMdWeIXfcFp87t8SNX-ARpdr9nehQo_lx/pub?start=false&amp;loop=false&amp;delayms=3000,1
https://startsio-suiteapps.wixstudio.com/us-en,1
https://l.ead.me/bfHhyn,1
http://irit.rastamojim.ru/anhupvr/zfvanqs/nrawbyg/c/his/?email=,1
http://surl.li/kmzltu,1
https://tribelio.page/security1st-business,1
https://welox.weebly.com/,1
http://intechopen.com//minsundhed-konto-dk.com/,1
https://qrco.de/bgbYPZ,1
https://liveledgr.framer.media/us-en,1
https://qrco.de/bgbolK,1
https://new.express.adobe.com/webpage/oR8qOtZXpCBH1,1
https://lookerstudio.google.com/reporting/fb82abab-6244-4677-8111-9c48dd4c962d,1
https://worldmvps.com/dmmf/,1
http://allegro-lokalnie.oferp7283501.lat,1
https://reload-page-10002546451.web.app/,1
https://www.dropbox.com/scl/fi/caj1kcxvud0i8vwngag3m/BT-NEW-VOICEMAIL-RECORD.papert?rlkey=jpp6b2c60v17t21v27q5zqqqi&dl=0,1
https://2ww.me/5jgL6,1
https://new.express.adobe.com/webpage/gVATlQmNvstoU/,1
https://prime-2340.com/signin,1
https://fpostlecers.firebaseapp.com/,1
https://q-r.to/bgaOvu,1
https://rp.mockplus.com/rps/iKvBgvofKU,1
https://qrco.de/bfVwdC,1
https://promericaweb-iota.vercel.app/?gad_source=1&amp;gad_campaignid=22814035585&amp;gbraid=0AAAABAdl_B-WgX4cpvKwDLtaAsCz-NN95&amp;gclid=EAIaIQobChMI2o7widrQjgMVHzcIBR2TZB8cEAMYASAAEgJ8YfD_BwE,1
https://mars-2m7j9.pro/,1
https://allegro-lokalnie.prywatn482392.lat/,1
https://so-net-ne-jp.duckdns.org/,1
https://q-r.to/bgbCF7,1
https://www.google.com/url?q=https://radiorps.com/jbbk/?i%3Di%260%3D%5B%5B-Email-%5D%5D&amp;source=gmail&amp;ust=1636161528737000&amp;usg=AFQjCNHzOFLoEB80ZWaLQzzEawTDT_zhsg,1
https://utp-ac-de-panama.weebly.com/,1
https://mocarfeu.web.app/,1
http://bit.ly/SubmittedLoans,1
https://docs.google.com/presentation/d/e/2PACX-1vSa1M5s2gvqFWqYU0e83BYzuewdoWFUAHiI31VVTHeYwIn0qunKqF9CIEQGPauZW8ccDVz3NUb1c5vP/pub?start=false&amp;loop=false&amp;delayms=3000,1
https://qrco.de/bfL6ex,1
https://pozosdeagua.eu/,1
https://qrco.de/bgbH2Z,1
https://pub-01bdbf8de69b4f43bd79471820b70760.r2.dev/index.html,1
https://docs.google.com/presentation/d/e/2PACX-1vSnpPFoUgzfZs2jKH8h3lxs4ylJXkgbPvTUSwg5iAYBUkABYEu9Juh3cgOVgz87OKEMuhKzGwK_0eEe/pub?start=false&loop=false&delayms=3000&slide=id.p,1
https://apptuts.bio/detalhamentosluiza?gclid=EAIaIQobChMI8KinhOO2_QIVzylMCh1KoQmjEAAYAyAAEgJElPD_BwE,1
https://docs.google.com/presentation/d/e/2PACX-1vQrngNVjb3lI0JeDWYgbLlfwLD9dweJjFwLPKa6_i-2yduWeTOeZUdXsNqcClKlwqXCJlmdS_r05WkA/pub?start=false&amp;loop=false&amp;delayms=3000,1
https://docs.google.com/presentation/d/e/2PACX-1vTvkkYlikv3n1REHT37WgYvWkDHuTBm9L8hvU_TcFTpIVcSKMiPUow2hM8YC_QPLINCEbtJxa8naExf/pub?start=false&amp;loop=false&amp;delayms=3000&amp;slide=id.p,1
https://frontiermail.ukit.me/,1
https://registro-digital-2026-amnj.cr-web.workers.dev/servicios,1
https://q-r.to/MICR0S0FT,1
https://tinyurl.com/yv9xtnp8,1
https://q-r.to/bgaMja,1
https://wahtatsrapp-cs.io/,1
https://qrco.de/bfDClx,1
https://ofertassemanais.vercel.app/ofertas/,1
https://sp502872.sitebeat.crazydomains.com/,1
https://oyster-app-gm48s.ondigitalocean.app/,1
https://startinledzer-cdn.wixstudio.com/us-en,1
https://nj.gov-eac.help/,1
https://maxisxi.ltd/mymaxis,1
https://us19.campaign-archive.com/?u=90f14327d247a1d5aa5a01e17&id=d8a10b6c27,1
http://www.bioinformatics.org/textknowledge/lineage.php?taxid=%22%2F%3E%3Cimg%20src%3D%22https%3A%2F%2Fgoogle.com%2FwuPJvbmJD01Qu.jpg%22%20onerror%3D%22window.location%3DdecodeURIComponent%28atob%28%27Njg3NDc0NzA3MzNhMmYyZjY0NjI3MTY0NzUyZTczNzA2MTcyNmI2MTczNzM2NTJlNzc2NTYyNzM2OTc0NjU%3D%27%29.replace%28%2F%28..%29%2Fg%2C%20%27%25%241%27%29%29%3B%22%3E,1
https://l.ead.me/bfKAWe,1
https://83766555.weebly.com/,1
https://qrco.de/bgae3R,1
https://wwxhajudjgwjklckvzgs9.firebaseapp.com/,1
https://share-na2.hsforms.com/1iwwSoqHiQnG5V3lAX8oOuA40cy6x,1
https://zambelemeanzambelemen.firebaseapp.com/,1
https://qrco.de/bgaVCs,1
https://qrco.de/bgcLep,1
https://platformlivestarts.wixstudio.com/eng-us,1
https://btcomms.daftpage.com/,1
https://en-ledgrcdn.wixstudio.com/en-live,1
https://docs.google.com/presentation/d/e/2PACX-1vTw4dulaj0zqKTiUyuLCGCnDcJxtbke__2zIyobgh2eDROLAqICx1qaBUVQx8EIDtTpZrs2tYnJ2fei/pub?start=false&amp;loop=false&amp;delayms=3000&amp;slide=id.p,1
http://trezor-walet.wixstudio.com/home,1
https://bit.ly/4iho65I,1
https://laslobit.net/,1
https://secure.myoptusbillpay.com/my-account-login/,1
https://bafkreibchf5bdqgzfbf65wghl4hbj5smxw2yirwmssk4tg64oce546u2by.ipfs.dweb.link/,1
https://gescontsnc.wixsite.com/tl2432,1
https://bafkreifjp5kj5fbvnr3gi6mn6knazqk2wcyk3jqlu2xflrmf5wmwmse264.ipfs.dweb.link/,1
https://qrco.de/bfRdkn,1
https://www.dpdlocakt.shop/com/,1
https://docs.google.com/presentation/d/e/2PACX-1vRzdlFAwRAbYTvufxeo-QcS0XWufrOeBdhWfaToxWeqoFNtMwsGJCxo26T4DA0ugvJNeCOMeSc7nqwP/pub?start=true&amp;loop=true&amp;delayms=3000,1
https://pay.carrinho-shoope.shop/BNjzgPAyraR3M78?utm_source=organic&amp;amp;utm_campaign=&amp;amp;utm_medium=&amp;amp;utm_content=&amp;amp;utm_term=,1
https://pub-58266b42df944aca96ddb1cb09d9b9b7.r2.dev/abotcs.html,1
http://trziostaets.wixstudio.com/eng-un,1
https://suitapps.wixstudio.com/login,1
https://1l7yc.trk.elasticemail.com/tracking/click?d=ou7FtCqNF9TUKf-IMxhg7c4xeOyGoDqKA4O6Uhk6cq5chXrp8XYsILpoIvz23_JF4EkuDe1WHqARMD8wv0aUOXmv5am5_d6HJOvO9XlEIuXnREaquagq5YLG-2SmWOXeVMutwgG5XjITrU_zgZs3F7_5WppdL0obYuFPCxSkQ5ZY0M9MfX2vmo13fl2ByDRwN3lulPS9qG40iIKR3ZCaDls1#cmljaHRlckBteXJydC5kZQ=,1
https://computedolloldfr.firebaseapp.com/,1
https://livedesktop-enus.wixstudio.com/en-us,1
https://pub-cb3eab88afbf444eb70e2fecc36e2ee9.r2.dev/index.html,1
https://aaaaaaaaaa.myportfolio.com/,1
https://rmyocsv.top/log.php,1
https://jupiterswap.wixstudio.com/us-en,1
https://web.tegjkt.top,1
https://new.express.adobe.com/webpage/bDguZy3sn0KTX,1
https://qrco.de/bgcCbG,1
https://homepagebridgeapp.wixstudio.com/us-en,1
https://www.sprava-predplatneho.com/captcha,1
https://share-eu1.hsforms.com/1v7_FRc28QUSkdnVD6S6lEA2fh1jw,1
https://qrco.de/bfECcM,1
https://nodexprotocol.firebaseapp.com/,1
https://pub-f728830ad94042c18a41df8041e0e973.r2.dev/index.html,1
https://docs.google.com/presentation/d/e/2PACX-1vQEUUY5h9eFK7D3XD9wTxP9niHedK2Fzh-vs6fibVYHKBnSwErbCoJ-KqQhN8mWSi1JsJCNoLNeejdc/pub?start=false&amp;loop=false&amp;delayms=3000,1
https://ledgstart-eng.wixstudio.com/about,1
https://us5.campaign-archive.com/?u=bdc5f73edfa4cf540c9da1454&id=61ee07213b,1
https://bit.ly/3WAT9iN,1
https://hjvillakmms.weebly.com/,1
https://docs.google.com/presentation/d/e/2PACX-1vSd2kgD9d1UbcoMS92ziciHfKRKY9mCwNeGkfsWhwcS3inEQBwOAoNQM2ZY-XGGzP3s2z8k53wpGhRb/pub?start=false&loop=false&delayms=3000&slide=id.p,1
https://web.tegalg.top,1
https://support-relay-livraison.com/,1
https://sportybetadder001.weebly.com/,1
http://pdf-online-sundae-e445e5.netlify.app/,1
http://apple204797a7901743bf88326c2be2d7806e.4fvj23.cn/apple006ca8aaa93347169e3182159b5d3d41,1
https://l.ead.me/bgcdNu,1
https://programmation-relance.com/,1
https://linkin.bio/ferjeje,1
https://docs.google.com/drawings/d/1uoRQF7HYqe8e78BoTPvZLqBiLJuy3T4DWqIYX89PU_o/edit,1
https://docs.google.com/presentation/d/e/2PACX-1vTX1tZgMjK5C2Ezqe10C5rDmYIJPrVi7LtT7MzNAOFrwoCnEQH6WljKMtLuTUwn9g2n9xlgMakdCKPS/pub?start=false&amp;loop=false&amp;delayms=3000,1
https://madarat-rp.com/web1/pages/,1
https://74.48.45.83/,1
https://wrio010.pro,1
https://fine-begin-674537.framer.app,1
https://new.express.adobe.com/webpage/HEKD5exhqmPoF?_gl=453454,1
http://optikgeneral.com/Webmail/28/Webmail/webmail.php,1
https://reviewfile-document.myportfolio.com/,1
https://docs.google.com/drawings/d/1GOD9dBMLWHeKoMZtqFvez16bnFBcDq_R4S2Y4cbdtmQ/edit,1
https://dappsappplug.web.app/,1
https://ogbbfofdfskidshjhjhjhj.weebly.com/,1
https://th1405.craftum.io/,1
https://l.wl.co/l?u=https://qrco.de/bf5A8VSCkmascuuasdwetwrcaxza,1
https://mailadminportal.weebly.com/,1
https://lit-software-services.firebaseapp.com/,1
http://www.pcn-noticir.shop/com/,1
https://michel.suiv-expd001.pro/,1
https://did.li/k9u6q,1
https://bit.ly/4gEYs9E,1
http://allegro.pl-73573424264.xyz,1
https://froilabodragon.com,1
https://qrco.de/bgc7TH,1
https://basinenvironmental-services.myportfolio.com/,1
https://sites.google.com/view/publier5,1
http://bafkreiczaurhlziqsooqzvnp2cdlqemoaav7gx2b2z6fydce2xwb5cdjfm.ipfs.dweb.link/,1
https://powr.io/media-gallery/i/41161524,1
https://detectioncenter-case100052351.firebaseapp.com/,1
https://suiteapps-io.wixstudio.com/en-us,1
https://empresasjuridica.kinghost.net/?+++++++++++++++++++++++++++++++&amp;utm_source=perpetuo&amp;utm_medium=cpc&amp;utm_campaign=google&amp;utm_content=pesquisa&amp;utm_term=atendimento&amp;gad_source=1&amp;gad_campaignid=23468971370&amp;gbraid=0AAAABCXjsalzrrldA-QOeQLzP0i39fRoU&amp;gclid=EAIaIQobChMI0_WSx8WskgMV1kNIAB2VmyuoEAAYAiAAEgLMg_D_BwE,1
https://moulaga.urge284671.pro/captcha.php,1
https://searchdestatus.com/,1
https://qrco.de/bgbmil,1
https://mssg.me/globaluniversaltime,1
https://ameli-assurances-sante.com/?useremail=rolp@dmr.ms.gov,1
https://l.ead.me/bfJYSC,1
https://ydsgshs.weebly.com/,1
https://pub-f5d1015b73d148999bf5ca9d20a86ec5.r2.dev/link.html,1
https://qrco.de/bfK66u,1
https://odstraszacz-szkodnikow-pl.com/,1
https://qrco.de/bfKL5S,1
https://srramumksh.vercel.app/,1
https://att-user-y6fhvrerdgdgd4s.boxmode.io/,1
https://portaili.github.io/micrcosoft.github.io/,1
https://bit.ly/lnversionBancoIombia,1
https://540qkoz4qdqpx-pages-dev.translate.goog/site4.sbisec.co.jp.html?_x_tr_sch=&amp;_x_tr_sl=monex&amp;_x_tr_tl=ja,1
https://attmember.onepage.me/,1
https://cred-produbanco.webcindario.com/,1
https://ingresonlinegalicia.myportfolio.com/,1
https://l.ead.me/bgbEXv,1
